round,mu,round_task_loss,round_proximal_penalty,round_total_loss,round_weight_mass,val_loss,accuracy,balanced_accuracy,macro_precision,macro_recall,macro_f1,weighted_f1,macro_pr_auc,worst_class_f1,worst_class_recall,precision_c0,recall_c0,f1_c0,support_c0,predicted_count_c0,precision_c1,recall_c1,f1_c1,support_c1,predicted_count_c1,precision_c2,recall_c2,f1_c2,support_c2,predicted_count_c2,precision_c3,recall_c3,f1_c3,support_c3,predicted_count_c3,precision_c4,recall_c4,f1_c4,support_c4,predicted_count_c4,precision_c5,recall_c5,f1_c5,support_c5,predicted_count_c5,precision_c6,recall_c6,f1_c6,support_c6,predicted_count_c6,precision_c7,recall_c7,f1_c7,support_c7,predicted_count_c7,precision_c8,recall_c8,f1_c8,support_c8,predicted_count_c8,precision_c9,recall_c9,f1_c9,support_c9,predicted_count_c9,train_loss_client_0,train_proximal_penalty_client_0,train_total_loss_client_0,train_weight_mass_client_0,train_accuracy_client_0,train_samples_client_0,train_batches_client_0,update_l2_client_0,train_seconds_client_0,train_loss_client_1,train_proximal_penalty_client_1,train_total_loss_client_1,train_weight_mass_client_1,train_accuracy_client_1,train_samples_client_1,train_batches_client_1,update_l2_client_1,train_seconds_client_1,train_loss_client_2,train_proximal_penalty_client_2,train_total_loss_client_2,train_weight_mass_client_2,train_accuracy_client_2,train_samples_client_2,train_batches_client_2,update_l2_client_2,train_seconds_client_2,train_loss_client_3,train_proximal_penalty_client_3,train_total_loss_client_3,train_weight_mass_client_3,train_accuracy_client_3,train_samples_client_3,train_batches_client_3,update_l2_client_3,train_seconds_client_3,train_loss_client_4,train_proximal_penalty_client_4,train_total_loss_client_4,train_weight_mass_client_4,train_accuracy_client_4,train_samples_client_4,train_batches_client_4,update_l2_client_4,train_seconds_client_4,round_train_seconds,aggregation_seconds,fl_round_seconds,validation_seconds,round_total_seconds,round_orchestration_seconds
1,0.0001,1.8512172409489047,0.0001240319893213572,1.851341068715053,1673190.96875,1.8970398480492197,0.9594078239090539,0.39532615217069234,0.20384578546952334,0.39532615217069234,0.23066790043002242,0.9617885488457864,0.28219760484876966,0.0,0.0,0.9974394141850568,0.9843501295442135,0.9908515459396243,344284,339766,0.11466666666666667,0.7478260869565218,0.19884393063583816,345,2250,0.0,0.0,0.0,325,0,0.078125,0.03452243958573072,0.047885075818036714,869,384,0.40948334932163905,0.6313120642298753,0.4967581047381546,4733,7297,0.0,0.0,0.0,3347,0,0.3982822085889571,0.6533816425120773,0.4948925141027596,2484,4075,0.0,0.0,0.0,1917,0,0.040461215932914046,0.9018691588785047,0.0774478330658106,214,4770,0.0,0.0,0.0,24,0,1.9579895734786987,4.541794987744652e-05,1.9580345153808594,330672.28125,0.03164318948984146,183357,45,1.388234123144945,0.7238837499971851,1.3700426816940308,0.0004025980888400227,1.3704453706741333,344851.0,0.9249920845031738,901585,221,4.015925960172436,3.4730340000023716,1.9358183145523071,6.689540896331891e-05,1.9358848333358765,433780.9375,0.03573276102542877,222317,55,1.8275471654420636,0.881476084003225,2.0355801582336426,6.894897524034604e-05,2.035649061203003,283628.4375,0.20307289063930511,268997,66,1.7452822587425052,1.058407750002516,1.9997872114181519,1.819948374759406e-05,1.9998053312301636,280258.3125,0.029463041573762894,96935,24,0.8690206833384803,0.3938875000021653,6.530689084007463,0.0012567090016091242,6.531945793009072,1.5317584160002298,8.063704209009302,0.023204206991067622
2,0.0001,1.5019577582182189,6.989647153613429e-05,1.502027553753161,1673190.84375,1.6511499838635104,0.9612095654065632,0.4074238450810549,0.2783587928032178,0.4074238450810549,0.2422223005240939,0.9636861916996372,0.3294861247206231,0.0,0.0,0.9998140600143439,0.9839434885152956,0.9918152899343144,344284,338819,0.12075298438934802,0.7623188405797101,0.2084819659135949,345,2178,0.058823529411764705,0.05846153846153846,0.05864197530864197,325,323,0.07086614173228346,0.020713463751438434,0.032056990204808546,869,254,0.4522270114942529,0.798013944643989,0.5773022544898739,4733,8352,0.6666666666666666,0.0005975500448162533,0.0011940298507462687,3347,3,0.37456886640607034,0.6557971014492754,0.4768037465242207,2484,4349,0.0,0.0,0.0,1917,0,0.039868667917448405,0.794392523364486,0.07592675301473872,214,4264,0.0,0.0,0.0,24,0,1.5700024366378784,3.686116906465031e-05,1.5700392723083496,330672.25,0.8503520488739014,183357,45,1.1759406857735035,0.6736760000057984,1.0847541093826294,0.0001531612651888281,1.0849074125289917,344851.09375,0.9794939160346985,901585,221,2.583852190772938,3.4151242500010994,1.5383191108703613,7.213924982352182e-05,1.538390874862671,433780.84375,0.6893579959869385,222317,55,1.6591495210308767,0.8263016249984503,1.6776816844940186,5.5096421419875696e-05,1.677736520767212,283628.34375,0.9453153610229492,268997,66,1.5575500671131517,0.9886656669987133,1.7009153366088867,1.7925638530869037e-05,1.7009333372116089,280258.3125,0.8518078923225403,96935,24,0.7838436180917329,0.38227008300600573,6.286037625010067,0.0012125829962315038,6.287250208006299,1.5270734579971759,7.8143236660034745,0.020636874993215315
3,0.0001,1.351601538340426,8.410621222760228e-05,1.3516857524212482,1673191.09375,1.5357973787928545,0.9600465217464063,0.45863390739447374,0.2925030827676896,0.45863390739447374,0.2769944792013842,0.9639156950363504,0.3433211520310989,0.0,0.0,0.9998641585210998,0.983443900965482,0.9915860562237705,344284,338630,0.10902255639097744,0.1681159420289855,0.1322690992018244,345,532,0.09467455621301775,0.5907692307692308,0.16319592010199746,325,2028,0.06382978723404255,0.01380897583429229,0.02270577105014191,869,188,0.47504047490555856,0.7439256285653919,0.5798270893371757,4733,7412,0.5,0.00179265013444876,0.003572491813039595,3347,12,0.4482758620689655,0.6541867954911433,0.5320019643149452,2484,3625,0.0,0.0,0.0,1917,0,0.034323432343234324,0.9719626168224299,0.06630538731271916,214,6060,0.2,0.4583333333333333,0.27848101265822783,24,55,1.4367952346801758,3.169454066664912e-05,1.436827301979065,330672.3125,0.9000310897827148,183357,45,0.9809008373838641,0.703534917003708,0.9912152290344238,0.00026294298004359007,0.991477906703949,344851.0625,0.9742786288261414,901585,221,2.8311103290302118,3.40123691700137,1.3523426055908203,5.304670048644766e-05,1.35239577293396,433780.96875,0.8664564490318298,222317,55,1.4612147156199515,0.8054406250012107,1.4994962215423584,4.234336665831506e-05,1.4995388984680176,283628.40625,0.9510775208473206,268997,66,1.275031546376003,1.0364518329952261,1.5437092781066895,1.6230256733251736e-05,1.5437254905700684,280258.34375,0.8881415128707886,96935,24,0.7477740364159989,0.35215066700038733,6.298814959001902,0.0010263340009259991,6.299841293002828,1.5336646659998223,7.83350595900265,0.02294491599604953
4,0.0001,1.2797715883943541,4.72201942105684e-05,1.2798188222418492,1673191.03125,1.4752430663047942,0.9610282756274021,0.4629617549923955,0.2696917576588615,0.4629617549923955,0.2452032609546834,0.9643755209614849,0.3567731353937213,0.0,0.0,0.9998878549906005,0.9840974311905287,0.9919298055570601,344284,338847,0.10018281535648994,0.7942028985507247,0.17792207792207793,345,2735,0.0,0.0,0.0,325,59,0.1509433962264151,0.018411967779056387,0.03282051282051282,869,106,0.48612786489746684,0.766321571941686,0.5948827292110874,4733,7461,0.4444444444444444,0.0011951000896325067,0.0023837902264600714,3347,9,0.4551569506726457,0.6537842190016103,0.5366820885657634,2484,3568,0.0,0.0,0.0,1917,0,0.038938728765031495,0.9532710280373832,0.07482119933981295,214,5239,0.021235521235521235,0.4583333333333333,0.04059040590405904,24,518,1.3645495176315308,4.826526856049895e-05,1.3645979166030884,330672.28125,0.9087626934051514,183357,45,1.1665739315470722,0.6718025829977705,0.9272937774658203,7.669237675145268e-05,0.927370548248291,344851.0625,0.9780142903327942,901585,221,1.7671367831925096,3.4105417499959003,1.2721461057662964,4.896723112324253e-05,1.2721951007843018,433780.96875,0.900628387928009,222317,55,1.429305375017349,0.8307925839981181,1.421082615852356,4.15899557992816e-05,1.4211242198944092,283628.375,0.9522559642791748,268997,66,1.3489269266321828,1.011749499994039,1.4822512865066528,1.2716222045128234e-05,1.4822636842727661,280258.34375,0.9014184474945068,96935,24,0.6931505998750864,0.352985459001502,6.27787187598733,0.00127891699958127,6.279150792986911,1.543087165999168,7.822237958986079,0.021241832015221007
5,0.0001,1.2294663252805376,6.194151969245409e-05,1.229528108427705,1673190.90625,1.47382869326723,0.9607103212454887,0.471567470216775,0.2956380047604829,0.471567470216775,0.25067763701762924,0.9645060735499258,0.36131042817451514,0.0,0.0,0.9999114618533395,0.9840916220329727,0.9919384706369735,344284,338837,0.09928848641655887,0.8898550724637682,0.17864416642420716,345,3092,0.0,0.0,0.0,325,0,0.1360544217687075,0.023014959723820484,0.03937007874015748,869,147,0.5067754626256739,0.734840481724065,0.5998620213866851,4733,6863,0.6666666666666666,0.0005975500448162533,0.0011940298507462687,3347,3,0.4664941041127409,0.6529790660225443,0.5442039926186881,2484,3477,0.0,0.0,0.0,1917,0,0.03535611082780894,0.9719626168224299,0.06823027718550106,214,5883,0.04583333333333333,0.4583333333333333,0.08333333333333333,24,240,1.311911702156067,2.7424879590398632e-05,1.3119393587112427,330672.28125,0.9292800426483154,183357,45,0.9783091403386476,0.6807512079976732,0.8994632959365845,0.00017487682634964585,0.8996378779411316,344850.96875,0.9787462949752808,901585,221,2.320909962653186,3.3943918340009986,1.2027078866958618,4.505612378125079e-05,1.2027525901794434,433780.9375,0.9172757863998413,222317,55,1.2551178322479015,0.8242122079973342,1.3537155389785767,3.601885327952914e-05,1.3537514209747314,283628.34375,0.955597996711731,268997,66,1.2311770780778866,1.056029417006357,1.4539240598678589,1.6072464859462343e-05,1.4539400339126587,280258.375,0.9074224829673767,96935,24,0.742194176003898,0.3882390829967335,6.343623749999097,0.0012496670024120249,6.344873417001509,1.5435627499973634,7.888436166998872,0.020575083006406203
6,0.0001,1.1977194212181776,3.7525460558729064e-05,1.1977569991171435,1673190.9375,1.430540569302796,0.9613406518622644,0.4751772964041713,0.2636035435025852,0.4751772964041713,0.26067599931765006,0.9654232354568469,0.3643434284978365,0.005109862033725089,0.0026082420448617634,0.9999055712936733,0.9842107097628702,0.991996065366442,344284,338880,0.09811320754716982,0.9043478260869565,0.17702127659574468,345,3180,0.009316770186335404,0.009230769230769232,0.00927357032457496,325,322,0.09467455621301775,0.018411967779056387,0.030828516377649325,869,169,0.5191256830601093,0.7426579336572998,0.6110917941585535,4733,6771,0.23622047244094488,0.044816253361219,0.07533902561526871,3347,635,0.46701238836070297,0.6525764895330113,0.5444164567590261,2484,3471,0.125,0.0026082420448617634,0.005109862033725089,1917,40,0.0413992962119644,0.9345794392523364,0.07928642220019821,214,4831,0.04526748971193416,0.4583333333333333,0.08239700374531835,24,243,1.289560317993164,2.5311681383755058e-05,1.2895855903625488,330672.3125,0.9339921474456787,183357,45,1.0143728838944501,0.7337819169988506,0.8565600514411926,5.4372725571738556e-05,0.8566145300865173,344851.0,0.9797811508178711,901585,221,1.4544637567142118,3.6841735420020996,1.1605315208435059,4.656143210013397e-05,1.1605781316757202,433780.90625,0.9246841073036194,222317,55,1.2713139506945654,0.9021830830024555,1.3197476863861084,3.674697654787451e-05,1.3197842836380005,283628.375,0.956824779510498,268997,66,1.1241518998665938,1.0481740420000278,1.4432096481323242,1.8008222468779422e-05,1.443227767944336,280258.34375,0.9113633036613464,96935,24,0.7310924157793186,0.359556249997695,6.727868834001129,0.0012048330027027987,6.729073667003831,1.5962518749947776,8.325325541998609,0.02156837400252698
7,0.0001,1.1691651205472597,4.1799375208213e-05,1.169207050158816,1673191.03125,1.4186362580422218,0.9618873102732735,0.4695890032539734,0.3224987082643985,0.4695890032539734,0.2516625880908196,0.9656188981165101,0.3748284786883464,0.0,0.0,0.999905644799849,0.9849775185602584,0.992385445138332,344284,339144,0.06839772007599747,0.9391304347826087,0.12750885478158205,345,4737,0.6,0.009230769230769232,0.01818181818181818,325,5,0.07394366197183098,0.024165707710011506,0.03642671292281006,869,284,0.5271747267555024,0.7439256285653919,0.6170697511391517,4733,6679,0.4222222222222222,0.028383627128772036,0.05319148936170213,3347,225,0.46530963302752293,0.6533816425120773,0.543536503683858,2484,3488,0.0,0.0,0.0,1917,0,0.053763440860215055,0.7710280373831776,0.10051781906792567,214,3069,0.014270032930845226,0.5416666666666666,0.027807486631016044,24,911,1.235482096672058,1.96872279047966e-05,1.235501766204834,330672.21875,0.9356173872947693,183357,45,0.830315170100739,0.7045508330047596,0.829652726650238,7.503748929593712e-05,0.8297279477119446,344851.09375,0.979521632194519,901585,221,1.562576887205965,3.489702042003046,1.1542097330093384,4.770668601850048e-05,1.1542576551437378,433781.0,0.9238204956054688,222317,55,1.1526912165350574,0.8748925000036252,1.3029628992080688,4.422304846229963e-05,1.3030073642730713,283628.34375,0.9574233293533325,268997,66,1.2512845275231543,1.0232324169992353,1.3964216709136963,1.5394352885778062e-05,1.3964370489120483,280258.375,0.913209855556488,96935,24,0.716340420866849,0.3529481669975212,6.445325959008187,0.0011872500035678968,6.446513209011755,1.5787075419939356,8.02522075100569,0.02423845699377125
8,0.0001,1.158971885100753,3.38864247385671e-05,1.1590059143916054,1673190.90625,1.3590612192557536,0.9611565730095777,0.4716607234018425,0.2689641627570643,0.4716607234018425,0.2453563200723608,0.9647387274435439,0.37672229206062535,0.0,0.0,0.9998967399321433,0.9844053165409953,0.99209055755422,344284,338950,0.09013845719129698,0.9246376811594202,0.16426364572605562,345,3539,0.0,0.0,0.0,325,153,0.07251908396946564,0.02186421173762946,0.03359858532272325,869,262,0.5096502684661153,0.7420240862032538,0.604267033723331,4733,6891,0.3026315789473684,0.0068718255153869135,0.013438504236050247,3347,76,0.4464823432794963,0.6566022544283414,0.5315300635489653,2484,3653,0.21052631578947367,0.0020865936358894104,0.004132231404958678,1917,19,0.04643320363164721,0.8364485981308412,0.0879823052347014,214,3855,0.011363636363636364,0.5416666666666666,0.02226027397260274,24,1144,1.2332966327667236,2.1268495402182452e-05,1.2333177328109741,330672.28125,0.9382952451705933,183357,45,0.8634801051415106,0.6989191250031581,0.8201060891151428,3.820511119556613e-05,0.820144534111023,344851.03125,0.980461061000824,901585,221,1.1688662536515886,3.5456067499981145,1.1418883800506592,4.745229671243578e-05,1.1419360637664795,433780.9375,0.9301313161849976,222317,55,1.2117923622442046,0.832548083999427,1.2682850360870361,4.017080937046558e-05,1.2683254480361938,283628.3125,0.9578843116760254,268997,66,1.1570167387497319,0.9969172910059569,1.404057502746582,1.610301114851609e-05,1.4040738344192505,280258.34375,0.9146232008934021,96935,24,0.7172555091228396,0.3875592920012423,6.461550542007899,0.0012278329959372059,6.462778375003836,1.5215253329952247,7.984303707999061,0.02455908299452858
9,0.0001,1.1313168448061768,3.1394457550827966e-05,1.131348259327358,1673191.1875,1.3994522779847085,0.9616028247736667,0.4865425770874848,0.28116700565836295,0.4865425770874848,0.25681432150185407,0.9652774054600611,0.3779075428594174,0.0,0.0,0.9999085416224126,0.9844227440136631,0.9921052169382175,344284,338952,0.08263816475495307,0.9188405797101449,0.15163836402774455,345,3836,0.1,0.012307692307692308,0.021917808219178082,325,40,0.09326424870466321,0.020713463751438434,0.03389830508474576,869,193,0.509479686386315,0.755123600253539,0.6084439904664624,4733,7015,0.4790697674418605,0.030773827308037047,0.05783267827063447,3347,215,0.46184510250569477,0.6529790660225443,0.5410273515677118,2484,3512,0.0,0.0,0.0,1917,0,0.0455872445542331,0.9485981308411215,0.08699378615813157,214,4453,0.03987730061349693,0.5416666666666666,0.07428571428571429,24,326,1.219099521636963,2.1370171452872455e-05,1.219120979309082,330672.28125,0.9399913549423218,183357,45,0.8784435264787969,0.6997132089963998,0.7987005114555359,4.110352892894298e-05,0.7987416386604309,344851.09375,0.9806219339370728,901585,221,1.2857806263746092,3.478383499998017,1.091385841369629,3.502325853332877e-05,1.0914207696914673,433781.0625,0.9356954097747803,222317,55,1.111183655320408,0.8440017079992685,1.2410742044448853,4.176349102635868e-05,1.2411161661148071,283628.375,0.9595348834991455,268997,66,1.2567958506761812,0.9830716249998659,1.3877471685409546,1.5164838259806857e-05,1.3877626657485962,280258.375,0.9162634611129761,96935,24,0.7143971016460045,0.35509537500183797,6.360265416995389,0.0012102500040782616,6.361475666999468,1.5439090840009158,7.905384751000383,0.022623874006967526
10,0.0001,1.1221896395601452,3.495722864293393e-05,1.1222246400491993,1673190.90625,1.3764729874975778,0.9624228123901802,0.48591159783079185,0.30765637539488994,0.48591159783079185,0.2610357149126122,0.9660239684101453,0.3788823690951254,0.0010395010395010396,0.0005216484089723526,0.9999085977119944,0.9850268963994842,0.9924119605995517,344284,339160,0.08302485457429931,0.9101449275362319,0.1521686455052096,345,3782,0.034482758620689655,0.012307692307692308,0.018140589569160998,325,116,0.2549019607843137,0.014959723820483314,0.02826086956521739,869,51,0.5309149654868557,0.7637861821255018,0.6264079015768498,4733,6809,0.484472049689441,0.046608903495667764,0.08503679476696648,3347,322,0.4554372197309417,0.6541867954911433,0.5370125578321217,2484,3568,0.14285714285714285,0.0005216484089723526,0.0010395010395010396,1917,7,0.04478955660589692,0.9299065420560748,0.08546274425595878,214,4443,0.045774647887323945,0.5416666666666666,0.08441558441558442,24,284,1.2001639604568481,2.5624423869885504e-05,1.2001899480819702,330672.3125,0.9404167532920837,183357,45,0.8548589063918258,0.7018414589983877,0.7929330468177795,3.914739500032738e-05,0.792972207069397,344851.0,0.9808781147003174,901585,221,1.1689234789703102,3.50086633299361,1.091547966003418,4.316087142797187e-05,1.0915911197662354,433780.9375,0.9350072145462036,222317,55,1.2077360718740668,0.8302115420010523,1.225032091140747,4.685743260779418e-05,1.2250789403915405,283628.375,0.9605460166931152,268997,66,1.1903799436219804,1.021575667000434,1.378678798675537,1.607214471732732e-05,1.3786948919296265,280258.28125,0.9186052680015564,96935,24,0.7196661391315087,0.3579539999991539,6.412449000992638,0.001187333997222595,6.41363633498986,1.5557060830033151,7.969342417993175,0.020794249008758925
11,0.0001,1.1182036509542927,3.271463742419524e-05,1.118236316831064,1673190.96875,1.3539218769502828,0.9617924817734045,0.48769628270853255,0.2868945930658625,0.48769628270853255,0.26196692063161436,0.9651945808722686,0.38890477343988117,0.0,0.0,0.9999085240802982,0.984233946393094,0.9920093212387529,344284,338887,0.09810617820552624,0.9159420289855073,0.1772293886707796,345,3221,0.038845726970033294,0.1076923076923077,0.057096247960848286,325,901,0.11678832116788321,0.018411967779056387,0.03180914512922465,869,137,0.4913287086446105,0.7781533910838792,0.6023387030828359,4733,7496,0.5891089108910891,0.03555422766656707,0.0670611439842209,3347,202,0.4508879023307436,0.6541867954911433,0.5338370565045992,2484,3604,0.0,0.0,0.0,1917,0,0.04825737265415549,0.8411214953271028,0.09127789046653144,214,3730,0.03571428571428571,0.5416666666666666,0.06701030927835051,24,364,1.1846492290496826,1.7830718206823803e-05,1.1846671104431152,330672.375,0.9415839314460754,183357,45,0.76114270684343,0.6767459999973653,0.7867031097412109,3.804195876000449e-05,0.7867408394813538,344851.09375,0.981418251991272,901585,221,1.1884316602043585,3.5089935420037364,1.083946943283081,4.827854718314484e-05,1.0839953422546387,433780.875,0.9370808601379395,222317,55,1.1487396720148513,0.8545715419968474,1.2479079961776733,3.738506347872317e-05,1.2479453086853027,283628.28125,0.9614233374595642,268997,66,1.22410807014905,1.0182154170033755,1.3694671392440796,1.4904561794537585e-05,1.3694819211959839,280258.34375,0.9204002618789673,96935,24,0.6797529489148362,0.358028041999205,6.4165545430005295,0.0010514169989619404,6.4176059599994915,1.5511037920005037,7.968709751999995,0.020570666005369276
12,0.0001,1.1100019011204096,3.269591066371906e-05,1.1100346977353956,1673190.96875,1.3634449299162663,0.9618092162145578,0.4903679929112461,0.28003673179804656,0.4903679929112461,0.267067127383313,0.9660052415089756,0.38429354429236123,0.0,0.0,0.9999085254299305,0.984248469286984,0.9920166984788693,344284,338892,0.07936507936507936,0.9855072463768116,0.146899978397062,345,4284,0.030033370411568408,0.08307692307692308,0.04411764705882353,325,899,0.15625,0.023014959723820484,0.04012036108324975,869,128,0.5132267441860465,0.7460384534122121,0.6081115990700078,4733,6880,0.4721254355400697,0.08096803107260234,0.13823004335628666,3347,574,0.4665140240412135,0.6561996779388084,0.545332887253262,2484,3494,0.0,0.0,0.0,1917,0,0.053416579951439475,0.719626168224299,0.09945108169195996,214,2883,0.02952755905511811,0.625,0.05639097744360902,24,508,1.2006720304489136,2.2733474906999618e-05,1.2006949186325073,330672.3125,0.9415348172187805,183357,45,0.9002202192359019,0.6753077500034124,0.7731984853744507,3.5842494980897754e-05,0.7732345461845398,344851.0625,0.9815569519996643,901585,221,1.1934307216756201,3.402684375003446,1.08243989944458,4.442359204404056e-05,1.0824843645095825,433780.90625,0.9371393322944641,222317,55,1.3485932320180656,0.8378222079991247,1.2115846872329712,4.083209205418825e-05,1.2116254568099976,283628.375,0.959746778011322,268997,66,1.3120865624804883,1.030136624998704,1.3573061227798462,1.4192638445820194e-05,1.3573204278945923,280258.3125,0.9197400212287903,96935,24,0.6979673524974516,0.37334187499800464,6.319292833002692,0.001226415995915886,6.3205192489986075,1.4832972920048633,7.803816541003471,0.022629999999480788
13,0.0001,1.1010074126701395,3.331769638915329e-05,1.101040713561718,1673190.9375,1.314016703885631,0.962461859419538,0.5071339444820684,0.31283998988343104,0.5071339444820684,0.2699870859308392,0.9658254073857032,0.396783071831577,0.002663115845539281,0.001564945226917058,0.9999114790957885,0.9842833242323198,0.9920358554831986,344284,338903,0.10743243243243243,0.9217391304347826,0.1924357034795764,345,2960,0.033823529411764704,0.07076923076923076,0.045771144278606964,325,680,0.2909090909090909,0.018411967779056387,0.03463203463203463,869,55,0.49160206718346255,0.8039298542150856,0.6101178545658623,4733,7740,0.64576802507837,0.061547654616074095,0.11238406983087834,3347,319,0.46047038821195807,0.6541867954911433,0.5404955928820888,2484,3529,0.008928571428571428,0.001564945226917058,0.002663115845539281,1917,336,0.05561766349916154,0.9299065420560748,0.10495780590717299,214,3578,0.033936651583710405,0.625,0.06437768240343347,24,442,1.1783338785171509,2.1155807189643383e-05,1.178355097770691,330672.28125,0.9431818723678589,183357,45,0.9884552811821176,0.7050972079960047,0.7800154089927673,4.253675069776364e-05,0.7800577282905579,344851.03125,0.9821547865867615,901585,221,1.2243374114902008,3.3552192080023815,1.0607398748397827,3.876190021401271e-05,1.0607784986495972,433780.9375,0.9402430057525635,222317,55,1.195536994811618,0.7881696250042296,1.2095197439193726,4.6014683903194964e-05,1.2095661163330078,283628.34375,0.9616761803627014,268997,66,1.2700675792470977,0.9869304999956512,1.3572524785995483,1.5047350643726531e-05,1.3572674989700317,280258.34375,0.9209676384925842,96935,24,0.6952543200840364,0.3475009579997277,6.182917498997995,0.0010725000029196963,6.183989999000914,1.52696900000592,7.710958999006834,0.020284500998968724
14,0.0001,1.0843422400414657,3.196873463920053e-05,1.0843742989163896,1673191.125,1.2899948386736384,0.9635579653150816,0.5052677549450417,0.3066387916997939,0.5052677549450417,0.2757149460521247,0.967122802764062,0.4034981266971906,0.004278990158322636,0.0026082420448617634,0.9999086057961615,0.9851140337628237,0.9924561870678329,344284,339190,0.09809183064997018,0.9536231884057971,0.17788591511219248,345,3354,0.15789473684210525,0.018461538461538463,0.03305785123966942,325,38,0.2698412698412698,0.019562715765247412,0.03648068669527897,869,63,0.5318207762557078,0.787449820409888,0.6348692615620475,4733,7008,0.47336561743341404,0.11682103376157753,0.18739515935777618,3347,826,0.43463180362860193,0.6557971014492754,0.522785622593068,2484,3748,0.011904761904761904,0.0026082420448617634,0.004278990158322636,1917,420,0.05774811375507835,0.9299065420560748,0.1087431693989071,214,3446,0.031180400890868598,0.5833333333333334,0.05919661733615222,24,449,1.1716448068618774,2.3177855837275274e-05,1.1716681718826294,330672.3125,0.9428764581680298,183357,45,0.8798107595081339,0.6540208750011516,0.755774974822998,3.4883240005001426e-05,0.7558099627494812,344851.1875,0.982979953289032,901585,221,1.09965261218505,3.390097916999366,1.0509613752365112,4.531423837761395e-05,1.05100679397583,433780.9375,0.9405803680419922,222317,55,1.1944952645629103,0.818482499998936,1.1803580522537231,3.646116238087416e-05,1.1803946495056152,283628.34375,0.9582895040512085,268997,66,1.2480513333075325,0.9935870000044815,1.340125560760498,1.355224503640784e-05,1.3401391506195068,280258.34375,0.9233506917953491,96935,24,0.7007125928241057,0.34762612500344403,6.203814417007379,0.0013234170037321746,6.205137834011111,1.5124934580016998,7.717631292012811,0.021014249992731493
15,0.0001,1.0840652711596233,3.368913429983032e-05,1.0840990669849506,1673191.125,1.302051046708322,0.9634296679329061,0.5031094225369379,0.3018830407868489,0.5031094225369379,0.27516022915086413,0.9671543499297006,0.40548634146134893,0.00199203187250996,0.0010432968179447052,0.9999086173809741,0.9852389306502771,0.9925195715688124,344284,339233,0.09963325183374083,0.9449275362318841,0.18025988388166989,345,3272,0.03125,0.03076923076923077,0.031007751937984496,325,320,0.2807017543859649,0.018411967779056387,0.03455723542116631,869,57,0.5414576571259959,0.7754067187830129,0.6376509425766658,4733,6778,0.5064562410329986,0.10546758291006872,0.17457962413452027,3347,697,0.4500276090557703,0.6561996779388084,0.5339010809040288,2484,3622,0.02197802197802198,0.0010432968179447052,0.00199203187250996,1917,91,0.05048543689320388,0.9719626168224299,0.09598523304107061,214,4120,0.036931818181818184,0.5416666666666666,0.06914893617021277,24,352,1.1734890937805176,1.838952630350832e-05,1.173507571220398,330672.28125,0.9432145953178406,183357,45,0.8634496752175312,0.6620146669956739,0.7556083798408508,4.2337058403063565e-05,0.7556506395339966,344851.125,0.9832439422607422,901585,221,1.1905110599723738,3.334885000003851,1.0246342420578003,4.081009319634177e-05,1.0246752500534058,433780.96875,0.9399685859680176,222317,55,1.1838513336393888,0.8135040839988505,1.2098392248153687,4.986503699910827e-05,1.20988929271698,283628.40625,0.9608137011528015,268997,66,1.3847738428504197,0.9708111660002032,1.3474141359329224,1.3707669495488517e-05,1.3474280834197998,280258.34375,0.9240212440490723,96935,24,0.7090787016960246,0.36916725000628503,6.150382167004864,0.0012120829997002147,6.151594250004564,1.4853106250011479,7.636904875005712,0.020472207994316705
16,0.0001,1.0704966640461746,3.539716812070765e-05,1.0705320100583264,1673190.875,1.365222118006301,0.959639317011675,0.48908246668632127,0.2834001658590913,0.48908246668632127,0.2717446101336432,0.9662876760323066,0.38551488005472023,0.0,0.0,0.999911565468084,0.9852447398078331,0.9925239715706097,344284,339234,0.10043942247332077,0.927536231884058,0.18125177003681678,345,3186,0.009174311926605505,0.07384615384615385,0.016320979258755527,325,2616,0.11580594679186229,0.08515535097813579,0.09814323607427056,869,639,0.7344768439108061,0.45235579970420453,0.5598849372384938,4733,2915,0.345045045045045,0.11443083358231251,0.17186448283598832,3347,1110,0.44738219895287956,0.6880032206119162,0.5421954314720813,2484,3820,0.0,0.0,0.0,1917,0,0.04340315266681062,0.9392523364485982,0.08297213622291022,214,4631,0.03836317135549872,0.625,0.07228915662650602,24,391,1.1539946794509888,2.5201192329404876e-05,1.1540197134017944,330672.3125,0.9441962838172913,183357,45,0.8571722296111847,0.6889065409995965,0.7470313310623169,3.9310027204919606e-05,0.7470702528953552,344851.0,0.983726441860199,901585,221,1.6235912319050383,3.4169334590042126,1.016516923904419,4.4191558117745444e-05,1.0165610313415527,433780.875,0.9416823983192444,222317,55,1.2289777873449952,0.840355250002176,1.1802642345428467,4.964247636962682e-05,1.1803144216537476,283628.375,0.9624679684638977,268997,66,1.2283481338171975,1.0018442500004312,1.342456579208374,1.4584089512936771e-05,1.3424712419509888,280258.3125,0.9242791533470154,96935,24,0.6996918405107077,0.35994837500038557,6.307987875006802,0.0014024999982211739,6.309390375005023,1.5839292080054292,7.893319583010452,0.02060904199606739
17,0.0001,1.0681306812874822,3.448986612002167e-05,1.0681650374226,1673190.96875,1.284379392200688,0.9638536071087906,0.5105754722945457,0.3279946769967531,0.5105754722945457,0.28804119400600203,0.9684023888001914,0.4127994834790024,0.0010368066355624676,0.0005216484089723526,0.9999145100096987,0.9852098848624973,0.9925077358614787,344284,339221,0.09880331389996931,0.9333333333333333,0.17869034406215317,345,3259,0.05698005698005698,0.06153846153846154,0.05917159763313609,325,351,0.325,0.014959723820483314,0.028602860286028604,869,40,0.5734597156398105,0.7413902387492077,0.6467010689273867,4733,6119,0.623574144486692,0.19599641469973111,0.29824960218231417,3347,1052,0.44339876310836246,0.6638486312399355,0.5316782202160245,2484,3719,0.08333333333333333,0.0005216484089723526,0.0010368066355624676,1917,12,0.04822926374650512,0.9672897196261683,0.09187749667110519,214,4292,0.027253668763102725,0.5416666666666666,0.05189620758483034,24,477,1.1452778577804565,2.10707112273667e-05,1.145298957824707,330672.28125,0.9437272548675537,183357,45,0.8644863268375331,0.6888323339953786,0.7463235855102539,4.142690886510536e-05,0.7463645339012146,344851.0625,0.9840758442878723,901585,221,1.1251187427426432,3.5470219170019845,1.0136890411376953,5.029070598538965e-05,1.0137391090393066,433780.9375,0.9434366226196289,222317,55,1.1749767207632178,0.8757748339994578,1.1738942861557007,3.788707545027137e-05,1.1739321947097778,283628.34375,0.9625980854034424,268997,66,1.1802520135478225,1.0553287919974537,1.3503106832504272,1.3892612514609937e-05,1.3503245115280151,280258.34375,0.9197090864181519,96935,24,0.738884638273438,0.3786278339975979,6.5455857109918725,0.0012419999984558672,6.546827710990328,1.6090705829992658,8.155898293989594,0.021898373008298222
18,0.0001,1.0578149961660086,3.7516987072808836e-05,1.0578524900175772,1673191.0,1.256240368043276,0.9641631942701273,0.5186607484880592,0.311682953141883,0.5186607484880592,0.28830551447457803,0.9682832686596983,0.41879037526194657,0.001786511835640911,0.0010432968179447052,0.9999115680748959,0.985273785595613,0.9925387109233272,344284,339244,0.10195360195360195,0.9681159420289855,0.1844794255730461,345,3276,0.0547112462006079,0.055384615384615386,0.05504587155963303,325,329,0.2328767123287671,0.019562715765247412,0.036093418259023353,869,73,0.5519117424814871,0.7716036340587366,0.6435242290748898,4733,6617,0.642781875658588,0.18225276366895726,0.2839851024208566,3347,949,0.4447468698965705,0.6578099838969405,0.5306917830464436,2484,3674,0.006211180124223602,0.0010432968179447052,0.001786511835640911,1917,322,0.05713457076566125,0.9205607476635514,0.10759148006553795,214,3448,0.02459016393442623,0.625,0.0473186119873817,24,610,1.1373189687728882,1.976922976609785e-05,1.1373388767242432,330672.34375,0.944158136844635,183357,45,0.8070100202311512,0.6911817500003963,0.7416346073150635,4.30942491220776e-05,0.7416775822639465,344851.0,0.9842299818992615,901585,221,1.1931047429356665,3.5293145409959834,0.9975902438163757,5.191699165152386e-05,0.9976419806480408,433780.875,0.9440124034881592,222317,55,1.2224772988093158,0.8514468749999651,1.1632907390594482,5.1532042562030256e-05,1.1633424758911133,283628.4375,0.9619809985160828,268997,66,1.31172948455735,1.0411156249974738,1.3395328521728516,1.5122840522963088e-05,1.3395479917526245,280258.34375,0.9252488613128662,96935,24,0.6750960450792614,0.3571287500017206,6.470187540995539,0.0011363749945303425,6.4713239159900695,1.5745127920017694,8.045836707991839,0.020405918003234547
19,0.0001,1.0577567996934003,3.752424748666695e-05,1.0577942188318281,1673191.25,1.265501308775463,0.9674291993685538,0.5157891202262948,0.32145586038292956,0.5157891202262948,0.3016082880279207,0.9711882572808624,0.4220154684952271,0.002026342451874367,0.0010432968179447052,0.999911906432886,0.9890584517433282,0.994455566409815,344284,340547,0.09958258795468097,0.9681159420289855,0.18058934847256014,345,3354,0.043478260869565216,0.036923076923076927,0.03993344425956739,325,276,0.049107142857142856,0.02531645569620253,0.033409263477600606,869,448,0.5824340029885439,0.7411789562645257,0.652287095574563,4733,6023,0.6372141372141372,0.18314908873618166,0.2845207704803899,3347,962,0.6845412651864264,0.6578099838969405,0.6709094641757339,2484,2387,0.03508771929824561,0.0010432968179447052,0.002026342451874367,1917,57,0.05138339920948617,0.9719626168224299,0.09760675739089629,214,4048,0.031818181818181815,0.5833333333333334,0.0603448275862069,24,440,1.1255007982254028,2.015099198615644e-05,1.1255210638046265,330672.3125,0.945167064666748,183357,45,0.8278685816059997,0.7107578750001267,0.7378708720207214,3.7086963857291266e-05,0.7379077076911926,344851.21875,0.9847191572189331,901585,221,1.1070152125579982,3.407776540996565,0.996418297290802,4.1119608795270324e-05,0.9964593052864075,433781.03125,0.9454022645950317,222317,55,1.1278283932437498,0.8301085840066662,1.2033742666244507,7.711285434197634e-05,1.203451156616211,283628.34375,0.9644345641136169,268997,66,1.7010809242295513,0.986449875003018,1.3190093040466309,1.293122932111146e-05,1.319022297859192,280258.34375,0.9267343878746033,96935,24,0.6457742274360213,0.35079912500077626,6.285892000007152,0.0015880420032772236,6.287480042010429,1.5741397919991869,7.861619834009616,0.02205274999141693
20,0.0001,1.0548411303827325,3.3174685356089614e-05,1.0548742818573484,1673191.03125,1.2907745679659435,0.9675045043537438,0.5138114270080325,0.3385565214511147,0.5138114270080325,0.30739336300848574,0.9711432146395125,0.4244587570382506,0.0,0.0,0.9999149115960824,0.9898601154860522,0.9948621089291292,344284,340822,0.0995260663507109,0.9739130434782609,0.18059661381349099,345,3376,0.04735376044568245,0.052307692307692305,0.049707602339181284,325,359,0.06302794022092267,0.11162255466052934,0.08056478405315615,869,1539,0.5866074478988725,0.7255440523980562,0.6487201284594314,4733,5854,0.6654611211573237,0.10994920824619062,0.18871794871794872,3347,553,0.8139650872817955,0.6570048309178744,0.7271107150813099,2484,2005,0.0,0.0,0.0,1917,0,0.05279831045406547,0.9345794392523364,0.09995002498750624,214,3788,0.056910569105691054,0.5833333333333334,0.1037037037037037,24,246,1.1552636623382568,1.9495771994115785e-05,1.1552832126617432,330672.25,0.9445235133171082,183357,45,0.840712728163697,0.7036931670008926,0.7341780662536621,3.5006218240596354e-05,0.7342129945755005,344851.0625,0.9853613376617432,901585,221,1.1881547161376431,3.3910906670062104,1.0059293508529663,4.35831789218355e-05,1.0059731006622314,433780.96875,0.9446061253547668,222317,55,1.2127411354010198,0.8298940829990897,1.1440924406051636,4.9260783271165565e-05,1.144141435623169,283628.40625,0.9636427164077759,268997,66,1.15375122778464,1.0117015420037205,1.31630277633667,1.4670865311927628e-05,1.3163175582885742,280258.34375,0.9253623485565186,96935,24,0.6820556885316176,0.3529580409958726,6.289337500005786,0.0011539999977685511,6.290491500003554,1.5273926669979119,7.817884167001466,0.024394499996560626
21,0.0001,1.0413391004828985,3.4040634090290196e-05,1.041372980360541,1673190.8125,1.245379595772439,0.9685894539551851,0.5263647171556003,0.33213008468238053,0.5263647171556003,0.31007080656233077,0.9719469644233876,0.43052514534369857,0.0,0.0,0.9999178415809628,0.9898136422256044,0.9948400864705169,344284,340805,0.10491493383742911,0.9652173913043478,0.18925831202046037,345,3174,0.04395604395604396,0.06153846153846154,0.05128205128205128,325,455,0.15079365079365079,0.02186421173762946,0.03819095477386935,869,126,0.5722097137343197,0.7517430804986267,0.6498036708976349,4733,6218,0.6267539756782039,0.20017926501344488,0.30344202898550726,3347,1069,0.7326646314871348,0.6763285024154589,0.7033703160979694,2484,2293,0.0,0.0,0.0,1917,3,0.05192211682476285,0.9719626168224299,0.0985781990521327,214,4006,0.03816793893129771,0.625,0.07194244604316546,24,393,1.1176666021347046,2.2139240172691643e-05,1.117688775062561,330672.28125,0.9454397559165955,183357,45,0.8508976566070495,0.670038416996249,0.723456621170044,4.048131813760847e-05,0.7234969139099121,344850.875,0.9858393669128418,901585,221,1.136309168130656,3.413753500004532,0.9983790516853333,4.491214713198133e-05,0.9984239339828491,433780.96875,0.9444757103919983,222317,55,1.217557416843209,0.8231840829976136,1.13404381275177,4.1872935980791226e-05,1.1340850591659546,283628.375,0.9625163078308105,268997,66,1.3485580923608014,0.9894762080002693,1.3151016235351562,1.5404495570692234e-05,1.3151168823242188,280258.3125,0.9247434139251709,96935,24,0.7487997171051011,0.3738522089988692,6.270304416997533,0.0013489579941960983,6.271653374991729,1.5033428329988965,7.774996207990625,0.0219655410037376
22,0.0001,1.0358058084712352,3.644508550686071e-05,1.0358422657575928,1673190.90625,1.2350825444933118,0.9691946829102309,0.5293988755033244,0.3548540647583611,0.5293988755033244,0.32285019598740444,0.9727033654513948,0.42846020903519155,0.00808489135927236,0.004173187271778821,0.9999178688130284,0.9901418596275168,0.9950058522888141,344284,340918,0.10066305003013863,0.9681159420289855,0.18236418236418236,345,3318,0.05194805194805195,0.06153846153846154,0.056338028169014086,325,385,0.12949640287769784,0.020713463751438434,0.03571428571428571,869,139,0.5840607824118978,0.7633636171561378,0.6617822144885063,4733,6186,0.6167763157894737,0.224081266806095,0.32873109796186717,3347,1216,0.8090774543660583,0.6602254428341385,0.727111505209488,2484,2027,0.12903225806451613,0.004173187271778821,0.00808489135927236,1917,62,0.05103785103785104,0.9766355140186916,0.09700626595497795,214,4095,0.07653061224489796,0.625,0.13636363636363635,24,196,1.1134101152420044,1.937766865012236e-05,1.1134296655654907,330672.21875,0.9463996291160583,183357,45,0.827101865186925,0.6914547919950564,0.712184727191925,4.178556628176011e-05,0.7122265696525574,344851.09375,0.985719621181488,901585,221,1.1393113234248011,3.419758166994143,0.9746285676956177,3.775857112486847e-05,0.9746662974357605,433780.9375,0.9454202651977539,222317,55,1.134204751334413,0.8274830420050421,1.1719590425491333,6.942738400539383e-05,1.1720281839370728,283628.3125,0.96360182762146,268997,66,1.5211518344163437,0.9826615409983788,1.2993488311767578,1.459942268411396e-05,1.2993634939193726,280258.34375,0.9276938438415527,96935,24,0.6865219873166131,0.35514408299786737,6.2765016249904875,0.0011201249944861047,6.277621749984974,1.5269903329972294,7.804612082982203,0.021895167010370642
23,0.0001,1.0234952705268503,3.3840691348091054e-05,1.0235290943675068,1673191.125,1.2279757983767874,0.9698278026005321,0.525171270677589,0.34226622506569004,0.525171270677589,0.3229812557391058,0.9731980917637062,0.43337699924808354,0.0,0.0,0.9999120384216175,0.9905426914988789,0.9952053135514823,344284,341058,0.10209662716499544,0.9739130434782609,0.1848184818481848,345,3291,0.04644808743169399,0.052307692307692305,0.049204052098408106,325,366,0.08985507246376812,0.03567318757192175,0.051070840197693576,869,345,0.5767647989870212,0.7699133741812804,0.6594878291557326,4733,6318,0.6620856911883589,0.24469674335225575,0.35732984293193715,3347,1237,0.8413189077794951,0.6574074074074074,0.7380790960451977,2484,1941,0.0,0.0,0.0,1917,0,0.05453563714902808,0.9439252336448598,0.1031138335885656,214,3704,0.04964539007092199,0.5833333333333334,0.0915032679738562,24,282,1.1120442152023315,1.9446188161964528e-05,1.1120637655258179,330672.375,0.9462032914161682,183357,45,0.7403267614667429,0.7009461659981753,0.7165136933326721,3.545978324837051e-05,0.716549277305603,344851.125,0.9861632585525513,901585,221,1.0803941450614059,3.4019012080025277,0.9594044089317322,4.042081855004653e-05,0.9594447612762451,433780.9375,0.9461354613304138,222317,55,1.155800813498009,0.8339710829968681,1.1218715906143188,5.741412314819172e-05,1.1219289302825928,283628.34375,0.9650070667266846,268997,66,1.4591642923759474,1.01714187500329,1.2963910102844238,1.47907367136213e-05,1.2964057922363281,280258.34375,0.9276112914085388,96935,24,0.7258248770046609,0.35250733400607714,6.306467666006938,0.001204749998578336,6.307672416005516,1.5664280419950956,7.874100458000612,0.02216087598935701
24,0.0001,1.0224326528651553,3.4610678126503256e-05,1.022467373202179,1673190.84375,1.2312120989344852,0.9697357631741887,0.5204842595516361,0.37014341990576427,0.5204842595516361,0.3173439356678209,0.9733319808488423,0.43170451459656434,0.004119464469618949,0.0020865936358894104,0.9999120520886163,0.990696634174112,0.9952830119857892,344284,341111,0.09905660377358491,0.9739130434782609,0.17982338774417983,345,3392,0.04594594594594595,0.052307692307692305,0.04892086330935252,325,370,0.17857142857142858,0.011507479861910242,0.021621621621621623,869,56,0.5856416980822816,0.7549123177688569,0.6595901790659037,4733,6101,0.6593673965936739,0.24290409321780698,0.35502183406113536,3347,1233,0.8934426229508197,0.6582125603864735,0.7579972183588317,2484,1830,0.16,0.0020865936358894104,0.004119464469618949,1917,25,0.053180661577608146,0.9766355140186916,0.10086872586872588,214,3930,0.02631578947368421,0.5416666666666666,0.05019305019305019,24,494,1.136328935623169,2.3686212443863042e-05,1.1363526582717896,330672.25,0.9471250176429749,183357,45,0.8272923295969353,0.6742938339957618,0.7117131948471069,4.253567021805793e-05,0.7117556929588318,344850.96875,0.9861688017845154,901585,221,1.2402745154035115,3.423635999999533,0.9584770202636719,3.9726328395772725e-05,0.9585168957710266,433780.96875,0.9471250772476196,222317,55,1.1411325741182854,0.8366905000002589,1.108579397201538,5.011335088056512e-05,1.1086299419403076,283628.34375,0.9650516510009766,268997,66,1.2125188362118484,1.0181054589993437,1.2821881771087646,1.4141733117867261e-05,1.2822023630142212,280258.3125,0.9278795123100281,96935,24,0.6799086469258537,0.3545631669985596,6.307288959993457,0.001121207998949103,6.308410167992406,1.5358608330061543,7.84427100099856,0.021932040006504394
25,0.0001,1.0191020118389433,3.657879927253627e-05,1.0191386278788532,1673190.90625,1.20630736006938,0.9704637113643589,0.5348836442866451,0.4279692944718067,0.5348836442866451,0.325936959520056,0.9740014784752247,0.4365320953680267,0.004162330905306972,0.0020865936358894104,0.9999208823667307,0.9911497484634778,0.9955159959623542,344284,341264,0.10998030203545633,0.9710144927536232,0.19758183426717782,345,3046,0.04380952380952381,0.07076923076923076,0.05411764705882353,325,525,0.09740259740259741,0.01726121979286536,0.02932551319648094,869,154,0.6039789151504846,0.7504753855905345,0.6693046919163369,4733,5881,0.6580829756795422,0.2748730206154765,0.38777660695468913,3347,1398,0.8779443254817987,0.6602254428341385,0.7536764705882353,2484,1868,0.8,0.0020865936358894104,0.004162330905306972,1917,5,0.05302839909525006,0.985981308411215,0.10064393036012402,214,3979,0.035545023696682464,0.625,0.06726457399103139,24,422,1.1119862794876099,1.9198823792976327e-05,1.1120054721832275,330672.3125,0.947953999042511,183357,45,0.844990929816417,0.6748240829983843,0.7045493721961975,3.5366476367926225e-05,0.7045848369598389,344850.96875,0.9869995713233948,901585,221,1.12625396236163,3.4201452499983134,0.9685310125350952,5.951909770374186e-05,0.9685904383659363,433780.9375,0.9477817416191101,222317,55,1.3347961160784743,0.8374127920033061,1.1146738529205322,4.369615999166854e-05,1.1147176027297974,283628.34375,0.9658249020576477,268997,66,1.3335401987990363,1.0354275410063565,1.2781109809875488,1.5867186448303983e-05,1.278126835823059,280258.34375,0.9284365773200989,96935,24,0.7504345400573277,0.3879911250041914,6.355800791010552,0.0010775829941849224,6.3568783740047365,1.5236998749969644,7.880578249001701,0.0224470009925426
26,0.0001,1.0062215335015312,3.35357806032452e-05,1.006255133226458,1673190.78125,1.2749416528444446,0.9701903821588544,0.5020038105868869,0.3502344914813716,0.5020038105868869,0.3384848011318575,0.9734351997219353,0.42847208921167557,0.010805943268797838,0.006259780907668232,0.9999179006010849,0.9905252640262109,0.9951994210122364,344284,341050,0.08961000297707651,0.8724637681159421,0.1625269978401728,345,3359,0.04838709677419355,0.07384615384615385,0.058465286236297195,325,496,0.11318795430944964,0.12543153049482164,0.11899563318777293,869,963,0.5753002771789344,0.7893513627720262,0.6655384341320032,4733,6494,0.7119067443796836,0.2554526441589483,0.3759894459102902,3347,1201,0.7563451776649747,0.6598228663446055,0.7047946678133735,2484,2167,0.039473684210526314,0.006259780907668232,0.010805943268797838,1917,304,0.059688944934846576,0.6635514018691588,0.10952564596991901,214,2379,0.10852713178294573,0.5833333333333334,0.1830065359477124,24,129,1.0826865434646606,1.5909048670437187e-05,1.0827022790908813,330672.3125,0.9475940465927124,183357,45,0.8094995614991494,0.7237932499992894,0.6981871128082275,3.528350134729408e-05,0.6982226371765137,344850.875,0.9868708848953247,901585,221,1.2469406430185141,3.454531458002748,0.9459958672523499,5.542548024095595e-05,0.9460514187812805,433780.96875,0.9476603269577026,222317,55,1.2882975866439754,0.8064981249990524,1.0922069549560547,3.820226629613899e-05,1.09224534034729,283628.3125,0.967839777469635,268997,66,1.2017455099763499,1.0188204160003806,1.3012276887893677,1.3579501683125272e-05,1.301241159439087,280258.3125,0.9291999936103821,96935,24,0.6952458852698608,0.35534124999685446,6.358984498998325,0.0014879579975968227,6.360472456995922,1.5695934169998509,7.930065873995773,0.024007334002817515
27,0.0001,1.0149529885880844,4.142164787751418e-05,1.014994320544657,1673190.8125,1.2038236281854113,0.9706226885553157,0.5297971774079911,0.3653202453513858,0.5297971774079911,0.3227328704963934,0.9733138613757504,0.4450888273853389,0.0,0.0,0.9999208710050848,0.9910074241033565,0.9954441946669507,344284,341215,0.10739779364049319,0.9594202898550724,0.19317187044061862,345,3082,0.05286343612334802,0.07384615384615385,0.06161745827984596,325,454,0.28169014084507044,0.023014959723820484,0.0425531914893617,869,71,0.5581735694424118,0.8058313965772238,0.6595192806501816,4733,6833,0.7357954545454546,0.23214819241111442,0.35294117647058826,3347,1056,0.8132470119521913,0.6574074074074074,0.7270703472840605,2484,2008,0.0,0.0,0.0,1917,0,0.05924238108800912,0.9719626168224299,0.11167785234899329,214,3511,0.04487179487179487,0.5833333333333334,0.08333333333333333,24,312,1.0899174213409424,1.8932638340629637e-05,1.0899361371994019,330672.25,0.9478667378425598,183357,45,0.7869887972522166,0.6790185409990954,0.7076854705810547,4.771973181050271e-05,0.7077330946922302,344851.0625,0.9875153303146362,901585,221,1.2318984021736912,3.4708459579996997,0.9462080001831055,4.925695975543931e-05,0.9462571144104004,433780.875,0.9493516087532043,222317,55,1.1901667940667566,0.828723375001573,1.1473482847213745,7.567628199467435e-05,1.1474239826202393,283628.3125,0.9665014743804932,268997,66,1.501619267159724,1.012427542002115,1.277004361152649,1.341248116659699e-05,1.2770177125930786,280258.3125,0.9317893385887146,96935,24,0.6682371773450856,0.35115079199749744,6.3421662079999805,0.0011546669993549585,6.3433208749993355,1.5404462090009474,7.883767084000283,0.023519666996435262
28,0.0001,0.9936114954607316,3.1819697780079175e-05,0.9936432835255571,1673190.875,1.3086487494186292,0.9705222819083956,0.5125922369477227,0.3617683553872844,0.5125922369477227,0.3306628180145739,0.9741200845922257,0.4325346623727994,0.0,0.0,0.9999179686698912,0.9913472598203809,0.9956141694269541,344284,341333,0.08329088130412633,0.9478260869565217,0.15312573167876375,345,3926,0.023228803716608595,0.06153846153846154,0.03372681281618887,325,861,0.0703971119133574,0.04487917146144994,0.054813773717498245,869,554,0.5909604519774011,0.7735051764208747,0.6700219619326501,4733,6195,0.7170474516695958,0.24380041828503138,0.36387959866220737,3347,1138,0.997539975399754,0.6529790660225443,0.789294403892944,2484,1626,0.0,0.0,0.0,1917,0,0.0621301775147929,0.7850467289719626,0.11514736120630568,214,2704,0.07317073170731707,0.625,0.13100436681222707,24,205,1.1052154302597046,2.141309050784912e-05,1.1052367687225342,330672.28125,0.9482048749923706,183357,45,0.8533013620998693,0.6731045830019866,0.6897687911987305,3.553904389264062e-05,0.689804196357727,344851.03125,0.9875308275222778,901585,221,1.4209351479156622,3.449904916997184,0.9232975244522095,3.947770528611727e-05,0.9233371019363403,433780.875,0.9484879970550537,222317,55,1.2537785387808302,0.8260066250004456,1.0721808671951294,4.462006108951755e-05,1.072225570678711,283628.34375,0.9666204452514648,268997,66,1.2513534549908096,0.9680305420042714,1.2651199102401733,1.4714457392983604e-05,1.2651344537734985,280258.34375,0.9308711886405945,96935,24,0.6905617284164551,0.3722701250007958,6.2893167920046835,0.0012098750012228265,6.290526667005906,1.493281750001188,7.783808417007094,0.02089995799906319
29,0.0001,0.9908739680015219,3.37806978069756e-05,0.9909077918466006,1673190.90625,1.2314095955483455,0.971431519877727,0.536038187824291,0.40092641154991326,0.536038187824291,0.340937031644009,0.974558957930279,0.45394009282622844,0.008268733850129198,0.004173187271778821,0.9999209219910086,0.9916464314345134,0.9957664874387322,344284,341435,0.10680228862047043,0.9739130434782609,0.1924949871097107,345,3146,0.05139186295503212,0.07384615384615385,0.06060606060606061,325,467,0.11538461538461539,0.024165707710011506,0.039961941008563276,869,182,0.6125706684403059,0.7783646735685612,0.6855866753512608,4733,6014,0.6608876560332871,0.28473259635494474,0.3979954061390687,3347,1442,0.8577405857740585,0.6602254428341385,0.7461328480436761,2484,1912,0.4444444444444444,0.004173187271778821,0.008268733850129198,1917,18,0.055643459915611815,0.985981308411215,0.1053419870194708,214,3792,0.1044776119402985,0.5833333333333334,0.17721518987341772,24,134,1.0896620750427246,2.4217810278059915e-05,1.089686393737793,330672.28125,0.9491429328918457,183357,45,0.964087600686511,0.6907132910055225,0.6894230842590332,3.700600063893944e-05,0.6894600987434387,344850.9375,0.9874232411384583,901585,221,1.125906459051987,3.361385500000324,0.9069610834121704,3.9670725527685136e-05,0.9070009589195251,433780.96875,0.9498958587646484,222317,55,1.075716483972189,0.8469987080025021,1.0735926628112793,4.7459823690587655e-05,1.0736398696899414,283628.34375,0.9680182337760925,268997,66,1.1917309678120231,0.9752901250030845,1.2914093732833862,1.8135004211217165e-05,1.2914276123046875,280258.375,0.9321401119232178,96935,24,0.8113362501542922,0.3467693339989637,6.221156958010397,0.0011308339962852187,6.222287792006682,1.5438271249950049,7.766114917001687,0.02212079198943684
30,0.0001,0.998989655171641,5.1048690022122025e-05,0.9990406337321446,1673191.125,1.2027586708218128,0.9703214686145556,0.5350618806778782,0.35675741020474566,0.5350618806778782,0.3254325132175069,0.9738466909175246,0.45814096977726393,0.0,0.0,0.9999208723964821,0.9910248515760245,0.9954529872138059,344284,341221,0.10123160108140583,0.9768115942028985,0.18345127925966248,345,3329,0.04883227176220807,0.07076923076923076,0.05778894472361809,325,471,0.14682539682539683,0.04257767548906789,0.06601248884924175,869,252,0.586763253210405,0.7530107754067188,0.6595724993060054,4733,6074,0.7432885906040269,0.26471466985360026,0.3903943599911875,3347,1192,0.8584905660377359,0.6594202898550725,0.7459016393442623,2484,1908,0.0,0.0,0.0,1917,7,0.061588812853317465,0.9672897196261683,0.1158041958041958,214,3361,0.02063273727647868,0.625,0.03994673768308921,24,727,1.0881284475326538,2.4721437512198463e-05,1.0881530046463013,330672.3125,0.9497755765914917,183357,45,0.8654981129395437,0.7075243330036756,0.6977621912956238,7.198658568086103e-05,0.6978339552879333,344851.1875,0.9859358668327332,901585,221,1.5026804145334887,3.5315855000008014,0.9540056586265564,7.278638076968491e-05,0.9540783762931824,433780.96875,0.9487578272819519,222317,55,1.528704579706741,0.8633414590003667,1.0740275382995605,5.849538865732029e-05,1.074086308479309,283628.34375,0.9680554270744324,268997,66,1.3148888040213835,1.0189890830006334,1.2581549882888794,1.5166592675086576e-05,1.258170247077942,280258.3125,0.9330375790596008,96935,24,0.7197494279989649,0.35343704099796014,6.474877416003437,0.0012314580017118715,6.476108874005149,1.5466332080031862,8.022742082008335,0.021821124995767605
31,0.0001,0.9920104293976887,3.667419671366113e-05,0.9920471668339431,1673191.0625,1.167825402889781,0.971576551701056,0.5466964141439847,0.4122913080327667,0.5466964141439847,0.3446347718217574,0.9749618514418315,0.4538149469678223,0.045501551189245086,0.02531645569620253,0.9999209069338255,0.9914576338139443,0.9956712861005697,344284,341370,0.11059907834101383,0.9739130434782609,0.19864026012415018,345,3038,0.050880626223091974,0.08,0.06220095693779904,325,511,0.22448979591836735,0.02531645569620253,0.045501551189245086,869,98,0.6112984822934233,0.765899006972322,0.6799212229203789,4733,5930,0.6670862177470107,0.3167015237526143,0.42949756888168555,3347,1589,0.8276907529055079,0.6594202898550725,0.7340354021958324,2484,1979,0.5068493150684932,0.038601982263954095,0.07174018419777024,1917,146,0.058018609742747675,0.9906542056074766,0.10961737331954498,214,3654,0.06607929515418502,0.625,0.11952191235059761,24,227,1.0944185256958008,2.279161344631575e-05,1.094441294670105,330672.25,0.9490993022918701,183357,45,0.873971599767831,0.672747459000675,0.6863493323326111,3.1623854738427326e-05,0.6863812208175659,344851.15625,0.9875264167785645,901585,221,1.0229610287660578,3.50492099999974,0.9256908893585205,4.8926667659543455e-05,0.9257398247718811,433780.90625,0.9505391120910645,222317,55,1.2139321721820335,0.8396378339966759,1.0853800773620605,6.304308772087097e-05,1.0854430198669434,283628.40625,0.968230128288269,268997,66,1.5665358509996532,1.0145667920005508,1.2554457187652588,1.3618142475024797e-05,1.2554595470428467,280258.34375,0.9311910271644592,96935,24,0.6955206343870396,0.3561045419992297,6.3879776269968715,0.0012067089992342517,6.389184335996106,1.5046293330015033,7.893813668997609,0.021905872999923304
32,0.0001,0.9810618753817323,3.308773830024447e-05,0.9810949241402588,1673190.6875,1.1894180772467375,0.9712390738044636,0.5377132336499597,0.3864841547430645,0.5377132336499597,0.3422795022352213,0.9747005024495204,0.4558099863875153,0.040638606676342524,0.02190923317683881,0.9999209138840071,0.9915447711772839,0.9957152274225445,344284,341400,0.10677749360613811,0.9681159420289855,0.19234091563489777,345,3128,0.0536779324055666,0.08307692307692308,0.06521739130434782,325,503,0.13690476190476192,0.026467203682393557,0.044358727097396335,869,168,0.6204529855868223,0.7639974646101838,0.6847836379130764,4733,5828,0.6535812672176309,0.2835374962653122,0.3954990623046468,3347,1452,0.8736673773987207,0.6598228663446055,0.751834862385321,2484,1876,0.28,0.02190923317683881,0.040638606676342524,1917,150,0.055010330578512394,0.9953271028037384,0.10425844346549193,214,3872,0.08484848484848485,0.5833333333333334,0.14814814814814814,24,165,1.076564908027649,1.6825202692416497e-05,1.0765818357467651,330672.25,0.9508336186408997,183357,45,0.7558467405579192,0.7068258750005043,0.6865413784980774,3.893406756105833e-05,0.6865800023078918,344850.84375,0.9876994490623474,901585,221,1.079446279261507,3.4667625419970136,0.9246862530708313,4.8409645387437195e-05,0.9247349500656128,433780.9375,0.9500938057899475,222317,55,1.2009539926058048,0.8342602920019999,1.0400025844573975,4.14647875004448e-05,1.0400440692901611,283628.3125,0.9683527946472168,268997,66,1.0939323486162047,0.9948534169961931,1.2583874464035034,1.2889009667560458e-05,1.2584000825881958,280258.34375,0.9335843324661255,96935,24,0.6671262905784221,0.3541495000026771,6.356851625998388,0.0012112920012441464,6.358062917999632,1.533626957992965,7.891689875992597,0.022758499006158672
33,0.0001,0.9793338170398521,4.020158603267567e-05,0.9793738883048834,1673190.875,1.1652979043828655,0.9711581906722225,0.5429577094020331,0.4149149378123253,0.5429577094020331,0.3408892537769235,0.9749156967214975,0.45458992656200703,0.05627198124267292,0.04121022430881586,0.9999208976650162,0.9913414506628249,0.995612691689493,344284,341330,0.10870268521514073,0.9739130434782609,0.19557625145518046,345,3091,0.045454545454545456,0.07384615384615385,0.05627198124267292,325,528,0.17142857142857143,0.04833141542002301,0.07540394973070018,869,245,0.6224778761061946,0.7430804986266638,0.6774535298083405,4733,5650,0.6733376371852808,0.31162234837167613,0.42606209150326796,3347,1549,0.823766364551863,0.6586151368760065,0.7319910514541387,2484,1986,0.6124031007751938,0.04121022430881586,0.0772238514173998,1917,129,0.05725403001667593,0.9626168224299065,0.1080797481636936,214,3598,0.034403669724770644,0.625,0.06521739130434782,24,436,1.0843937397003174,1.7517209926154464e-05,1.0844112634658813,330672.3125,0.9500918984413147,183357,45,0.8035059611889618,0.7000071669972385,0.6846246123313904,3.879276482621208e-05,0.6846636533737183,344850.96875,0.9877737760543823,901585,221,1.1413953299525497,3.417327875002229,0.9134508371353149,5.775864337920211e-05,0.913508415222168,433780.90625,0.9495270252227783,222317,55,1.511702310733962,0.8317609169971547,1.0657190084457397,6.684975232928991e-05,1.065785527229309,283628.34375,0.9663713574409485,268997,66,1.7132475403906238,1.0156764579951414,1.2325565814971924,1.45568137668306e-05,1.2325708866119385,280258.34375,0.9334502220153809,96935,24,0.6802950766092871,0.3543439170025522,6.319116333994316,0.0011306660016998649,6.320246999996016,1.5387389169991366,7.858985916995152,0.023029041003610473
34,0.0001,0.9781985362700272,3.4132797692193215e-05,0.9782326309255316,1673191.125,1.189357747683378,0.9715793407745815,0.546000747058405,0.41373986616964553,0.546000747058405,0.3446427240590274,0.975134565350542,0.468452952024023,0.046,0.023995826812728223,0.9999179965382824,0.9916841909586271,0.995784073392997,344284,341449,0.1103086014445174,0.9739130434782609,0.19817163078737834,345,3046,0.048728813559322036,0.07076923076923076,0.05771643663739021,325,472,0.13994169096209913,0.05523590333716916,0.07920792079207921,869,343,0.6292451170156608,0.7555461652229031,0.6866359447004609,4733,5683,0.6956521739130435,0.31072602330445176,0.429574555968608,3347,1495,0.8444444444444444,0.6578099838969405,0.7395338311835257,2484,1935,0.5542168674698795,0.023995826812728223,0.046,1917,83,0.05634920634920635,0.9953271028037384,0.10665998998497747,214,3780,0.05859375,0.625,0.10714285714285714,24,256,1.084862232208252,1.8555534552433528e-05,1.0848807096481323,330672.3125,0.9506754875183105,183357,45,0.7879344494423131,0.6808359999995446,0.6780937910079956,3.277695577708073e-05,0.6781262159347534,344851.1875,0.9877172112464905,901585,221,1.0028358469429943,3.4248092919951887,0.9224428534507751,5.141549991094507e-05,0.9224943518638611,433780.9375,0.9516546130180359,222317,55,1.2280516305421618,0.8142762909992598,1.027248501777649,4.777455615112558e-05,1.0272963047027588,283628.375,0.9700145125389099,268997,66,1.2177260740685791,0.9768819579985575,1.2582777738571167,1.3624703569803387e-05,1.258291482925415,280258.3125,0.9338422417640686,96935,24,0.678580095179886,0.37020841599587584,6.267011956988426,0.001153541001258418,6.268165497989685,1.4894155419970048,7.75758103998669,0.021433626010548323
35,0.0001,0.9722128453874646,3.0868265628541024e-05,0.9722438023272671,1673191.0625,1.1758899028605254,0.9718805607153416,0.5488969189559494,0.4110794051789761,0.5488969189559494,0.34896323931686835,0.9756387972335469,0.4613579429060576,0.053019145802650956,0.04487917146144994,0.9999150713254438,0.991721950482741,0.9958016586292029,344284,341463,0.10854206807964033,0.9797101449275363,0.1954322058398381,345,3114,0.05084745762711865,0.055384615384615386,0.053019145802650956,325,354,0.1703056768558952,0.04487917146144994,0.07103825136612021,869,229,0.6255982981740826,0.7456158884428481,0.6803547329863119,4733,5641,0.6726835138387485,0.3340304750522856,0.4463964863246157,3347,1662,0.8733297701763763,0.6578099838969405,0.7504018369690012,2484,1871,0.5125,0.06416275430359937,0.11404728789986092,1917,240,0.05938375350140056,0.9906542056074766,0.11205073995771671,214,3570,0.03768844221105527,0.625,0.07109004739336493,24,398,1.0720584392547607,1.894818888104055e-05,1.0720773935317993,330672.3125,0.9502391219139099,183357,45,0.8251066019126595,0.6815755830029957,0.67458575963974,3.0022843930055387e-05,0.6746160984039307,344851.0625,0.9882506728172302,901585,221,1.0009460635307215,3.378582583005482,0.899233341217041,4.1163137211697176e-05,0.8992745280265808,433780.96875,0.9531480073928833,222317,55,1.1309904350339333,0.8156538330003968,1.0540283918380737,4.490814171731472e-05,1.054073452949524,283628.375,0.9700554013252258,268997,66,1.5464431510290995,0.9684087079949677,1.2507870197296143,1.582984441483859e-05,1.2508028745651245,280258.34375,0.933635950088501,96935,24,0.7250726300554271,0.3805661250007688,6.224786832004611,0.0011021250029443763,6.225888957007555,1.5741247920013848,7.80001374900894,0.020356584995170124
36,0.0001,0.9735166301813657,3.46032944618264e-05,0.9735512571320032,1673190.9375,1.239268267471561,0.9718666153477138,0.5236747864416252,0.3680969740653328,0.5236747864416252,0.3618274237604483,0.9750045780073214,0.4715357783354518,0.0,0.0,0.9999180121459149,0.9918729885791963,0.9958792530745205,344284,341514,0.11331058020477816,0.9623188405797102,0.20274809160305343,345,2930,0.0556792873051225,0.07692307692307693,0.06459948320413436,325,449,0.11907983761840325,0.10126582278481013,0.10945273631840796,869,739,0.6294006525845784,0.7743503063596028,0.6943918150814703,4733,5823,0.6282689912826899,0.3014639976097998,0.40742984050070663,3347,1606,0.8547544409613375,0.6586151368760065,0.7439745338790359,2484,1914,0.0,0.0,0.0,1917,25,0.058335716328281384,0.9532710280373832,0.1099434114793856,214,3497,0.2222222222222222,0.4166666666666667,0.2898550724637681,24,45,1.1033824682235718,2.689091161300894e-05,1.1034096479415894,330672.28125,0.9509536027908325,183357,45,0.8765972829018754,0.7265286659967387,0.6749975085258484,3.958790694014169e-05,0.6750370264053345,344851.0625,0.9884747266769409,901585,221,1.3374413766279787,3.5643507499989937,0.896449863910675,4.077054836670868e-05,0.8964905738830566,433780.90625,0.953296422958374,222317,55,1.1422979288429893,0.8757938749986351,1.041866660118103,4.732737215817906e-05,1.0419141054153442,283628.375,0.970352828502655,268997,66,1.3204346824576123,1.0688496249931632,1.2377218008041382,1.5146869372983929e-05,1.2377368211746216,280258.3125,0.9359983205795288,96935,24,0.7260498903479016,0.3602556249970803,6.595778540984611,0.0011925409999093972,6.59697108198452,1.6221387919940753,8.219109873978596,0.019959584016760346
37,0.0001,0.9811221057156103,4.1540925980095564e-05,0.9811636804600998,1673191.28125,1.1548715188978518,0.9701541242030223,0.5423982913563292,0.4158837099008902,0.5423982913563292,0.34859316142287833,0.9753145417658915,0.47827757001679877,0.05345911949685535,0.052307692307692305,0.9999121782430379,0.9921198777753251,0.9960007873039941,344284,341601,0.10938511326860842,0.9797101449275363,0.1967976710334789,345,3090,0.05466237942122187,0.052307692307692305,0.05345911949685535,325,311,0.08100328947368421,0.22669735327963175,0.11935777037261436,869,2432,0.735084213531259,0.5440523980562011,0.6253035454103933,4733,3503,0.6844238563983787,0.35315207648640573,0.4659046117461569,3347,1727,0.8743987172634955,0.6586151368760065,0.7513203214695752,2484,1871,0.5233160621761658,0.05268648930620762,0.09573459715639811,1917,193,0.06147540983606557,0.9813084112149533,0.11570247933884298,214,3416,0.035175879396984924,0.5833333333333334,0.06635071090047394,24,398,1.0810155868530273,2.2515472664963454e-05,1.081038236618042,330672.34375,0.9508718252182007,183357,45,0.8923696586481026,0.722673082993424,0.6689212918281555,3.958258457714692e-05,0.6689609885215759,344851.21875,0.9883272051811218,901585,221,1.1554470234150762,3.4567415000055917,0.923665463924408,5.199030420044437e-05,0.9237175583839417,433780.96875,0.9528465867042542,222317,55,1.2924221992688274,0.8362418750039069,1.0866886377334595,7.66814046073705e-05,1.0867652893066406,283628.4375,0.970393717288971,268997,66,1.7322722663918961,1.0142239999986487,1.2295098304748535,1.4661963177786674e-05,1.2295243740081787,280258.3125,0.9346882104873657,96935,24,0.6925451366843057,0.35162991699326085,6.381510374994832,0.0012129999959142879,6.382723374990746,1.5346543749983539,7.9173777499891,0.021503000003576744
38,0.0001,0.9537217443667845,2.922252877770549e-05,0.9537509643577557,1673190.96875,1.1710859815380732,0.9715904970686837,0.5430468905582687,0.41173871768307846,0.5430468905582687,0.3466033048115563,0.9752789784511101,0.49304439170786873,0.04433497536945813,0.03755868544600939,0.9999150626193517,0.9916202902255115,0.9957504025013417,344284,341428,0.0992679355783309,0.9826086956521739,0.1803191489361702,345,3415,0.03696098562628337,0.055384615384615386,0.04433497536945813,325,487,0.14805825242718446,0.07019562715765247,0.09523809523809523,869,412,0.6554559043348281,0.7411789562645257,0.6956866633614278,4733,5352,0.663840096910963,0.3274574245593068,0.43857543017206885,3347,1651,0.7782526115859449,0.6598228663446055,0.714161220043573,2484,2106,0.6101694915254238,0.03755868544600939,0.07076167076167077,1917,118,0.0626865671641791,0.9813084112149533,0.11784511784511785,214,3350,0.06278026905829596,0.5833333333333334,0.11336032388663968,24,223,1.0596319437026978,1.5655195966246538e-05,1.0596476793289185,330672.28125,0.9510899782180786,183357,45,0.7586603681500721,0.7230061660011415,0.6691288948059082,3.668594945338555e-05,0.6691656112670898,344850.90625,0.9878957867622375,901585,221,1.4191625452435612,3.5227459160014405,0.8732638955116272,4.1690895159263164e-05,0.8733054399490356,433781.0,0.953390896320343,222317,55,1.152856117636736,0.8359079170040786,1.025843858718872,3.1228031730279326e-05,1.0258749723434448,283628.4375,0.9707171320915222,268997,66,1.8460846557062243,0.9903257910045795,1.2304868698120117,1.471882114856271e-05,1.2305017709732056,280258.34375,0.9341414570808411,96935,24,0.7097288858324334,0.37706495800375706,6.449050748014997,0.0023508750018663704,6.451401623016864,1.5265172500003246,7.977918873017188,0.021811126978718676
39,0.0001,0.9603857894137608,3.354131279768026e-05,0.9604193984727386,1673191.0,1.1146191765595441,0.9722793982294962,0.5518703060583507,0.394623985343094,0.5518703060583507,0.35789092582822424,0.9759695756150715,0.47225683529511553,0.05714285714285714,0.05178365937859609,0.9999180138263826,0.9918933206306422,0.995889502117949,344284,341521,0.11133266866068461,0.9710144927536232,0.1997614788312463,345,3009,0.04943820224719101,0.06769230769230769,0.05714285714285714,325,445,0.1724137931034483,0.05178365937859609,0.07964601769911504,869,261,0.6450367647058823,0.7413902387492077,0.6898653297945542,4733,5440,0.5985808413583376,0.3528533014639976,0.44398496240601504,3347,1973,0.8747334754797441,0.6606280193236715,0.7527522935779817,2484,1876,0.3713592233009709,0.07981220657276995,0.13138686131386862,1917,412,0.06220238095238095,0.9766355140186916,0.11695579182988249,214,3360,0.061224489795918366,0.625,0.11152416356877323,24,245,1.0885626077651978,2.4260574718937278e-05,1.0885869264602661,330672.25,0.9489411115646362,183357,45,0.8932382012717585,0.709633082995424,0.6736887097358704,3.681600355776027e-05,0.6737255454063416,344851.09375,0.987727165222168,901585,221,1.106512207406273,3.428777249995619,0.8645067811012268,4.464847006602213e-05,0.8645516037940979,433781.0,0.9509934186935425,222317,55,1.236101537282604,0.8201384579951991,1.0293024778366089,4.176689617452212e-05,1.0293442010879517,283628.34375,0.9684457182884216,268997,66,1.4112406560746455,1.0296718749959837,1.2405810356140137,1.4946035662433133e-05,1.2405961751937866,280258.3125,0.9327900409698486,96935,24,0.7370456480508649,0.3568799999993644,6.34510066598159,0.0011569999987841584,6.346257665980374,1.5435936670037336,7.889851332984108,0.020553042013489176
40,0.0001,0.9485024796929938,2.934347330412839e-05,0.9485317650525253,1673191.0,1.1543532411495765,0.9726029307584606,0.5473136518243257,0.41898246300704856,0.5473136518243257,0.35937161149863506,0.9759649280536175,0.47063521940440617,0.031512605042016806,0.01726121979286536,0.9999150971844469,0.9920240266756515,0.9959539316848703,344284,341567,0.11312520980194696,0.9768115942028985,0.20276774969915765,345,2979,0.05612244897959184,0.06769230769230769,0.061366806136680614,325,392,0.18072289156626506,0.01726121979286536,0.031512605042016806,869,83,0.6303823630726835,0.7732938939361927,0.6945630515229149,4733,5806,0.657396449704142,0.3319390498954287,0.441135596585269,3347,1690,0.834941594718131,0.6618357487922706,0.738378621154278,2484,1969,0.5618729096989966,0.08763693270735524,0.15162454873646208,1917,299,0.05812344312205923,0.9813084112149533,0.10974653775803501,214,3613,0.09722222222222222,0.5833333333333334,0.16666666666666666,24,144,1.0415856838226318,1.659891859162599e-05,1.041602373123169,330672.3125,0.9512372016906738,183357,45,0.729062078701066,0.6837567090042285,0.6645351052284241,4.7442412324016914e-05,0.6645825505256653,344851.125,0.9880954027175903,901585,221,1.2098423466359607,3.4348306669999147,0.8782247304916382,3.0676263122586533e-05,0.8782551288604736,433780.90625,0.9522798657417297,222317,55,1.0604031194904808,0.8426153749969671,1.0064619779586792,3.664993346319534e-05,1.0064985752105713,283628.34375,0.9695907235145569,268997,66,1.1192169055273804,1.0382554579991847,1.2382086515426636,1.2653066733037122e-05,1.238221526145935,280258.3125,0.9360808730125427,96935,24,0.6422865562661508,0.35607641599926865,6.355534624999564,0.0012154169962741435,6.356750041995838,1.553931874994305,7.910681916990143,0.02136241700645769
