round,val_loss,accuracy,balanced_accuracy,macro_precision,macro_recall,macro_f1,weighted_f1,macro_pr_auc,worst_class_f1,worst_class_recall,precision_c0,recall_c0,f1_c0,support_c0,predicted_count_c0,precision_c1,recall_c1,f1_c1,support_c1,predicted_count_c1,precision_c2,recall_c2,f1_c2,support_c2,predicted_count_c2,precision_c3,recall_c3,f1_c3,support_c3,predicted_count_c3,precision_c4,recall_c4,f1_c4,support_c4,predicted_count_c4,precision_c5,recall_c5,f1_c5,support_c5,predicted_count_c5,precision_c6,recall_c6,f1_c6,support_c6,predicted_count_c6,precision_c7,recall_c7,f1_c7,support_c7,predicted_count_c7,precision_c8,recall_c8,f1_c8,support_c8,predicted_count_c8,precision_c9,recall_c9,f1_c9,support_c9,predicted_count_c9,train_loss_client_0,train_accuracy_client_0,train_samples_client_0,train_batches_client_0,update_l2_client_0,train_seconds_client_0,train_loss_client_1,train_accuracy_client_1,train_samples_client_1,train_batches_client_1,update_l2_client_1,train_seconds_client_1,train_loss_client_2,train_accuracy_client_2,train_samples_client_2,train_batches_client_2,update_l2_client_2,train_seconds_client_2,train_loss_client_3,train_accuracy_client_3,train_samples_client_3,train_batches_client_3,update_l2_client_3,train_seconds_client_3,train_loss_client_4,train_accuracy_client_4,train_samples_client_4,train_batches_client_4,update_l2_client_4,train_seconds_client_4,round_train_seconds,aggregation_seconds,fl_round_seconds,validation_seconds,round_total_seconds,round_orchestration_seconds
1,2.965932566848354,0.9580272325139035,0.20119529166529562,0.19427931790306613,0.20119529166529562,0.18087212684587742,0.9513998917830394,0.25754706858531323,0.0,0.0,0.9779018336410873,0.9921634464569948,0.9849810190184677,344284,349305,0.15700934579439252,0.48695652173913045,0.23745583038869258,345,1070,0.0,0.0,0.0,325,0,0.0,0.0,0.0,869,0,0.25867315885575165,0.08979505598985844,0.1333124215809285,4733,1643,0.15664018161180476,0.24738571855392888,0.19182207807251245,3347,5286,0.3925686591276252,0.1956521739130435,0.261149919398173,2484,1238,0.0,0.0,0.0,1917,0,0.0,0.0,0.0,214,0,0.0,0.0,0.0,24,0,2.023768901824951,0.0934852734208107,29748,8,0.7024405310248941,0.14669379102997482,0.658534824848175,0.8561261892318726,717455,176,3.625230798279942,2.7527885410236195,2.2414703369140625,0.13867509365081787,7276,2,0.26952474545667304,0.06055291590746492,2.0619349479675293,0.3495345115661621,16542,5,0.5462648901059772,0.10185658396221697,0.4717622697353363,0.98085618019104,902170,221,3.6585295491325356,3.3358836659463122,6.397775497869588,0.001246958039700985,6.399022455909289,1.5568801669869572,7.955902622896247,0.016203211154788733
2,2.73997110401344,0.9649943381807431,0.35055724394562304,0.23860187825051535,0.35055724394562304,0.26464705666956956,0.9656133264942076,0.3026215128024571,0.0,0.0,0.9957527135441245,0.9867144566694938,0.991212981969325,344284,341159,0.14277456647398845,0.7159420289855073,0.2380722891566265,345,1730,0.0,0.0,0.0,325,0,0.0,0.0,0.0,869,0,0.46720312118995366,0.40481724065075003,0.4337785827484718,4733,4101,0.30763555883437843,0.747535106065133,0.43588850174216026,3347,8133,0.4726528224627084,0.6505636070853462,0.5475182110791124,2484,3419,0.0,0.0,0.0,1917,0,0.0,0.0,0.0,214,0,0.0,0.0,0.0,24,0,1.9183189868927002,0.6012169122695923,29748,8,0.9805294664930342,0.10119858395773917,0.3800520598888397,0.9813354015350342,717455,176,1.9053530732624804,2.649297208059579,3.9442760944366455,0.07820230722427368,7276,2,0.7174185420453959,0.04701791692059487,2.1320641040802,0.29004958271980286,16542,5,0.8413192839117671,0.05631849996279925,0.2827512323856354,0.9836970567703247,902170,221,1.9619723150435602,3.36534591706004,6.219178125960752,0.0013574579497799277,6.220535583910532,1.509419999900274,7.729955583810806,0.01679204113315791
3,2.802785340553001,0.9664920706639668,0.35478646417773346,0.23333145552828904,0.35478646417773346,0.2657530325138316,0.9673305218639485,0.31981967945894885,0.0,0.0,0.9974035956532964,0.987472551730548,0.9924132294129667,344284,340856,0.14285714285714285,0.7304347826086957,0.23897581792318634,345,1764,0.0,0.0,0.0,325,0,0.0,0.0,0.0,869,0,0.4856067732831609,0.5453200929642933,0.513734076433121,4733,5315,0.33691931540342296,0.6175679713175979,0.435983969626661,3347,6135,0.37052772808586765,0.6670692431561996,0.47642323174238066,2484,4472,0.0,0.0,0.0,1917,0,0.0,0.0,0.0,214,0,0.0,0.0,0.0,24,0,1.8453354835510254,0.6887521743774414,29748,8,0.9288413530832877,0.12517891603056341,0.3398853838443756,0.9830358624458313,717455,176,1.6414958005259417,2.617137167020701,4.114142894744873,0.13840022683143616,7276,2,0.7282070933261376,0.024674875079654157,2.1442973613739014,0.3342401087284088,16542,5,0.8723825016592534,0.057495374931022525,0.231069415807724,0.9847467541694641,902170,221,1.2451414068521864,3.377146416110918,6.201632749172859,0.0012081669410690665,6.202840916113928,1.5499922089511529,7.752833125065081,0.015104875783436
4,2.8050581280165017,0.9676328017359194,0.35898977297713486,0.2377051595140503,0.35898977297713486,0.269832955506388,0.9682047427656767,0.3364256569199191,0.0,0.0,0.9973324187340421,0.9882045055826004,0.9927474807307085,344284,341133,0.14301801801801803,0.736231884057971,0.23950966525223952,345,1776,0.0,0.0,0.0,325,0,0.0,0.0,0.0,869,0,0.5183346065699007,0.5734206634270019,0.5444879125288394,4733,5236,0.378501273190251,0.6217508216313116,0.47054833239118143,3347,5498,0.33986527862829147,0.6702898550724637,0.4510361641609102,2484,4899,0.0,0.0,0.0,1917,0,0.0,0.0,0.0,214,0,0.0,0.0,0.0,24,0,1.8365707397460938,0.7053247094154358,29748,8,0.9492840499159142,0.10065895796287805,0.30660828948020935,0.9841272234916687,717455,176,1.495234623114754,2.6637735419208184,4.290339469909668,0.14733369648456573,7276,2,0.7835165381305017,0.02590679202694446,2.192150115966797,0.3437311053276062,16542,5,0.9037435192358725,0.055793624953366816,0.25814712047576904,0.9851147532463074,902170,221,1.2467993716020063,3.321700625005178,6.167833541869186,0.0011707080993801355,6.169004249968566,1.539801917038858,7.708806167007424,0.015580292092636228
5,2.7440177197193316,0.9724802115233362,0.3848768436801201,0.2830733825520306,0.3848768436801201,0.30169327968711357,0.9729743119211066,0.3493967910256566,0.0,0.0,0.9994754686350756,0.9906879204377781,0.9950622938671794,344284,341257,0.15086463923673227,0.7333333333333333,0.2502472799208704,345,1677,0.0,0.0,0.0,325,0,0.0,0.0,0.0,869,0,0.6407494145199063,0.5780688780900063,0.6077974008663779,4733,4270,0.32883231876037633,0.8876605915745444,0.479890163140042,3347,9035,0.7108119843682154,0.6590177133655395,0.683935659076666,2484,2303,0.0,0.0,0.0,1917,0,0.0,0.0,0.0,214,0,0.0,0.0,0.0,24,0,1.8455429077148438,0.710938572883606,29748,8,0.9864034232111621,0.09917241695802659,0.29006585478782654,0.9850541353225708,717455,176,1.3564665585358318,2.6277635419974104,4.132525444030762,0.152006596326828,7276,2,0.7500248907349785,0.02483879099600017,2.1928751468658447,0.35775601863861084,16542,5,0.8805047336835254,0.08197341696359217,0.2239999771118164,0.9861279129981995,902170,221,1.110790595755015,3.317308208090253,6.1510563750052825,0.001212791888974607,6.152269166894257,1.5456263329833746,7.697895499877632,0.015983207966201007
6,2.7876322808873506,0.9748732366082634,0.39233203454153637,0.2728422406152802,0.39233203454153637,0.3023364444856188,0.974548790060668,0.3631542968031558,0.0,0.0,0.9996694108491753,0.9924974730164632,0.9960705321980242,344284,341814,0.1321867321867322,0.7797101449275362,0.22605042016806723,345,2035,0.0,0.0,0.0,325,0,0.0,0.0,0.0,869,0,0.6289655172413793,0.6744136911050074,0.6508972267536705,4733,5075,0.408267185861914,0.8144607110845533,0.5438946528332003,3347,6677,0.5593335600136008,0.6622383252818036,0.6064516129032258,2484,2941,0.0,0.0,0.0,1917,0,0.0,0.0,0.0,214,0,0.0,0.0,0.0,24,0,1.7852994203567505,0.7148379683494568,29748,8,0.9422803499425583,0.12803004204761237,0.28383317589759827,0.9858555793762207,717455,176,1.321434816496224,2.609693541075103,4.049749851226807,0.16465090215206146,7276,2,0.7384449547715427,0.02514554199296981,2.1985268592834473,0.3774029612541199,16542,5,0.8888492522486988,0.055602500098757446,0.19807030260562897,0.9873460531234741,902170,221,1.0424532330638148,3.3526345419231802,6.171106167137623,0.001211583032272756,6.172317750169896,1.5460946669336408,7.718412417103536,0.015494707855395973
7,2.6360386489031047,0.9739388969772022,0.3975295143992923,0.30597171456475414,0.3975295143992923,0.30247134193829545,0.9749815665610257,0.37006132707538386,0.0,0.0,0.999611123618831,0.9930115834601666,0.9963004247444612,344284,342011,0.08838105726872247,0.9304347826086956,0.16142821222026654,345,3632,0.0,0.0,0.0,325,0,0.0,0.0,0.0,869,0,0.826551724137931,0.5064441157828016,0.6280623608017817,4733,2900,0.3764466488617576,0.8843740663280549,0.528099910793934,3347,7863,0.7687265917602997,0.6610305958132046,0.7108225108225108,2484,2136,0.0,0.0,0.0,1917,0,0.0,0.0,0.0,214,0,0.0,0.0,0.0,24,0,1.804034948348999,0.7237797379493713,29748,8,0.9552951451114344,0.10044562502298504,0.2803249955177307,0.9866653680801392,717455,176,1.3118457593397668,2.6499435410369188,4.197827339172363,0.17207257449626923,7276,2,0.7730970768412472,0.02525904099456966,2.2394657135009766,0.3756498694419861,16542,5,0.8960250740665615,0.057437999988906085,0.206503227353096,0.9886041283607483,902170,221,1.0450173245267578,3.3317310420097783,6.164817249053158,0.001135542057454586,6.1659527911106125,1.5415616249665618,7.707514416077174,0.015356041956692934
8,2.684805371700783,0.9757211149600326,0.3971206308586342,0.2820304291947251,0.3971206308586342,0.30688401252932385,0.9751578744836084,0.3691203456938526,0.0,0.0,0.9992228085245634,0.993342705440857,0.9962740808282669,344284,342258,0.1416243654822335,0.808695652173913,0.241036717062635,345,1970,0.0,0.0,0.0,325,0,0.0,0.0,0.0,869,0,0.7257129047849202,0.6344813015001056,0.6770375380453162,4733,4138,0.4068743887103535,0.8700328652524649,0.5544554455445545,3347,7157,0.5468698244451805,0.6646537842190016,0.600036343812466,2484,3019,0.0,0.0,0.0,1917,0,0.0,0.0,0.0,214,0,0.0,0.0,0.0,24,0,1.7945160865783691,0.6940298676490784,29748,8,0.9455241752505705,0.10106679203454405,0.2639750838279724,0.9880675673484802,717455,176,1.1391040961528875,2.6427919999696314,4.008232593536377,0.15516766905784607,7276,2,0.7209207082288498,0.027879166998900473,2.1564371585845947,0.3909442722797394,16542,5,0.8007818390681264,0.08263058308511972,0.19951845705509186,0.9897358417510986,902170,221,1.040999713010295,3.467150792013854,6.3215193341020495,0.0014000419760122895,6.322919376078062,1.5940852500498295,7.917004626127891,0.015535956947132945
9,2.6923346069479352,0.9757294821806093,0.40401077912289224,0.3032243797343,0.40401077912289224,0.31394750146505285,0.9757912492976899,0.385270128303392,0.0,0.0,0.9992696251716381,0.9934821252222003,0.9963674709499631,344284,342290,0.12415439713489852,0.9043478260869565,0.21833449965010496,345,2513,0.0,0.0,0.0,325,0,0.0,0.0,0.0,869,0,0.7205812291567413,0.6391295161631101,0.6774157429179263,4733,4198,0.3756142914065613,0.8449357633701823,0.5200441338727473,3347,7529,0.812624254473161,0.6582125603864735,0.7273131672597865,2484,2012,0.0,0.0,0.0,1917,0,0.0,0.0,0.0,214,0,0.0,0.0,0.0,24,0,1.7675561904907227,0.7206870913505554,29748,8,0.9359917936593853,0.1267525830771774,0.26010894775390625,0.9886654615402222,717455,176,1.1621715216488349,2.672554999939166,4.05102014541626,0.17743265628814697,7276,2,0.725529759672305,0.0240835000295192,2.224409580230713,0.3881634771823883,16542,5,0.8643098481456413,0.055174042005091906,0.189223051071167,0.9904075860977173,902170,221,0.9053218426360597,3.289228207897395,6.167793332948349,0.001191333052702248,6.168984666001052,1.532667874940671,7.701652540941723,0.014383792062290013
10,2.702930791573986,0.9756402318277915,0.40906767990143794,0.30842972784378236,0.40906767990143794,0.3146704313463126,0.976311718087857,0.3862875700580285,0.0,0.0,0.99964046021093,0.9933107550742991,0.9964655559246374,344284,342104,0.09461009174311927,0.9565217391304348,0.17218888599008608,345,3488,0.0,0.0,0.0,325,0,0.0,0.0,0.0,869,0,0.717630531491454,0.6475808155503908,0.6808085295424255,4733,4271,0.4132389798024473,0.8374663878099791,0.5534057255676209,3347,6783,0.8591772151898734,0.6557971014492754,0.7438356164383562,2484,1896,0.0,0.0,0.0,1917,0,0.0,0.0,0.0,214,0,0.0,0.0,0.0,24,0,1.7917429208755493,0.7197458744049072,29748,8,0.952241181478387,0.09813449997454882,0.2536497712135315,0.9892522692680359,717455,176,1.1591612059960554,2.661775166983716,4.127467632293701,0.18045629560947418,7276,2,0.7368494071294538,0.024808334070257843,2.1983203887939453,0.3992866575717926,16542,5,0.8055306728797313,0.05535937496460974,0.16916176676750183,0.9909961819648743,902170,221,0.8839692611767703,3.28844995808322,6.128527334076352,0.0011079999385401607,6.129635334014893,1.5257708339486271,7.65540616796352,0.015797331929206848
11,2.6822039239466684,0.9756848570042004,0.40878738039697293,0.32173907245235944,0.40878738039697293,0.3164193563743193,0.976525571939705,0.37793148573023094,0.0,0.0,0.9996434697986774,0.9935547396916499,0.9965898049589859,344284,342187,0.09712762807225347,0.9507246376811594,0.17624932831810855,345,3377,0.0,0.0,0.0,325,0,0.0,0.0,0.0,869,0,0.8131517960602549,0.5930699345024297,0.6858888210140501,4733,3452,0.3861322335352494,0.8951299671347476,0.5395281829641635,3347,7759,0.9213355970571591,0.6553945249597424,0.7659374264878852,2484,1767,0.0,0.0,0.0,1917,0,0.0,0.0,0.0,214,0,0.0,0.0,0.0,24,0,1.7928822040557861,0.7220317125320435,29748,8,0.9411334917836078,0.09889150003436953,0.2467246949672699,0.9895519614219666,717455,176,1.0560054227140436,2.6424747919663787,4.272343158721924,0.18980209529399872,7276,2,0.762492096016715,0.02528637507930398,2.245835304260254,0.394510954618454,16542,5,0.8441843530784487,0.08102104102727026,0.1690646857023239,0.9912511110305786,902170,221,0.875925953039919,3.2552755419164896,6.102949250023812,0.0011300420155748725,6.104079292039387,1.5313585830153897,7.635437875054777,0.015801665955223143
12,2.676995006251334,0.9764964774001372,0.3970277146327268,0.29181667308903075,0.3970277146327268,0.3129354524267288,0.9760403137059727,0.39386177026407276,0.0,0.0,0.999173476480587,0.9936999686305492,0.99642920594977,344284,342398,0.1035492133186974,0.8202898550724638,0.1838856400259909,345,2733,0.0,0.0,0.0,325,0,0.0,0.0,0.0,869,0,0.5735363365248783,0.7720261990281005,0.6581412103746398,4733,6371,0.5023853972204937,0.7236331042724828,0.5930460333006856,3347,4821,0.7395223073456512,0.6606280193236715,0.6978524346162024,2484,2219,0.0,0.0,0.0,1917,0,0.0,0.0,0.0,214,0,0.0,0.0,0.0,24,0,1.770462989807129,0.7183340191841125,29748,8,0.9419537501409398,0.125065749976784,0.24987681210041046,0.9899436235427856,717455,176,1.0573488081640132,2.6256196659523994,4.23590087890625,0.19021441042423248,7276,2,0.7575439460870204,0.02512725000269711,2.221506357192993,0.4108330309391022,16542,5,0.7972739824327066,0.058602542034350336,0.16210035979747772,0.991612434387207,902170,221,0.9255474093021806,3.2825532499700785,6.116968457936309,0.0011392090236768126,6.118107666959986,1.5233254579361528,7.641433124896139,0.01514262508135289
13,2.770516985181976,0.9764295396355239,0.4056143859968854,0.30546624999681365,0.4056143859968854,0.317210808921813,0.9763279713411497,0.39403641079532836,0.0,0.0,0.9995267502935901,0.9938074380453347,0.9966588891898899,344284,342314,0.12938689217758986,0.8869565217391304,0.22583025830258302,345,2365,0.0,0.0,0.0,325,0,0.0,0.0,0.0,869,0,0.7117300724637681,0.6640608493555884,0.6870696250956388,4733,4416,0.38144881047848167,0.8527039139527935,0.5271031489518885,3347,7482,0.8325699745547074,0.6586151368760065,0.7354461676781299,2484,1965,0.0,0.0,0.0,1917,0,0.0,0.0,0.0,214,0,0.0,0.0,0.0,24,0,1.731536626815796,0.7286540269851685,29748,8,0.9212033898536484,0.10079866601154208,0.2396397739648819,0.9901373386383057,717455,176,1.0681072247886072,2.6206332920119166,4.263547897338867,0.19859813153743744,7276,2,0.7469786955561492,0.022277540992945433,2.2588462829589844,0.4007375240325928,16542,5,0.8305485458292629,0.051351375062949955,0.17971375584602356,0.9918640851974487,902170,221,0.8896204308583038,3.3118120830040425,6.106872957083397,0.0011321250349283218,6.108005082118325,1.5235822079703212,7.631587290088646,0.015258542844094336
14,2.6693196694785093,0.9753390118870313,0.4055907760073566,0.2954917222789798,0.4055907760073566,0.31055498078111754,0.9759168351068013,0.3877501832586802,0.0,0.0,0.9996783870232088,0.9931219574537301,0.9963893867202868,344284,342026,0.08880616857218825,0.9681159420289855,0.16268874817340478,345,3761,0.0,0.0,0.0,325,0,0.0,0.0,0.0,869,0,0.6025596072931276,0.7261778998521022,0.6586183769282361,4733,5704,0.4787769060551197,0.7110845533313415,0.5722529454195721,3347,4971,0.7850961538461538,0.6574074074074074,0.7156003505696757,2484,2080,0.0,0.0,0.0,1917,0,0.0,0.0,0.0,214,0,0.0,0.0,0.0,24,0,1.758008599281311,0.7280489206314087,29748,8,0.9504520700569232,0.10029912495519966,0.2412264347076416,0.9901095032691956,717455,176,1.6456549196678156,2.59613329207059,4.347469806671143,0.20079714059829712,7276,2,0.7853039986817796,0.024620332987979054,2.264084577560425,0.4050900638103485,16542,5,0.8380298343247765,0.08182516705710441,0.16701078414916992,0.9920857548713684,902170,221,0.9701796301147046,3.282177583896555,6.085055500967428,0.0010326249757781625,6.086088125943206,1.5950576659524813,7.681145791895688,0.015145749086514115
15,2.633172674217917,0.9758773030774637,0.40744990623633337,0.30310761607180803,0.40744990623633337,0.3122876235182665,0.9762885253258112,0.37341304455777685,0.0,0.0,0.9993195351811993,0.9938887662511182,0.9965967522793896,344284,342413,0.09426462237365134,0.9623188405797102,0.1717093354021205,345,3522,0.0,0.0,0.0,325,0,0.0,0.0,0.0,869,0,0.7438808983093615,0.6228607648425946,0.6780128794848206,4733,3963,0.42934196332254587,0.8323872124290409,0.5664904432696218,3347,6489,0.7642691415313225,0.6630434782608695,0.7100668247467127,2484,2155,0.0,0.0,0.0,1917,0,0.0,0.0,0.0,214,0,0.0,0.0,0.0,24,0,1.7431042194366455,0.727578341960907,29748,8,0.916213997262673,0.12719595804810524,0.2409740537405014,0.9902028441429138,717455,176,1.1310225774178873,2.7040625839727,4.3615193367004395,0.20615722239017487,7276,2,0.7508181502853545,0.025409750058315694,2.2454609870910645,0.3920324146747589,16542,5,0.7952767190538093,0.05515620799269527,0.16589103639125824,0.9919095039367676,902170,221,0.8869322192146628,3.405737292021513,6.317561792093329,0.0012097919825464487,6.318771584075876,1.6066240000072867,7.925395584083162,0.015970998909324408
16,2.68810733556544,0.9764462740766772,0.40953701093765876,0.3128172102467356,0.40953701093765876,0.3174974014157096,0.9769279955264272,0.38323288924085575,0.0,0.0,0.9996465667317062,0.9940485180839075,0.9968396830944891,344284,342356,0.09436133486766399,0.9507246376811594,0.1716828055482858,345,3476,0.0,0.0,0.0,325,0,0.0,0.0,0.0,869,0,0.7227815499882931,0.6522290302133953,0.6856952465570857,4733,4271,0.4266423911394326,0.8401553630116523,0.5659086335278728,3347,6591,0.8847402597402597,0.6582125603864735,0.7548476454293629,2484,1848,0.0,0.0,0.0,1917,0,0.0,0.0,0.0,214,0,0.0,0.0,0.0,24,0,1.7341891527175903,0.7167540788650513,29748,8,0.9154031023283872,0.10401383391581476,0.22801673412322998,0.9907715320587158,717455,176,1.0745531476334143,2.698474833043292,4.081492900848389,0.1947498619556427,7276,2,0.7429646864939377,0.024670167011208832,2.2388033866882324,0.4072663486003876,16542,5,0.8247310302928464,0.05535029200837016,0.17298854887485504,0.9923052191734314,902170,221,0.9047315100933202,3.3422296670032665,6.224738792981952,0.0012764170533046126,6.226015210035257,1.542419333010912,7.768434543046169,0.01574049796909094
17,2.7167329568491496,0.9769678308259563,0.40939748759727995,0.3086208783336028,0.40939748759727995,0.31926453768628404,0.9770289259525509,0.39830844881227656,0.0,0.0,0.999608613997015,0.9940601363990195,0.9968266543558137,344284,342373,0.10184884852416477,0.9101449275362319,0.18319719953325556,345,3083,0.0,0.0,0.0,325,0,0.0,0.0,0.0,869,0,0.6844389336639801,0.6997675892668498,0.6920183869619724,4733,4839,0.4384251968503937,0.8317896623842247,0.5741982056306074,3347,6350,0.8618871903004744,0.6582125603864735,0.7464049303811915,2484,1897,0.0,0.0,0.0,1917,0,0.0,0.0,0.0,214,0,0.0,0.0,0.0,24,0,1.7424476146697998,0.727981686592102,29748,8,0.9277157314836543,0.10182449989952147,0.22333404421806335,0.9907171726226807,717455,176,1.0079573265704762,2.6864417920587584,4.184937477111816,0.2029961496591568,7276,2,0.7492706001074125,0.025920167099684477,2.2475996017456055,0.40648046135902405,16542,5,0.803126317191992,0.08086795802228153,0.15889336168766022,0.9924792647361755,902170,221,0.8493859008134473,3.4119692080421373,6.307023625122383,0.001190916053019464,6.308214541175403,1.5652591660618782,7.873473707237281,0.015448374790139496
18,2.6897413117359994,0.9771491206051174,0.4072683412823814,0.30741620265768904,0.4072683412823814,0.319554687266406,0.9770685089950734,0.3945941251141984,0.0,0.0,0.9995123233267141,0.9941588920774709,0.9968284201513272,344284,342440,0.10139165009940358,0.8869565217391304,0.18198037466547726,345,3018,0.0,0.0,0.0,325,0,0.0,0.0,0.0,869,0,0.662862669245648,0.724065075005282,0.6921135009593052,4733,5170,0.4501746797537847,0.8084852106363908,0.5783287027142552,3347,6011,0.86022070415134,0.6590177133655395,0.746295874173695,2484,1903,0.0,0.0,0.0,1917,0,0.0,0.0,0.0,214,0,0.0,0.0,0.0,24,0,1.7572985887527466,0.7273094058036804,29748,8,0.9551723507853787,0.1265389579348266,0.22865335643291473,0.9911381006240845,717455,176,1.00050879411348,2.623682125005871,4.303668975830078,0.20588235557079315,7276,2,0.7682147479994109,0.024593499954789877,2.253143310546875,0.41566920280456543,16542,5,0.8191694669098197,0.055551207973621786,0.16341134905815125,0.9924193620681763,902170,221,0.9011620089640302,3.4254925409331918,6.255858331802301,0.0010987920686602592,6.256957123870961,1.541382750030607,7.798339873901568,0.014745627180673182
19,2.6233181482282935,0.9764546412972539,0.4097246270383302,0.32008710894545656,0.4097246270383302,0.3185418074385964,0.9771156276306178,0.3788978965753528,0.0,0.0,0.9996991708213221,0.9941908424440288,0.996937397967877,344284,342387,0.09058370044052863,0.9536231884057971,0.16545134523510183,345,3632,0.0,0.0,0.0,325,0,0.0,0.0,0.0,869,0,0.7556526207605344,0.6213817874498204,0.6819710144927537,4733,3892,0.4232727272727273,0.8694353152076486,0.5693602034826845,3347,6875,0.9316628701594533,0.6586151368760065,0.7716981132075472,2484,1756,0.0,0.0,0.0,1917,0,0.0,0.0,0.0,214,0,0.0,0.0,0.0,24,0,1.7315866947174072,0.7327215075492859,29748,8,0.9190279217113385,0.09995745902415365,0.22962962090969086,0.9911659955978394,717455,176,1.0797917704704372,2.683111375081353,4.320821285247803,0.20629467070102692,7276,2,0.7549587035184327,0.024667416932061315,2.2609152793884277,0.413553386926651,16542,5,0.8173586541027344,0.056467375019565225,0.1663658171892166,0.9929314851760864,902170,221,0.8323763094898684,3.3336540419841185,6.197857668041252,0.0011962499702349305,6.1990539180114865,1.5329638329567388,7.732017750968225,0.01679978985339403
20,2.6345358661669125,0.9765383135030206,0.4110486405213852,0.30690251308323857,0.4110486405213852,0.31732863082767515,0.976589632758915,0.3872522128224315,0.0,0.0,0.9997224681057426,0.9939700944569019,0.9968379826591531,344284,342303,0.1207533234859675,0.9478260869565217,0.214215525712414,345,2708,0.0,0.0,0.0,325,0,0.0,0.0,0.0,869,0,0.7181270282800185,0.6545531375448975,0.6848679120150326,4733,4314,0.39343810311552246,0.8527039139527935,0.5384397698330347,3347,7254,0.8369842078451349,0.6614331723027376,0.7389251180571171,2484,1963,0.0,0.0,0.0,1917,0,0.0,0.0,0.0,214,0,0.0,0.0,0.0,24,0,1.7584095001220703,0.7162834405899048,29748,8,0.9067625526298081,0.09514420793857425,0.215523824095726,0.9912649393081665,717455,176,0.9357324597325424,2.6052123330300674,4.010962963104248,0.1999725103378296,7276,2,0.7294188242973255,0.02493325003888458,2.205620050430298,0.4154878556728363,16542,5,0.772547440321178,0.08166791696567088,0.1650671362876892,0.9928560853004456,902170,221,0.8594902703615304,3.3100253749871626,6.11698308296036,0.0011260840110480785,6.118109166971408,1.5349860419519246,7.653095208923332,0.015265083988197148
21,2.6572139897118245,0.9770403467376207,0.4067979613255993,0.30930502962587186,0.4067979613255993,0.31866961917094044,0.9770945232950411,0.389989259937671,0.0,0.0,0.9995241653919359,0.9945074415308292,0.9970094927494031,344284,342556,0.09526592635885447,0.9449275362318841,0.17308202813910273,345,3422,0.0,0.0,0.0,325,0,0.0,0.0,0.0,869,0,0.6007462686567164,0.7483625607437143,0.6664785022109323,4733,5896,0.4968008255933953,0.7191514789363609,0.587646484375,3347,4845,0.9007131102578168,0.6610305958132046,0.7624796842349664,2484,1823,0.0,0.0,0.0,1917,0,0.0,0.0,0.0,214,0,0.0,0.0,0.0,24,0,1.7406567335128784,0.7215611338615417,29748,8,0.9087090139512572,0.12726937502156943,0.21924634277820587,0.9914865493774414,717455,176,1.0437585620828753,2.6375171249965206,4.093023300170898,0.2075316160917282,7276,2,0.7407188013085857,0.024890959030017257,2.229271411895752,0.4136742949485779,16542,5,0.7984065176743761,0.05775695794727653,0.15109561383724213,0.9928727149963379,902170,221,0.8387709474701539,3.4545952499611303,6.302029666956514,0.0015369580360129476,6.303566624992527,1.575386167038232,7.878952792030759,0.016126957954838872
22,2.691584378881122,0.9765438916500717,0.4105591633975081,0.31900502006046294,0.4105591633975081,0.3181027651300193,0.977065875795348,0.38167552398207255,0.0,0.0,0.9995970638215869,0.9943767354858198,0.9969800661065568,344284,342486,0.09375,0.9652173913043478,0.17090069284064666,345,3552,0.0,0.0,0.0,325,0,0.0,0.0,0.0,869,0,0.7672552166934189,0.605958166068033,0.6771337504426869,4733,3738,0.4226121979286536,0.8778010158350762,0.5705408292067191,3347,6952,0.9068357221609702,0.6622383252818036,0.7654723127035831,2484,1814,0.0,0.0,0.0,1917,0,0.0,0.0,0.0,214,0,0.0,0.0,0.0,24,0,1.748425841331482,0.7309063076972961,29748,8,0.9214063327967811,0.1014526670332998,0.21488863229751587,0.9914085268974304,717455,176,0.9517113362109512,2.7682559160748497,4.229824066162109,0.21110500395298004,7276,2,0.7378675851006671,0.025045250076800585,2.2862613201141357,0.4073268175125122,16542,5,0.7740856510950035,0.05621204199269414,0.1556146740913391,0.993009090423584,902170,221,0.7924675825837663,3.33836237504147,6.289328250219114,0.001263290992937982,6.290591541212052,1.5233025420457125,7.813894083257765,0.016167791793122888
23,2.7051107095354996,0.9767670175321161,0.4110509037941461,0.3140242030704844,0.4110509037941461,0.31852243502881017,0.977155712132476,0.39734269910916503,0.0,0.0,0.9995737251169337,0.9943999721160437,0.9969801364617217,344284,342502,0.09332959641255606,0.9652173913043478,0.1702018911321237,345,3568,0.0,0.0,0.0,325,0,0.0,0.0,0.0,869,0,0.723737253972018,0.6448341432495246,0.6820111731843576,4733,4217,0.442828093226967,0.8458320884374066,0.5813141683778235,3347,6393,0.8807733619763695,0.6602254428341385,0.7547169811320755,2484,1862,0.0,0.0,0.0,1917,0,0.0,0.0,0.0,214,0,0.0,0.0,0.0,24,0,1.7671163082122803,0.7190735340118408,29748,8,0.9270001286590923,0.10038166702724993,0.21005776524543762,0.991450309753418,717455,176,1.0324369755628195,2.690895500010811,4.209689617156982,0.1999725103378296,7276,2,0.756876243625528,0.024996457970701158,2.2620580196380615,0.4163946211338043,16542,5,0.7618035171488375,0.08115174993872643,0.1526879519224167,0.9930400848388672,902170,221,0.8368221363784493,3.3204338749637827,6.217859249911271,0.0013423749478533864,6.219201624859124,1.5455677920253947,7.764769416884519,0.015140583156608045
24,2.7204561314215416,0.9774224498106219,0.4112601758869955,0.3091428536969755,0.4112601758869955,0.32105185234397154,0.9770908527067242,0.40224838304505034,0.0,0.0,0.9994804330502959,0.9945713422639448,0.9970198448921713,344284,342593,0.1204950855478704,0.9594202898550724,0.21410090556274256,345,2747,0.0,0.0,0.0,325,0,0.0,0.0,0.0,869,0,0.6429213887389819,0.755123600253539,0.6945200155460551,4733,5559,0.4268292682926829,0.7424559306841948,0.5420438433853201,3347,5822,0.9017023613399231,0.6610305958132046,0.7628339140534263,2484,1821,0.0,0.0,0.0,1917,0,0.0,0.0,0.0,214,0,0.0,0.0,0.0,24,0,1.758682131767273,0.716518759727478,29748,8,0.9745420382980383,0.12591804203111678,0.21383705735206604,0.9913039803504944,717455,176,1.0445590075454618,2.6445738340262324,4.221860885620117,0.20492029190063477,7276,2,0.76477361253746,0.024010290973819792,2.269359827041626,0.4129488468170166,16542,5,0.8064903772835281,0.05249825003556907,0.14297030866146088,0.993127703666687,902170,221,0.8433297493754855,3.3655460830777884,6.212546500144526,0.0011074170470237732,6.21365391719155,1.5707833749474958,7.784437292139046,0.014280999777838588
25,2.784441445696177,0.9770738156199273,0.39735794986238576,0.3049495419796086,0.39735794986238576,0.3176303539740605,0.9767675693128627,0.3925372632137129,0.0,0.0,0.9997108644859813,0.9942402202832545,0.9969680377000192,344284,342400,0.11731843575418995,0.7913043478260869,0.20434131736526945,345,2327,0.0,0.0,0.0,325,0,0.0,0.0,0.0,869,0,0.6466780887112127,0.7177266004648215,0.6803524934908872,4733,5253,0.4044776119402985,0.8096803107260233,0.5394645167711755,3347,6700,0.8813104189044039,0.6606280193236715,0.7551771744132536,2484,1862,0.0,0.0,0.0,1917,0,0.0,0.0,0.0,214,0,0.0,0.0,0.0,24,0,1.7609858512878418,0.7241831421852112,29748,8,0.9407928405371486,0.10222841706126928,0.21122343838214874,0.9915869235992432,717455,176,1.0271931277662891,2.738298958982341,4.247198581695557,0.21289169788360596,7276,2,0.7718960062249706,0.025454791961237788,2.292313575744629,0.4079313278198242,16542,5,0.8097928929556805,0.058367540943436325,0.1519683599472046,0.9930245876312256,902170,221,0.8801060021984775,3.4855277920141816,6.409877500962466,0.0012579159811139107,6.41113541694358,1.5969359159935266,8.008071332937106,0.015303416061215103
26,2.6818497756452953,0.9769259947230728,0.4103743662190006,0.3090209601775222,0.4103743662190006,0.3184281092083309,0.9768846634429903,0.39261617990611447,0.0,0.0,0.9995883512152398,0.9944813003218274,0.9970282858844307,344284,342525,0.11662011173184357,0.9681159420289855,0.20816453723901526,345,2864,0.0,0.0,0.0,325,0,0.0,0.0,0.0,869,0,0.6825130890052356,0.6885696175787027,0.6855279764408919,4733,4775,0.4064367816091954,0.7923513594263519,0.5372771474878444,3347,6525,0.8850512682137075,0.6602254428341385,0.7562831450311275,2484,1853,0.0,0.0,0.0,1917,0,0.0,0.0,0.0,214,0,0.0,0.0,0.0,24,0,1.7231268882751465,0.7291918992996216,29748,8,0.9608080106033687,0.10038658301346004,0.20719514787197113,0.9915688037872314,717455,176,1.0930100875914794,2.721493999939412,4.212337970733643,0.21591533720493317,7276,2,0.7665655382767192,0.028094207984395325,2.3004603385925293,0.4032765030860901,16542,5,0.830374320982999,0.08473370899446309,0.14751717448234558,0.993159830570221,902170,221,0.7810875556861963,3.4394970829598606,6.374205582891591,0.0012723749969154596,6.375477957888506,1.5688818750204518,7.944359832908958,0.01608900004066527
27,2.6612373118907096,0.9770096669288396,0.410157068551812,0.30379748746426827,0.410157068551812,0.31780894619558986,0.9767925405177107,0.399171742237553,0.0,0.0,0.9996175037300686,0.9943999721160437,0.9970019118454332,344284,342487,0.1182108626198083,0.9652173913043478,0.21062618595825428,345,2817,0.0,0.0,0.0,325,0,0.0,0.0,0.0,869,0,0.6403557531962201,0.7301922670610607,0.682329713721619,4733,5397,0.4239864864864865,0.749925306244398,0.5417071328369483,3347,5920,0.855804268610099,0.6618357487922706,0.7464245175936436,2484,1921,0.0,0.0,0.0,1917,0,0.0,0.0,0.0,214,0,0.0,0.0,0.0,24,0,1.7150238752365112,0.7257966995239258,29748,8,0.9399709216351205,0.13594900001771748,0.20884481072425842,0.9915995001792908,717455,176,0.9288863343356926,2.6548240419942886,4.118122577667236,0.21234194934368134,7276,2,0.7674077017095783,0.024916916037909687,2.2601358890533447,0.4025510847568512,16542,5,0.8040475910847198,0.055344542022794485,0.15239088237285614,0.9932495951652527,902170,221,0.9105508945381278,3.42348937492352,6.29452387499623,0.0011273330310359597,6.295651208027266,1.667850416037254,7.96350162406452,0.015654999995604157
28,2.6796120018743066,0.9769510963848029,0.410643422235918,0.3176735214882085,0.410643422235918,0.32016241777136123,0.9774267181483092,0.3997409841913986,0.0,0.0,0.9995592296150995,0.9946178155243927,0.9970824003517426,344284,342582,0.08960382876894443,0.9768115942028985,0.16415002435460302,345,3761,0.0,0.0,0.0,325,0,0.0,0.0,0.0,869,0,0.6980512371359755,0.6735685611662793,0.6855913978494623,4733,4567,0.4566808510638298,0.8016133851210039,0.581869442637172,3347,5875,0.9328400682982356,0.6598228663446055,0.772930912520632,2484,1757,0.0,0.0,0.0,1917,0,0.0,0.0,0.0,214,0,0.0,0.0,0.0,24,0,1.7091550827026367,0.7272421717643738,29748,8,0.9147730341894781,0.10436979099176824,0.21178826689720154,0.9917541742324829,717455,176,1.015315263541286,2.8199995829490945,4.150268077850342,0.21564045548439026,7276,2,0.7808756819687787,0.024797333986498415,2.25899076461792,0.40617820620536804,16542,5,0.7720905614446542,0.058569167042151093,0.14867179095745087,0.9933682084083557,902170,221,0.795319986179339,3.469629833009094,6.477365707978606,0.0012337500229477882,6.478599458001554,1.5192318329354748,7.997831290937029,0.017222000053152442
29,2.736371883884438,0.9768479006643573,0.4125584094989,0.3173119438707587,0.4125584094989,0.3199224131398578,0.977143764393955,0.39502420047215214,0.0,0.0,0.999667135791078,0.9944348270613795,0.9970441169190088,344284,342482,0.10669586983729662,0.9884057971014493,0.1926009601807399,345,3196,0.0,0.0,0.0,325,0,0.0,0.0,0.0,869,0,0.7134160090191657,0.6684977815339108,0.6902268760907504,4733,4435,0.4084128878281623,0.8180460113534509,0.544821410804895,3347,6704,0.9449275362318841,0.6561996779388084,0.7745307674031836,2484,1725,0.0,0.0,0.0,1917,0,0.0,0.0,0.0,214,0,0.0,0.0,0.0,24,0,1.7398526668548584,0.7190399169921875,29748,8,0.916288170601651,0.0996727499878034,0.21070584654808044,0.9914642572402954,717455,176,0.9897388186043894,2.6042628339491785,4.113330841064453,0.20766904950141907,7276,2,0.7688001933711103,0.02477262495085597,2.248213291168213,0.40007254481315613,16542,5,0.7940405569156025,0.0807150419568643,0.1535433530807495,0.9934147596359253,902170,221,0.7802814502925304,3.264149750000797,6.073573000845499,0.001254625036381185,6.0748276258818805,1.5275496250251308,7.602377250907011,0.017289124196395278
30,2.767596406690853,0.9769594636053796,0.4092572474015041,0.31464632783872465,0.4092572474015041,0.31922471994493007,0.9769716157555265,0.39030934739563783,0.0,0.0,0.9994483765049252,0.9946323384182826,0.9970345416932956,344284,342625,0.1180931744312026,0.9478260869565217,0.21001926782273603,345,2769,0.0,0.0,0.0,325,0,0.0,0.0,0.0,869,0,0.7490774907749077,0.6433551658567505,0.6922027733575813,4733,4065,0.3913764510779436,0.8461308634598148,0.5351979589908343,3347,7236,0.8884677855982674,0.6606280193236715,0.7577926575848534,2484,1847,0.0,0.0,0.0,1917,0,0.0,0.0,0.0,214,0,0.0,0.0,0.0,24,0,1.730746865272522,0.7268051505088806,29748,8,0.9354874028553514,0.12178904202301055,0.2145518958568573,0.9915367364883423,717455,176,1.0551894132765347,2.5922207499388605,4.319996356964111,0.20780648291110992,7276,2,0.7856445075415021,0.02491079200990498,2.258190393447876,0.40291380882263184,16542,5,0.750505411204489,0.05621566704940051,0.13615667819976807,0.9933305382728577,902170,221,0.8021101084668938,3.282314334064722,6.077450585085899,0.0012974999845027924,6.078748085070401,1.5226831659674644,7.601431251037866,0.017392831854522228
31,2.8118205850642903,0.9773610901930597,0.412432748521112,0.3124146221307865,0.412432748521112,0.32106986673745697,0.977257649652068,0.40504908365818154,0.0,0.0,0.9996496943583276,0.9946381475758386,0.9971376240823945,344284,342558,0.11543762922122675,0.9710144927536232,0.2063443178318448,345,2902,0.0,0.0,0.0,325,0,0.0,0.0,0.0,869,0,0.6716712761754248,0.7183604479188676,0.6942317508933129,4733,5062,0.4192720859387526,0.7812966835972512,0.5457011686143572,3347,6237,0.9181155356141335,0.6590177133655395,0.76728380595266,2484,1783,0.0,0.0,0.0,1917,0,0.0,0.0,0.0,214,0,0.0,0.0,0.0,24,0,1.7453093528747559,0.7178297638893127,29748,8,0.9367606386708593,0.09962787490803748,0.19783949851989746,0.9919283986091614,717455,176,0.933943507386509,2.628448750008829,4.2681427001953125,0.2087685614824295,7276,2,0.7931046880279072,0.02433983306400478,2.304823875427246,0.40515053272247314,16542,5,0.778408073110665,0.055238291970454156,0.13553762435913086,0.9935278296470642,902170,221,0.8151010833423948,3.2821675840532407,6.089822334004566,0.001227708999067545,6.091050043003634,1.5142809170065448,7.605330960010178,0.016733456985093653
32,2.7696295079750075,0.9771295970904385,0.38914126563849327,0.30957089584409586,0.38914126563849327,0.3164848129488891,0.9770481884001615,0.3912710154747158,0.0,0.0,0.9990433301444338,0.9948995596658573,0.9969671391565038,344284,342856,0.08183754183145725,0.7797101449275362,0.14812775330396477,345,3287,0.0,0.0,0.0,325,0,0.0,0.0,0.0,869,0,0.6018851756640959,0.7420240862032538,0.6646479939439819,4733,5835,0.5030430220356769,0.7161637287122796,0.5909763313609467,3347,4765,0.9098998887652948,0.6586151368760065,0.7641289117234937,2484,1798,0.0,0.0,0.0,1917,0,0.0,0.0,0.0,214,0,0.0,0.0,0.0,24,1,1.7601110935211182,0.7296624779701233,29748,8,0.9437148093932023,0.10036912502255291,0.19698412716388702,0.991996705532074,717455,176,1.0908151710136365,2.601105915964581,4.4759697914123535,0.2115173190832138,7276,2,0.8145157826515752,0.024635707959532738,2.3196821212768555,0.4027324318885803,16542,5,0.8399632091728331,0.08011904207523912,0.1463959813117981,0.9934824109077454,902170,221,0.8262458845902084,3.2524540839949623,6.058683875016868,0.001136666047386825,6.059820541064255,1.5147942079929635,7.574614749057218,0.015331250033341348
33,2.819414460966659,0.976906471208394,0.41045783323574614,0.31951813480510277,0.41045783323574614,0.31993178431107144,0.9773698169600151,0.3961323132366188,0.0,0.0,0.9995650917539646,0.9946788116787304,0.9971159655546417,344284,342601,0.09113034072471607,0.9768115942028985,0.16670789018055898,345,3698,0.0,0.0,0.0,325,0,0.0,0.0,0.0,869,0,0.7056128293241696,0.6507500528206211,0.6770718839305342,4733,4365,0.4477102955505034,0.8237227367792053,0.5801157285639137,3347,6158,0.9511627906976744,0.6586151368760065,0.7783063748810657,2484,1720,0.0,0.0,0.0,1917,0,0.0,0.0,0.0,214,0,0.0,0.0,0.0,24,0,1.7488219738006592,0.717964231967926,29748,8,0.9478458593807322,0.12552466604392976,0.20163097977638245,0.9912649393081665,717455,176,1.2156887285810425,2.601912625017576,4.261651515960693,0.2127542644739151,7276,2,0.7871355047692654,0.024613667046651244,2.296165943145752,0.4022488296031952,16542,5,0.8078128757512826,0.056770124938338995,0.13703623414039612,0.9934602379798889,902170,221,0.7328027157877617,3.282056041993201,6.090877125039697,0.001279457937926054,6.092156582977623,1.5217581250471994,7.613914708024822,0.0170512079494074
34,2.832747871424807,0.9773806137077385,0.4122038640429057,0.32217551433843816,0.4122038640429057,0.3231877768104991,0.9774255468539653,0.3991247440031326,0.0,0.0,0.9996205587127016,0.994757235305736,0.9971829673617288,344284,342609,0.11885098743267504,0.9594202898550724,0.21150159744408945,345,2785,0.0,0.0,0.0,325,0,0.0,0.0,0.0,869,0,0.7269204467745612,0.6737798436509613,0.6993421052631579,4733,4387,0.39439199661828944,0.8362712877203465,0.5360015319800843,3347,7097,0.9819711538461539,0.6578099838969405,0.7878495660559306,2484,1664,0.0,0.0,0.0,1917,0,0.0,0.0,0.0,214,0,0.0,0.0,0.0,24,0,1.7306822538375854,0.7101989984512329,29748,8,0.9358070077582087,0.10026312503032386,0.2086144983768463,0.9916650056838989,717455,176,1.1256232546886,2.6287314579822123,4.283946990966797,0.2072567343711853,7276,2,0.8194151079667914,0.024646292091347277,2.3421244621276855,0.40025389194488525,16542,5,0.7787307054561822,0.055789749952964485,0.1380883753299713,0.9934690594673157,902170,221,0.784365646491286,3.28867124998942,6.098101875046268,0.0013378330040723085,6.09943970805034,1.514917916036211,7.614357624086551,0.016167707974091172
35,2.813155530810034,0.9777041462367031,0.41513868208407106,0.3212349592151559,0.41513868208407106,0.32496965974612635,0.9779456844483913,0.4056358293622715,0.0,0.0,0.9996059648170363,0.9947427124118461,0.9971684090535207,344284,342609,0.09337766694375173,0.9768115942028985,0.17046029337379867,345,3609,0.0,0.0,0.0,325,0,0.0,0.0,0.0,869,0,0.6780593203692791,0.7293471371223326,0.7027687296416938,4733,5091,0.4783001808318264,0.790259934269495,0.5959220457361721,3347,5530,0.9630064591896653,0.6602254428341385,0.7833771196560784,2484,1703,0.0,0.0,0.0,1917,0,0.0,0.0,0.0,214,0,0.0,0.0,0.0,24,0,1.7256852388381958,0.7217628359794617,29748,8,0.9568560965494054,0.10085874993819743,0.1999751478433609,0.9919534921646118,717455,176,0.9728212733628281,2.593928958987817,4.360231876373291,0.20670698583126068,7276,2,0.8220414877832098,0.024814915959723294,2.3207271099090576,0.4033369719982147,16542,5,0.7897268770082074,0.08114387502428144,0.13653461635112762,0.993535578250885,902170,221,0.8597741384076061,3.3304518749937415,6.131198374903761,0.0011034159688279033,6.132301790872589,1.5336382910609245,7.665940081933513,0.015834375051781535
36,2.9204867155483654,0.9777125134572797,0.4068959274742257,0.31524125475232234,0.4068959274742257,0.32320801431161617,0.9772783907746865,0.40473285850111623,0.0,0.0,0.999372674885112,0.9948472772478535,0.9971048414212914,344284,342725,0.12566516577977896,0.8898550724637682,0.22022955523672882,345,2443,0.0,0.0,0.0,325,0,0.0,0.0,0.0,869,0,0.6702253855278766,0.7162476230720474,0.69247267899091,4733,5058,0.4108444714459295,0.8081864356139826,0.5447588359681804,3347,6584,0.9463048498845266,0.6598228663446055,0.7775142314990512,2484,1732,0.0,0.0,0.0,1917,0,0.0,0.0,0.0,214,0,0.0,0.0,0.0,24,0,1.7558338642120361,0.7273094058036804,29748,8,0.9467369698566999,0.12750591698568314,0.19062691926956177,0.9920274019241333,717455,176,0.8643914814399681,2.6154243749333546,4.361234664916992,0.21811434626579285,7276,2,0.8200097717543924,0.025092249969020486,2.3149499893188477,0.40768951177597046,16542,5,0.8016946421559583,0.05749241600278765,0.1292012333869934,0.99344801902771,902170,221,0.7730188157683862,3.3127596670528874,6.138274624943733,0.0011901670368388295,6.139464791980572,1.5333299579797313,7.672794749960303,0.01562866708263755
37,2.7172098127747146,0.9774168716635708,0.38640525925641267,0.30973197771588923,0.38640525925641267,0.31715784229940025,0.9771411527189101,0.39937738738318995,0.0,0.0,0.999463027706603,0.994754330726958,0.9971031201870307,344284,342662,0.08737177219667493,0.7159420289855073,0.1557377049180328,345,2827,0.0,0.0,0.0,325,0,0.0,0.0,0.0,869,0,0.5777534418022529,0.7802662159306993,0.6639101123595506,4733,6392,0.48429584599797365,0.7140723035554227,0.57715527650326,3347,4935,0.9484356894553881,0.6590177133655395,0.7776722090261282,2484,1726,0.0,0.0,0.0,1917,0,0.0,0.0,0.0,214,0,0.0,0.0,0.0,24,0,1.7268202304840088,0.7300994992256165,29748,8,0.9826004053804666,0.10151245899032801,0.2035382091999054,0.9920482635498047,717455,176,1.0544430140295786,2.634965042001568,4.471900463104248,0.21440352499485016,7276,2,0.8522762229876643,0.02524795802310109,2.3645269870758057,0.3959013521671295,16542,5,0.8208808678310843,0.056425999966450036,0.1468317061662674,0.9935721755027771,902170,221,0.9130838766431756,3.321775040938519,6.139926499919966,0.0011522920103743672,6.14107879193034,1.5366618749685585,7.677740666898899,0.017145459074527025
38,2.7665150126203093,0.9779914208098354,0.4151248195642764,0.32245480948240546,0.4151248195642764,0.3264527038404597,0.9781408963155026,0.3899986992380565,0.0,0.0,0.9994776864134273,0.9948966550870793,0.9971819094892211,344284,342706,0.09177820267686425,0.9739130434782609,0.16774837743384924,345,3661,0.0,0.0,0.0,325,0,0.0,0.0,0.0,869,0,0.6635893648449039,0.7593492499471793,0.7082471179426545,4733,5416,0.5050385299347955,0.7636689572751718,0.6079923882017126,3347,5061,0.9646643109540636,0.6594202898550725,0.7833572453371592,2484,1698,0.0,0.0,0.0,1917,0,0.0,0.0,0.0,214,0,0.0,0.0,0.0,24,0,1.681073784828186,0.7289901971817017,29748,8,0.9092783602918929,0.10441749996971339,0.20229646563529968,0.9919423460960388,717455,176,1.0289199354250764,2.6564922080142424,4.207133769989014,0.21811434626579285,7276,2,0.7843749876753742,0.02536191593389958,2.292719602584839,0.40188610553741455,16542,5,0.7631724485534165,0.08262195799034089,0.12453065812587738,0.9934014678001404,902170,221,0.7747757988033178,3.4925530839245766,6.361446665832773,0.0012010829523205757,6.362647748785093,1.5883367080241442,7.950984456809238,0.017442876123823225
39,2.835606193741439,0.977057081178774,0.4135955192561115,0.32795224756880215,0.4135955192561115,0.3220732727875717,0.9774081886422551,0.39339394326264393,0.0,0.0,0.9995943039101515,0.9947659490420699,0.9971742817420167,344284,342621,0.10856415154409424,0.9884057971014493,0.19563970166379804,345,3141,0.0,0.0,0.0,325,0,0.0,0.0,0.0,869,0,0.7852727761354474,0.617367420240862,0.6912704045422285,4733,3721,0.39638180099905496,0.87720346579026,0.5460293844151014,3347,7407,0.9897094430992736,0.6582125603864735,0.7906189555125726,2484,1652,0.0,0.0,0.0,1917,0,0.0,0.0,0.0,214,0,0.0,0.0,0.0,24,0,1.679655909538269,0.7322173118591309,29748,8,0.9334644722912836,0.1253997499588877,0.19974632561206818,0.9921835064888,717455,176,0.955695460809633,2.59560004202649,4.367599964141846,0.21495327353477478,7276,2,0.7970334542970701,0.02435995894484222,2.2761526107788086,0.4062386751174927,16542,5,0.7624660634624322,0.05682704190257937,0.1370682418346405,0.993585467338562,902170,221,0.7742516069436357,3.288943709107116,6.091130501939915,0.0012128330999985337,6.092343335039914,1.6345723340054974,7.726915669045411,0.015099956071935594
40,2.722246234424668,0.9773973481488919,0.40848185632360084,0.31435224999508427,0.40848185632360084,0.32136619619620843,0.9771837673805213,0.4082705148906866,0.0,0.0,0.9996117819790946,0.9946962391513983,0.9971479526842584,344284,342591,0.11623748211731044,0.9420289855072463,0.206940464820121,345,2796,0.0,0.0,0.0,325,0,0.0,0.0,0.0,869,0,0.6224651736907071,0.7458271709275301,0.6785851595540177,4733,5671,0.4296564819609874,0.7436510307738273,0.5446389496717724,3347,5793,0.975551580202743,0.6586151368760065,0.7863494352319154,2484,1677,0.0,0.0,0.0,1917,0,0.0,0.0,0.0,214,0,0.0,0.0,0.0,24,14,1.7671384811401367,0.7131907939910889,29748,8,0.9443271719398514,0.1009308339562267,0.19173115491867065,0.992156982421875,717455,176,0.8155242431091997,2.700028624967672,4.198930263519287,0.20684441924095154,7276,2,0.7978291181538091,0.025700208032503724,2.2926785945892334,0.3962036073207855,16542,5,0.7675599843470798,0.05725266598165035,0.1315739005804062,0.9935821294784546,902170,221,0.9325417338300938,3.3346898750169203,6.218602207954973,0.001206749933771789,6.219808957888745,1.529542125063017,7.749351082951762,0.01653350004926324
