round,server_control_norm,control_invariant_max_abs_error,val_loss,accuracy,balanced_accuracy,macro_precision,macro_recall,macro_f1,weighted_f1,macro_pr_auc,worst_class_f1,worst_class_recall,precision_c0,recall_c0,f1_c0,support_c0,predicted_count_c0,precision_c1,recall_c1,f1_c1,support_c1,predicted_count_c1,precision_c2,recall_c2,f1_c2,support_c2,predicted_count_c2,precision_c3,recall_c3,f1_c3,support_c3,predicted_count_c3,precision_c4,recall_c4,f1_c4,support_c4,predicted_count_c4,precision_c5,recall_c5,f1_c5,support_c5,predicted_count_c5,precision_c6,recall_c6,f1_c6,support_c6,predicted_count_c6,train_loss_client_0,train_accuracy_client_0,train_samples_client_0,train_batches_client_0,update_l2_client_0,local_steps_client_0,correction_norm_client_0,control_norm_client_0,train_seconds_client_0,train_loss_client_1,train_accuracy_client_1,train_samples_client_1,train_batches_client_1,update_l2_client_1,local_steps_client_1,correction_norm_client_1,control_norm_client_1,train_seconds_client_1,train_loss_client_2,train_accuracy_client_2,train_samples_client_2,train_batches_client_2,update_l2_client_2,local_steps_client_2,correction_norm_client_2,control_norm_client_2,train_seconds_client_2,train_loss_client_3,train_accuracy_client_3,train_samples_client_3,train_batches_client_3,update_l2_client_3,local_steps_client_3,correction_norm_client_3,control_norm_client_3,train_seconds_client_3,train_loss_client_4,train_accuracy_client_4,train_samples_client_4,train_batches_client_4,update_l2_client_4,local_steps_client_4,correction_norm_client_4,control_norm_client_4,train_seconds_client_4,round_train_seconds,client_control_seconds,control_seconds,aggregation_seconds,fl_round_seconds,validation_seconds,round_total_seconds,round_orchestration_seconds
1,0.07977353940287926,0.0,0.626015986659074,0.827992497863394,0.6561687233027426,0.5068813660930329,0.6561687233027426,0.5208356838163755,0.8870199930386481,0.7091327389223931,0.0,0.0,0.9860905371183705,0.8211178058256707,0.8960743251827331,2495335,2077866,0.12555286060778997,0.9957969608794051,0.22299046136581657,6186,49063,0.6285090455396132,0.9998897281799636,0.7718499287097529,18137,28854,0.8347832004900058,0.99991848086698,0.9099192072139689,208540,249793,0.972177230680632,0.7440771349862259,0.8429692742224927,72600,55566,0.0,0.0,0.0,19740,343833,0.0010566882148184983,0.03238095238095238,0.002046590019863962,525,16088,0.5691694617271423,0.3937210142612457,2651004,648,5.275004902776365,648,0.0,0.08140439014226657,2.065023962990381,0.569859504699707,0.3968043625354767,2651004,648,5.323407705417891,648,0.0,0.08215134795518615,2.158833208028227,0.5733904838562012,0.39351120591163635,2651002,648,5.3969110022726206,648,0.0,0.08328566118320149,2.101345006027259,0.5750936269760132,0.39582595229148865,2651001,648,5.427756390109994,648,0.0,0.08376166862478866,2.0447676639887504,0.5708097219467163,0.39625799655914307,2651000,648,5.238386525768182,648,0.0,0.08083929647767539,1.9268653419567272,10.296835182991344,0.002132055989932269,0.002838623011484742,0.0011608119821175933,10.300834617984947,4.0981165210250765,14.398951139010023,0.016872601001523435
2,0.023469402206851307,7.566995918750763e-10,0.612645884764283,0.8191823436768338,0.6553035327648636,0.5244143043563264,0.6553035327648636,0.5342669344243919,0.8845354287135895,0.7097775537715993,0.0,0.0,0.9859963355169858,0.8110862870115636,0.8900293139068235,2495335,2052677,0.15540301822036037,0.9954736501778209,0.2688378590762246,6186,39626,0.6434045270701767,0.9998897281799636,0.7829803769185933,18137,28186,0.8925618066018354,0.9999568428119305,0.9432121436906905,208540,233632,0.9920004393351395,0.7464325068870523,0.8518722293834691,72600,54628,0.0,0.0,0.0,19740,400580,0.0015340037497869438,0.03428571428571429,0.002936617994942491,525,11734,0.4063997268676758,0.4406149387359619,2651004,648,2.0090190883710375,648,0.018406877078684616,0.025898994724979155,1.9352801120257936,0.4062836468219757,0.443365216255188,2651004,648,2.203683956829348,648,0.018272792548388858,0.028074654336984892,2.149052422028035,0.4124206602573395,0.44290611147880554,2651002,648,2.165056781541432,648,0.020864156501388932,0.029005519508418787,1.9926661120261997,0.4129405915737152,0.44050076603889465,2651001,648,2.467749113024142,648,0.023090990464342046,0.033607484594782376,1.888173304963857,0.40984296798706055,0.44299206137657166,2651000,648,2.193099576458267,648,0.020068091680161698,0.02757579455795235,1.9337235069833696,9.898895458027255,0.0021517620189115405,0.002870663010980934,0.001815320982132107,9.903581442020368,4.085990788997151,13.989572231017519,0.018340789945796132
3,0.01652479284237236,7.566995918750763e-10,0.6207028237615853,0.6912366012386111,0.6511858546984521,0.44587108463525144,0.6511858546984521,0.46734959733385156,0.7684505193216937,0.7049473187484915,0.0,0.0,0.9875233579063679,0.663309735967315,0.7935797510060706,2495335,1676092,0.15557969732952678,0.9954736501778209,0.2691021915353858,6186,39581,0.6460634128963306,0.9998897281799636,0.7849460038522302,18137,28070,0.336349075518292,0.9999328665963364,0.5033765475088382,208540,619969,0.9948810937449853,0.8539807162534435,0.9190619487392342,72600,62318,0.0,0.0,0.0,19740,360794,0.0007009550512573382,0.045714285714285714,0.001380738695201933,525,34239,0.3877500891685486,0.4350959062576294,2651004,648,1.7646699859483566,648,0.014411678719991381,0.02480326035999732,1.9710828509996645,0.38486361503601074,0.4361947476863861,2651004,648,1.5908928907873148,648,0.01600791173781804,0.021655849383240496,2.0994140180409886,0.3897358477115631,0.4344530701637268,2651002,648,1.6525770008936065,648,0.017844568863129854,0.02405649903026993,2.0936249899677932,0.3864726126194,0.4374483525753021,2651001,648,1.7748340200000823,648,0.020581260635613975,0.024673351385350272,2.085834242985584,0.38317424058914185,0.4405318796634674,2651000,648,1.516384039457748,648,0.015169739818055515,0.019025130107653342,2.083305692009162,10.333261794003192,0.0020734050194732845,0.002761357987765223,0.0011069289757870138,10.337130080966745,4.130491891002748,14.467621971969493,0.01687419501831755
4,0.01280435278295334,7.403286872431636e-10,0.6217226050773482,0.6887637745062766,0.6507931924210485,0.44631745828394587,0.6507931924210485,0.46751869039671295,0.7666548033623889,0.6206690657975266,0.0,0.0,0.9874857704336573,0.660501696165044,0.7915545955655023,2495335,1669060,0.15639449214978915,0.9951503394762367,0.2703082462457188,6186,39362,0.6485123730510657,0.9998897281799636,0.7867508297000065,18137,27964,0.33605247042898123,0.9999712285412871,0.5030491629275824,208540,620540,0.9949150639226192,0.8543250688705234,0.9192758316597625,72600,62341,0.0,0.0,0.0,19740,373955,0.0008620380015085665,0.045714285714285714,0.0016921666784178242,525,27841,0.3700937330722809,0.4393467605113983,2651004,648,1.2648957434141384,648,0.01686557321142328,0.01679079014236802,2.0827118270099163,0.37290477752685547,0.43594878911972046,2651004,648,1.3063776490378014,648,0.015213960414020409,0.01788759864905351,2.0709892109734938,0.373018354177475,0.437045693397522,2651002,648,1.3612966429505813,648,0.01706139163034101,0.020395859062954953,2.0544584219460376,0.37248432636260986,0.4356422424316406,2651001,648,1.5394981484470638,648,0.017553775394294764,0.022185825063018465,2.0631174910231493,0.3723094165325165,0.444836288690567,2651000,648,1.305156234704733,648,0.01237498995201296,0.017949358398961175,2.0461631159996614,10.317440066952258,0.0020863499375991523,0.002759314957074821,0.001094386971089989,10.321293768880423,4.189334859023802,14.510628627904225,0.017640775127802044
5,0.01100680806453118,7.412381819449365e-10,0.6220150612834043,0.6932067805646311,0.6517646329254593,0.5033850502664204,0.6517646329254593,0.5312413408795594,0.7708952827279946,0.6208547372174509,0.0,0.0,0.9875798558892213,0.665536691466276,0.7951897050437184,2495335,1681623,0.5512177650429799,0.9951503394762367,0.7094617955514578,6186,11168,0.65224428139836,0.9998897281799636,0.7894908687229273,18137,27804,0.3365481307634323,0.9998177807614846,0.5035848375320474,208540,619531,0.9953462248254834,0.8543388429752066,0.9194678130674869,72600,62315,0.0,0.0,0.0,19740,385688,0.0007590939454666909,0.047619047619047616,0.0014943662392779221,525,32934,0.3634723126888275,0.4420766532421112,2651004,648,1.0109580095199109,648,0.012137494973401865,0.014815965560354222,2.076307873998303,0.36335089802742004,0.43957042694091797,2651004,648,1.121174316281816,648,0.012844492483473344,0.017077882115425935,1.9149821639875881,0.3673017621040344,0.4398329257965088,2651002,648,1.3649384758800398,648,0.015604059272990143,0.022328342783660957,1.8813299260218628,0.3670975863933563,0.44507452845573425,2651001,648,1.3649451289795187,648,0.01712939907007552,0.019567664683923826,1.8193999180220999,0.3646784722805023,0.43905922770500183,2651000,648,1.0597457160443537,648,0.01277959990088469,0.01572432201194062,2.0873465050244704,9.779366387054324,0.002267099916934967,0.002978897886350751,0.0010582079994492233,9.783403492940124,4.1282942310208455,13.91169772396097,0.016404894005972892
6,0.010257079722887311,7.412381819449365e-10,0.6160639412945836,0.5818962568365187,0.6636541481502941,0.4704921265726543,0.6636541481502941,0.47271615223838526,0.7041316388675255,0.620549319508541,0.0,0.0,0.9864241081280242,0.607262752295784,0.7517394209718731,2495335,1536179,0.5672687062292665,0.9951503394762367,0.7226200258246273,6186,10852,0.6530428519985596,0.9998897281799636,0.7900755876010195,18137,27770,0.08759145182481265,0.18893737412486813,0.1196931194911045,208540,449827,0.9966897526956019,0.8543388429752066,0.9200406434721985,72600,62231,0.0,0.0,0.0,19740,517978,0.002428015132315263,1.0,0.004844268307874012,525,216226,0.3594718873500824,0.43233656883239746,2651004,648,0.9657135882536785,648,0.011284730687717997,0.01546257208683432,1.964743830030784,0.3579614460468292,0.4409046471118927,2651004,648,1.0206112644927818,648,0.013028499549261522,0.014307437207521579,1.9781124779838137,0.3637099862098694,0.44037196040153503,2651002,648,1.2632170406598162,648,0.018557506834263954,0.018099753534975924,2.1251168200396933,0.36303386092185974,0.44363391399383545,2651001,648,1.2946644980523507,648,0.01577096996017378,0.02197315162524133,2.0514823810080998,0.35874778032302856,0.4391203224658966,2651000,648,1.0523947878435491,648,0.011997040395313203,0.015885599772829842,2.066981732030399,10.18643724109279,0.002114742004778236,0.002815729007124901,0.0013203910202719271,10.190573361120187,4.16228858201066,14.352861943130847,0.016434307908639312
7,0.009197955131035124,7.412381819449365e-10,0.626015624494693,0.6437321676261749,0.6436968103336717,0.5039262570050977,0.6436968103336717,0.5261297713114179,0.7343581743180833,0.6210398984752235,0.0,0.0,0.9870160461397899,0.6095562319287791,0.753666827619029,2495335,1541056,0.5680538894528006,0.9951503394762367,0.723256770252012,6186,10837,0.6353126642143984,0.9998897281799636,0.7769589991859818,18137,28545,0.33897233330082255,0.9999472523256929,0.5063103967367552,208540,615180,0.9972707423580786,0.8556198347107438,0.921030781092462,72600,62288,0.0,0.0,0.0,19740,535189,0.0008581235697940503,0.045714285714285714,0.0016846242936861685,525,27968,0.3556833267211914,0.43422114849090576,2651004,648,0.9335031747275072,648,0.01189900620238957,0.013187611359260573,2.278600954974536,0.355007141828537,0.4400132894515991,2651004,648,1.1047778847818512,648,0.011280771547954082,0.016831910834908464,2.2255037639988586,0.3590056598186493,0.43898382782936096,2651002,648,1.088596274369019,648,0.014998149713137668,0.018221048450646,2.409170298022218,0.3555426299571991,0.44383272528648376,2651001,648,1.1756875748958653,648,0.018338083845429388,0.019912750071241197,2.0484125630464405,0.35662829875946045,0.4459162652492523,2651000,648,1.0373172489945275,648,0.01226606089631743,0.015277672192284186,2.216295081016142,11.177982661058195,0.0020437290659174323,0.0027540940791368484,0.0012029999634250998,11.181939755100757,4.107887540012598,15.289827295113355,0.017543031892273575
8,0.008357741704841373,7.412381819449365e-10,0.6329342586275563,0.6445814928627968,0.6429998117060197,0.5035338928404937,0.6429998117060197,0.5256963029187296,0.734391210113759,0.6176905748857077,0.0,0.0,0.9870559932928042,0.6105148206553429,0.7544107684750141,2495335,1543417,0.571972864975374,0.9949886841254445,0.7263822505458193,6186,10761,0.6354239663629992,0.9998897281799636,0.7770422263641622,18137,28540,0.3313435065017605,0.9999856142706435,0.49775631692262157,208540,629368,0.9972387221062771,0.8556198347107438,0.9210171250648677,72600,62290,0.0,0.0,0.0,19740,534350,0.0017021966442409013,0.04,0.0032654330586222983,525,12337,0.35379737615585327,0.4345410168170929,2651004,648,0.8644983843126727,648,0.011437283293658541,0.013365666078425858,2.057961183018051,0.3504691421985626,0.4375097155570984,2651004,648,0.9566562268132497,648,0.013464970250129592,0.013516763843261306,2.237577127001714,0.35668227076530457,0.4330800175666809,2651002,648,1.0965972398718533,648,0.01521793522687665,0.017785535292976825,2.0540647819871083,0.3535740375518799,0.44023823738098145,2651001,648,1.0653026201933733,648,0.016886703526540474,0.015266595553437805,2.0482462299987674,0.35323721170425415,0.4360995888710022,2651000,648,0.9927344710624002,648,0.012933780812537892,0.014608127578465874,2.3096670039813034,10.707516325986944,0.002062594110611826,0.00274423515656963,0.0010118809877894819,10.711272442131303,4.105052692990284,14.816325135121588,0.02002837386680767
9,0.007588088660136532,7.414655556203797e-10,0.6294381488003413,0.6368673794239973,0.6427076533693951,0.5046952010108889,0.6427076533693951,0.5259697765245037,0.729116092562948,0.6145113495973663,0.0,0.0,0.9869487117299908,0.6017636910474946,0.747661941339287,2495335,1521459,0.5727179678049689,0.9949886841254445,0.726982814622335,6186,10747,0.6355353075170843,0.9998897281799636,0.7771254713747,18137,28535,0.33949802279524166,0.9999856142706435,0.5069015096178738,208540,614251,0.9974338412189254,0.8566115702479339,0.9216746943312338,72600,62350,0.0,0.0,0.0,19740,550959,0.0007325560100115988,0.045714285714285714,0.0014420043860966744,525,32762,0.34947922825813293,0.4345557391643524,2651004,648,0.7994272088843909,648,0.010732709638373219,0.011452651880512652,2.0468678710167296,0.34738174080848694,0.4326036274433136,2651004,648,0.759098819768836,648,0.01133676402569488,0.011435041435785599,2.030725430988241,0.3520015776157379,0.43332481384277344,2651002,648,0.9629049931183469,648,0.014246916248640445,0.013179908073300294,2.0356839379528537,0.35274001955986023,0.4363483786582947,2651001,648,1.2678927993840976,648,0.013955806669592867,0.023166134304751076,2.0421655449899845,0.3524026870727539,0.43722933530807495,2651000,648,0.9054313966674773,648,0.01155092439623386,0.013980117349055613,2.0318427399615757,10.187285524909385,0.002039872983004898,0.002715823007747531,0.0010604729759506881,10.191061820893083,4.149021805962548,14.34008362685563,0.016545696125831455
10,0.007326692278205856,7.412381819449365e-10,0.6309719606585943,0.6564266732079361,0.6458665764913692,0.5048107586690501,0.6458665764913692,0.5284240434476075,0.7441229950339364,0.6174379833716296,0.0,0.0,0.9873735323665811,0.6238761529013138,0.7646224002172876,2495335,1576688,0.5726646818012654,0.9949886841254445,0.7269398842565253,6186,10748,0.6356912507010656,0.9998897281799636,0.7772420443587271,18137,28528,0.33951349916886864,0.9999856142706435,0.5069187603234467,208540,614223,0.9976898642795264,0.8566115702479339,0.921783983280715,72600,62334,0.0,0.0,0.0,19740,496218,0.0007424823660438064,0.045714285714285714,0.0014612316965508844,525,32324,0.3483187258243561,0.4306508004665375,2651004,648,0.8258292174381329,648,0.00996513580396781,0.0126809856380792,2.211821335949935,0.3472709059715271,0.4325779974460602,2651004,648,0.7924153706795282,648,0.010156912473756,0.01296646404392336,2.201797472022008,0.3495582044124603,0.43353983759880066,2651002,648,0.8042857277599313,648,0.011758825980523852,0.011107113397714877,2.0342555030365475,0.35156455636024475,0.4384011924266815,2651001,648,1.166831081035533,648,0.020058255936153464,0.021514006469196368,2.034133443958126,0.3478456437587738,0.4341995418071747,2651000,648,0.8631490783143494,648,0.011695337265300856,0.012100049120687491,2.0203936980105937,10.50240145297721,0.0021330280578695238,0.0028149490826763213,0.0010770030203275383,10.506293405080214,4.116685969987884,14.622979375068098,0.016050406964495778
11,0.0068696299885286985,7.566995918750763e-10,0.6195561668222526,0.6392299640241994,0.6430418942064821,0.5053903665851831,0.6430418942064821,0.5268020369484869,0.7309632340933134,0.6158836246960426,0.0,0.0,0.9870056696821209,0.6044362780949252,0.749737725934102,2495335,1528128,0.5772586546580355,0.9946653734238603,0.7305431878895815,6186,10659,0.6357358199537264,0.9998897281799636,0.777275357349506,18137,28526,0.33952019276951506,0.9999760237844059,0.5069249889090788,208540,614205,0.9974818355333858,0.8566115702479339,0.9216951840352138,72600,62347,0.0,0.0,0.0,19740,544339,0.0007303934994978545,0.045714285714285714,0.0014378145219266715,525,32859,0.3464828133583069,0.4324972629547119,2651004,648,0.7706056181944129,648,0.010958185946676932,0.01130938576712074,2.0361623359494843,0.34557199478149414,0.43199029564857483,2651004,648,0.7284696598196162,648,0.01100592884155315,0.01172306680060793,2.0257074430119246,0.3467671871185303,0.4300430417060852,2651002,648,0.7821664023571203,648,0.009656938566522921,0.011788227607735348,2.0318735080072656,0.3492658734321594,0.4309541881084442,2651001,648,1.200314314427174,648,0.018913288536490675,0.022412238504024747,2.032395959016867,0.34454789757728577,0.4375579059123993,2651000,648,0.7187076072137814,648,0.010049120071095107,0.010626945475360614,2.0271173309884034,10.153256576973945,0.0020761710475198925,0.0027535740518942475,0.0010452439892105758,10.15705539501505,4.142738450958859,14.299793845973909,0.016637179942335933
12,0.007068995170064564,7.8580342233181e-10,0.6180572067462043,0.6523555127978354,0.6451629911147972,0.5055426668635342,0.6451629911147972,0.5285253372429045,0.7410533664946153,0.6156084989244318,0.0,0.0,0.9873118078964652,0.6192743659668942,0.7611380003058743,2495335,1565156,0.5772586546580355,0.9946653734238603,0.7305431878895815,6186,10659,0.6358026855520107,0.9998897281799636,0.7773253321903129,18137,28523,0.3395251073750981,0.9999856142706435,0.5069316991231759,208540,614202,0.9979620328321325,0.8566115702479339,0.9219001311917697,72600,62317,0.0,0.0,0.0,19740,514630,0.0009383797309978105,0.045714285714285714,0.001839009999616873,525,25576,0.34492939710617065,0.43170323967933655,2651004,648,0.6773355099411671,648,0.009895222661339784,0.01109027266707241,2.03782998904353,0.3433738946914673,0.4286617338657379,2651004,648,0.6799697827610696,648,0.010723456802488297,0.011662909237707929,2.0344147619907744,0.34613943099975586,0.4300234317779541,2651002,648,0.7309654123237331,648,0.010371590567533485,0.011453551284515993,2.026377442001831,0.34841108322143555,0.428095281124115,2651001,648,1.4596612281385912,648,0.019324959944344546,0.025539095104835673,2.0320388389518484,0.34200918674468994,0.4331233501434326,2651000,648,0.7021203968924461,648,0.009468062649453282,0.011063759910710246,2.031470861984417,10.1621318939724,0.00203230808256194,0.0027099920553155243,0.0010475480230525136,10.165889434050769,4.0996944270445965,14.265583861095365,0.018808447930496186
13,0.006166195157727182,7.821654435247183e-10,0.6136482900986668,0.65318782317162,0.6452974133753068,0.5054436222750345,0.6452974133753068,0.5285187800879044,0.7416873753576062,0.6169784261039304,0.0,0.0,0.9873188463582353,0.620215321790461,0.7618504018599714,2495335,1567523,0.576501452262719,0.9946653734238603,0.7299365324159203,6186,10673,0.6358695652173914,0.9998897281799636,0.7773753134577877,18137,28520,0.3395721010817157,0.9999856142706435,0.5069840772035004,208540,614117,0.9980581277784019,0.8566115702479339,0.9219411315608067,72600,62311,0.0,0.0,0.0,19740,507356,0.000785263226777476,0.045714285714285714,0.001544004117344313,525,30563,0.34345102310180664,0.42899104952812195,2651004,648,0.7322881195005962,648,0.010535373650316761,0.011629272577995304,2.2264246840495616,0.3423784673213959,0.43218833208084106,2651004,648,0.6796575176029137,648,0.010440822477034201,0.011595677470027878,2.026442955015227,0.3448825478553772,0.431096613407135,2651002,648,0.7643263495954117,648,0.010220870844005343,0.012149835074386816,2.0338946859701537,0.34661391377449036,0.43023520708084106,2651001,648,1.2447403724436077,648,0.02201122190256597,0.017551864426409523,2.039542758022435,0.3421153426170349,0.4362070858478546,2651000,648,0.7367871324804957,648,0.010297335298162638,0.011293010544702541,2.2333969229948707,10.559702006052248,0.0020475280471146107,0.0027422530110925436,0.0012624419759958982,10.563706701039337,4.1293444850016385,14.693051186040975,0.01780796586535871
14,0.005978326371960775,8.149072527885437e-10,0.61968420377217,0.6412791915671504,0.6433741102058784,0.505610181417925,0.6433741102058784,0.5272367961876684,0.7325596294992474,0.6156457411347379,0.0,0.0,0.9870546258671484,0.6067521996044619,0.751530933113474,2495335,1533907,0.577854996243426,0.9946653734238603,0.7310205536414399,6186,10648,0.635847270432313,0.9998897281799636,0.7773586523211453,18137,28521,0.3395527491565606,0.9999856142706435,0.506962508447876,208540,614152,0.9980100779921045,0.8566115702479339,0.9219206309204382,72600,62314,0.0,0.0,0.0,19740,546299,0.0009515502339227658,0.045714285714285714,0.0018642948693051618,525,25222,0.3431219458580017,0.4324316382408142,2651004,648,0.6606867580071342,648,0.010062079317498593,0.011238696099677916,2.0435121359769255,0.34066131711006165,0.4289872646331787,2651004,648,0.6780196445443598,648,0.010518369784880828,0.011560947768645517,2.028199966007378,0.3431679904460907,0.42832106351852417,2651002,648,0.6685512036124952,648,0.010475382324463312,0.010769028306771008,2.03619167098077,0.3428681194782257,0.42919108271598816,2651001,648,1.0272428269002976,648,0.015613055928559182,0.015523825864447375,2.03444157296326,0.3421417474746704,0.43262428045272827,2651000,648,0.7745067697585035,648,0.009870447592409659,0.01310685074122164,2.0349619499756955,10.17730729590403,0.0020591780776157975,0.002749054110608995,0.0011213370016776025,10.181177687016316,4.1244213249883614,14.305599012004677,0.016268487030174583
15,0.005979487809485357,8.149072527885437e-10,0.6082852044090717,0.6490741256044265,0.7880125190526257,0.5153538698936996,0.7880125190526257,0.5406094108345704,0.7369588674212156,0.6159986147398102,0.001859528144733274,0.045714285714285714,0.9999227998450718,0.6073028270753226,0.7556573676174482,2495335,1515541,0.5778696223933872,0.9945037180730683,0.7309885931558935,6186,10646,0.6561143270622286,0.9998897281799636,0.7923192869781768,18137,27640,0.3395588309525011,0.9999856142706435,0.5069692870018877,208540,614141,0.9981008751800212,0.8686914600550965,0.9289107204666132,72600,63187,0.03496156707165882,1.0,0.06756109247724006,19740,564620,0.0009490667510281556,0.045714285714285714,0.001859528144733274,525,25288,0.3423863649368286,0.4316719174385071,2651004,648,0.6530513612544265,648,0.009729508843626597,0.010115205296636662,2.0878583259764127,0.3386525511741638,0.42581677436828613,2651004,648,0.8452201777635043,648,0.01016403332050405,0.013825629802953203,2.10300180898048,0.3432520627975464,0.43136104941368103,2651002,648,0.8304223895029265,648,0.009715472361423288,0.0145932016277463,2.196412233985029,0.34218829870224,0.43395569920539856,2651001,648,0.8722653057507376,648,0.014019237112253046,0.014205715804437895,1.982494771014899,0.3411642909049988,0.4321874678134918,2651000,648,0.7317737779594831,648,0.011005098798522074,0.012220860460182281,2.0242272509494796,10.3939943909063,0.0021024090237915516,0.002786745026241988,0.0011600700090639293,10.397941205941606,4.223637259041425,14.621578464983031,0.01847535604611039
16,0.005545363422756087,8.440110832452774e-10,0.6026688944220638,0.6551891964128416,0.789023169741369,0.515547791488002,0.789023169741369,0.5417212038373095,0.7416909556217897,0.6164094882465516,0.0015715548570867301,0.045714285714285714,0.9999236686541088,0.6142157265457343,0.7609861260546468,2495335,1532791,0.5779092702169625,0.9946653734238603,0.7310639814649795,6186,10647,0.65613806577662,0.9998897281799636,0.7923365955959455,18137,27639,0.33955330203809814,0.9999856142706435,0.5069631246725684,208540,614151,0.9981324681490861,0.8686914600550965,0.928924402548146,72600,63185,0.03637824529331112,1.0,0.07020264166779284,19740,542632,0.0007995202878273036,0.045714285714285714,0.0015715548570867301,525,30018,0.3414669334888458,0.43120643496513367,2651004,648,0.6389733712584781,648,0.009643303910899998,0.011275452262849834,2.106853816017974,0.3389473557472229,0.43472322821617126,2651004,648,0.7583746639214988,648,0.011985346221310953,0.01115815843653969,2.3430480829556473,0.3426015079021454,0.4302757978439331,2651002,648,0.80221895420421,648,0.012534858941238082,0.012026711743988488,2.103512357978616,0.3405313193798065,0.43364790081977844,2651001,648,0.7552034813797681,648,0.012733852726887547,0.011024177977904108,2.0630542630096897,0.3401827812194824,0.43103355169296265,2651000,648,0.7818457718978026,648,0.01108565852100692,0.012279919009432795,2.1002755149966106,10.716744034958538,0.0020470559829846025,0.0027458890108391643,0.0010683079599402845,10.720558231929317,4.28532882896252,15.005887060891837,0.02082879509544
17,0.005627203392540627,8.440110832452774e-10,0.5973053395169449,0.6709329072055463,0.6497697140636856,0.5087018413648244,0.6497697140636856,0.534019934105564,0.7550812857606157,0.6167497896353243,0.0,0.0,0.9877015971903503,0.6399265028543262,0.7766595193782954,2495335,1616714,0.5782248965776607,0.9941804073714839,0.7311853525145643,6186,10636,0.656066854786195,0.9998897281799636,0.7922846720111841,18137,27642,0.33975965251279777,0.9999856142706435,0.5071930810221836,208540,613778,0.9982114593225704,0.8686914600550965,0.9289586095153926,72600,63180,0.0,0.0,0.0,19740,463808,0.000948429164196799,0.045714285714285714,0.0018583042973286876,525,25305,0.33998000621795654,0.4312679171562195,2651004,648,0.6360636921247111,648,0.009510359484269133,0.010702324116891374,2.1760001229704358,0.33818647265434265,0.42928677797317505,2651004,648,0.8829570320697219,648,0.010264190735049698,0.014624748685980193,2.1110616819933057,0.33855509757995605,0.42533349990844727,2651002,648,0.6835466481057636,648,0.010930842920612548,0.011125297319288898,2.0408178130164742,0.3417432904243469,0.43057960271835327,2651001,648,0.8848024516475591,648,0.009651012976311385,0.014128425679770509,2.025629495969042,0.34039923548698425,0.42962542176246643,2651000,648,0.7476815637077058,648,0.01031648274292297,0.011979007932205915,2.0294927849899977,10.383001898939256,0.0022192199830897152,0.0029236230184324086,0.0010938849882222712,10.38701940694591,4.155185086012352,14.542204492958263,0.034816766099538654
18,0.005599917128011593,8.149072527885437e-10,0.5837207784804165,0.6502123490329709,0.7881963477913378,0.5155706322699082,0.7881963477913378,0.540992317328513,0.7378584378981603,0.616531163781407,0.0015685761903205778,0.045714285714285714,0.9999084788125159,0.6085896282463076,0.7566486111861935,2495335,1518774,0.5781411521473546,0.9945037180730683,0.7312058002020562,6186,10641,0.6572557262974775,0.9998897281799636,0.7931509545365085,18137,27592,0.3397424931859911,0.9999856142706435,0.5071739614202729,208540,613809,0.9977061317471366,0.8686914600550965,0.9287397284481489,72600,63212,0.03544246524429985,1.0,0.06845858931609038,19740,556959,0.0007979784545817263,0.045714285714285714,0.0015685761903205778,525,30076,0.3373665511608124,0.43090203404426575,2651004,648,0.6587745411323079,648,0.010238559083456795,0.01071016449101938,1.9853883580071852,0.3408080041408539,0.4328695833683014,2651004,648,0.9993808101660691,648,0.012701811393139148,0.017156460040755855,1.924710102030076,0.3412385582923889,0.4263908565044403,2651002,648,0.6800694985064442,648,0.010028640420597987,0.010708572214806535,1.917480449017603,0.34165138006210327,0.4323781728744507,2651001,648,0.8161183570022926,648,0.012156678079713346,0.01345692502124499,1.9963384230504744,0.3373868465423584,0.43198150396347046,2651000,648,0.7317824003964436,648,0.011065923008456702,0.012149304328120863,1.8288813920225948,9.652798724127933,0.0020959270768798888,0.002785713062621653,0.001059951027855277,9.65664438821841,4.195421284006443,13.852065672224853,0.02081974979955703
19,0.006611105103114943,8.440110832452774e-10,0.5832471555389857,0.6653272188533188,0.7906374743620903,0.515886189983614,0.7906374743620903,0.5435697520663093,0.7494535068375023,0.6171954361100287,0.0015526443474041726,0.045714285714285714,0.9999071358122734,0.6256775142415748,0.7697161894174038,2495335,1561420,0.5775441231693579,0.9945037180730683,0.7307281149780259,6186,10652,0.6573033707865169,0.9998897281799636,0.793185645242417,18137,27590,0.33975300998712915,0.9999856142706435,0.5071856797149563,208540,613790,0.997500988533017,0.8686914600550965,0.9286508374746917,72600,63225,0.03840496813204772,1.0,0.0739691532892666,19740,513996,0.0007897334649555774,0.045714285714285714,0.0015526443474041726,525,30390,0.34011706709861755,0.433960497379303,2651004,648,0.722297760285689,648,0.009827994257584686,0.011688270088098071,1.8525236429995857,0.3389715552330017,0.4319201409816742,2651004,648,1.2231500309974694,648,0.014884003198464633,0.02060118750507929,1.8018842989695258,0.3408817648887634,0.42964547872543335,2651002,648,0.6617922883411822,648,0.01032641559929817,0.011593358713687737,1.9874914399697445,0.34216034412384033,0.42622050642967224,2651001,648,1.1113461939906972,648,0.012179252161881163,0.02006405894034825,2.0146387059940025,0.33754801750183105,0.4341769218444824,2651000,648,0.7067519058921482,648,0.011069432065774931,0.010433970548318294,2.023559227003716,9.680097314936575,0.002326972025912255,0.003053738037124276,0.0017903840052895248,9.684941436978988,4.188400312967133,13.873341749946121,0.02090537903131917
20,0.0054410123943252125,8.149072527885437e-10,0.5860667565938,0.6667929783914787,0.7908050926942234,0.5159585291878727,0.7908050926942234,0.5437695487734281,0.7505675939105486,0.6176990884323723,0.0018670504492590144,0.045714285714285714,0.9999086586490679,0.6273358086188828,0.7709702131872045,2495335,1565556,0.5782939904072228,0.9940187520206919,0.7311968606932636,6186,10633,0.6561143270622286,0.9998897281799636,0.7923192869781768,18137,27640,0.3397640810075435,0.9999856142706435,0.5071980153470103,208540,613770,0.9983536749457821,0.8686914600550965,0.9290201884054768,72600,63171,0.038321986220392186,1.0,0.07381522635360635,19740,515109,0.0009529860228716646,0.045714285714285714,0.0018670504492590144,525,25184,0.33956441283226013,0.4332777261734009,2651004,648,0.7781233391710543,648,0.011444244624647278,0.012644068142528784,2.064511729986407,0.3353002071380615,0.4289012849330902,2651004,648,1.0212047894011875,648,0.017392720483070837,0.012237931393665842,2.0503677160013467,0.3401853144168854,0.427049458026886,2651002,648,0.7658801737699871,648,0.01153458641835537,0.01213837413340673,2.0329247030313127,0.3402169644832611,0.4340507686138153,2651001,648,0.9681533172319727,648,0.017204077438155257,0.013687481627913755,2.0242421599687077,0.33708029985427856,0.43397510051727295,2651000,648,0.7131317250266286,648,0.011217255531494663,0.01107504215029232,2.155386222002562,10.327432530990336,0.0021952359820716083,0.0029378009494394064,0.001485050015617162,10.331855381955393,4.1654756820062175,14.49733106396161,0.017124523990787566
21,0.005145724900915179,7.421476766467094e-10,0.5771391003303226,0.6599313804760829,0.789512619565757,0.5164045921890054,0.789512619565757,0.5430071130352278,0.7453574635345521,0.6204597072839783,0.0018760992769200704,0.045714285714285714,0.9999075156172492,0.6195817395259554,0.765086197297962,2495335,1546207,0.5815891656406856,0.992725509214355,0.7334726784114661,6186,10559,0.6572319066429891,0.9998897281799636,0.793133610321452,18137,27593,0.339782349768712,0.9999856142706435,0.5072183704518064,208540,613737,0.9984485078761972,0.8686914600550965,0.9290612455345634,72600,63165,0.036914998260843546,1.0,0.07120158995242407,19740,534742,0.0009577015163607343,0.045714285714285714,0.0018760992769200704,525,25060,0.339756578207016,0.43056291341781616,2651004,648,0.7536439025330652,648,0.011079075223247132,0.013937318396370675,2.033304508018773,0.33564087748527527,0.4300004839897156,2651004,648,0.6716855809262938,648,0.011390513482794167,0.00957236207922802,2.0303557860315777,0.33822041749954224,0.42690762877464294,2651002,648,0.7450180325209903,648,0.010451314575002488,0.011737582053071594,2.0605531530454755,0.3396872878074646,0.4318991005420685,2651001,648,0.7911475225408313,648,0.01301331838243953,0.01273102269875661,2.029499127995223,0.3361859619617462,0.43028780817985535,2651000,648,0.6142080233572688,648,0.009375183798558593,0.010386411545487946,2.035175251949113,10.188887827040162,0.002066373999696225,0.002779174013994634,0.0012409619521349669,10.192907963006292,4.148351255978923,14.341259218985215,0.01654484198661521
22,0.005464075430180646,7.566995918750763e-10,0.571204506155681,0.6616498816226366,0.7897556378613632,0.5160584155537196,0.7897556378613632,0.5430268726160573,0.7466767512479254,0.6159646734989392,0.0015533477880974725,0.045714285714285714,0.9999065186782128,0.621546605966734,0.7665821398377392,2495335,1551112,0.5785209609043805,0.992725509214355,0.7310279150050593,6186,10615,0.6575893828413953,0.9998897281799636,0.7933938532210434,18137,27578,0.339724839859275,0.9997218758991081,0.5071203657419738,208540,613679,0.9982430592927918,0.8686914600550965,0.9289722930077038,72600,63178,0.03763404985463038,1.0,0.07253819371078427,19740,524525,0.0007900974453515934,0.045714285714285714,0.0015533477880974725,525,30376,0.33685198426246643,0.43467870354652405,2651004,648,0.8240762143538577,648,0.01212756409388196,0.012355010560677835,2.0279432740062475,0.33580735325813293,0.4305991232395172,2651004,648,0.6347780196190208,648,0.009147852843262335,0.011195184557104066,2.220014800026547,0.33934515714645386,0.42911773920059204,2651002,648,0.7346181073978622,648,0.010512738999155022,0.011731627024717499,2.044473692018073,0.3380507826805115,0.42778822779655457,2651001,648,0.7156866137890303,648,0.011659860194137686,0.013613939984655056,1.906685987021774,0.33642980456352234,0.43142399191856384,2651000,648,0.7744734117199626,648,0.009164213553482906,0.012898750874461797,2.041802652995102,10.240920406067744,0.002080368052702397,0.002772448060568422,0.0011228789808228612,10.244815733109135,4.150988920999225,14.39580465410836,0.018016931891907007
23,0.00500846970365077,7.419203029712662e-10,0.5636013231792333,0.6671779396631695,0.7906928277632262,0.5166664049254858,0.7906928277632262,0.5443416151798431,0.7509132978193892,0.6287374463045096,0.001883460859329017,0.045714285714285714,0.9999080853606149,0.627782241662943,0.7713070832490154,2495335,1566671,0.5816287878787879,0.9928871645651471,0.7335483100441896,6186,10560,0.6571842725131365,0.9998897281799636,0.7930989241668853,18137,27595,0.3402204328707669,0.9998849141651481,0.5076933377971209,208540,612885,0.9984485078761972,0.8686914600550965,0.9290612455345634,72600,63165,0.038313209517358365,1.0,0.07379894460779823,19740,515227,0.0009615384615384616,0.045714285714285714,0.001883460859329017,525,24960,0.3374421298503876,0.4297447204589844,2651004,648,0.7217751495989653,648,0.010918057882958597,0.010731429750795484,2.117194816004485,0.33427727222442627,0.42722341418266296,2651004,648,0.6150326593984282,648,0.010569803104303563,0.010500368773603616,2.109994587022811,0.33883556723594666,0.4307224154472351,2651002,648,0.7359897841881923,648,0.010949721275998614,0.0121874661378645,2.1065510779735632,0.3360857367515564,0.4280979037284851,2651001,648,0.6852955623294901,648,0.011904682370462178,0.011771246041097869,2.101732734008692,0.3377241790294647,0.4343443810939789,2651000,648,0.7321257810518317,648,0.011202831913760704,0.012110175734533048,2.069106443959754,10.504579658969305,0.0021624929504469037,0.0028804319445043802,0.0016068890108726919,10.509066979924683,4.284866349014919,14.793933328939602,0.01786900107981637
24,0.004892955006124965,7.566995918750763e-10,0.5529763940408133,0.6615286507249217,0.789816659390329,0.5165011968608506,0.789816659390329,0.5433669549075363,0.7465832112414487,0.6301379188971372,0.0015744415652573227,0.045714285714285714,0.9999071394301456,0.6213867075963748,0.7664606960818794,2495335,1550712,0.5815582694310328,0.9930488199159392,0.7335363305271957,6186,10563,0.6574463457076566,0.9998897281799636,0.7932897355700882,18137,27584,0.3397878861448168,0.9999856142706435,0.5072245389879443,208540,613727,0.9984327011366875,0.8686914600550965,0.9290544024277065,72600,63166,0.037575021557098236,1.0,0.0724285391926823,19740,525349,0.000801014618516788,0.045714285714285714,0.0015744415652573227,525,29962,0.33593153953552246,0.4292584955692291,2651004,648,0.7348603311904042,648,0.009599276028897543,0.01124003592254317,2.2254009710159153,0.3336905241012573,0.4307100176811218,2651004,648,0.5542414237433153,648,0.009600365194690492,0.008845334994501908,2.0249843440251425,0.3386171758174896,0.4290396571159363,2651002,648,0.7316195917142103,648,0.010596086101023455,0.013792455110218817,2.0235259540495463,0.33659058809280396,0.42922917008399963,2651001,648,0.6597595883593549,648,0.011009943994058965,0.012343697577457716,2.041650266968645,0.3360610008239746,0.4308381676673889,2651000,648,0.6737938575047663,648,0.010767608119113509,0.010636824802014049,2.0517262990470044,10.367287835106254,0.0020363549701869488,0.002732692926656455,0.001140764041338116,10.371161292074248,4.126832174020819,14.497993466095068,0.019530915946234018
25,0.004849629336097683,7.712515071034431e-10,0.5490683531108226,0.6656182439030961,0.7904310762630972,0.5319482249923844,0.7904310762630972,0.5554540827639886,0.7499023696695922,0.6311634879375341,0.0018826482585503608,0.045714285714285714,0.9999071852684458,0.6260109364073361,0.7699684566221254,2495335,1562252,0.6887617765814267,0.992725509214355,0.813269765593961,6186,8916,0.6574463457076566,0.9998897281799636,0.7932897355700882,18137,27584,0.3402435940317015,0.9999856142706435,0.5077321062274407,208540,612905,0.9984485078761972,0.8686914600550965,0.9290612455345634,72600,63165,0.03786905058798703,1.0,0.07297462154119147,19740,521270,0.0009611148932762004,0.045714285714285714,0.0018826482585503608,525,24971,0.3360612988471985,0.42888543009757996,2651004,648,0.7296561261766459,648,0.009951360413204,0.011502680914036952,2.028233357996214,0.3338143527507782,0.4313814640045166,2651004,648,0.5596977238831842,648,0.008285553456941342,0.009072404970233016,2.02208614902338,0.33798840641975403,0.42928484082221985,2651002,648,0.7545649166341792,648,0.012271313053657036,0.011835502682730125,2.014134047960397,0.3359740972518921,0.4305000305175781,2651001,648,0.6430512023148027,648,0.011145784114328929,0.012007900409954243,1.8170640289899893,0.3338070511817932,0.4270282983779907,2651000,648,0.6535890331996954,648,0.009905577156406973,0.011609347478781326,1.8203237039851956,9.701841287955176,0.002090929017867893,0.002788931014947593,0.012903773982543498,9.717533992952667,4.215775977005251,13.933309969957918,0.018713070021476597
26,0.004845447616780691,8.149072527885437e-10,0.5533694653609104,0.663436796696848,0.7900787617012677,0.5318781772647901,0.7900787617012677,0.5550944371565545,0.7482490593838373,0.629540407904422,0.0015775462582574688,0.045714285714285714,0.9999074607816865,0.6235447344745295,0.768100266769873,2495335,1556097,0.68837574262975,0.992725509214355,0.8130005957503145,6186,8921,0.6575416968817984,0.9998897281799636,0.7933591443008071,18137,27580,0.3402435940317015,0.9999856142706435,0.5077321062274407,208540,612905,0.998495931097812,0.8686914600550965,0.9290817754599962,72600,63162,0.037780193532582065,1.0,0.07280962532919245,19740,522496,0.0008026218982007892,0.045714285714285714,0.0015775462582574688,525,29902,0.33758658170700073,0.42785677313804626,2651004,648,0.7259456334111184,648,0.009717587501653293,0.010549064867589534,1.8202038290328346,0.33333587646484375,0.4327137768268585,2651004,648,0.5275363814780307,648,0.008364015173701307,0.008818257778085266,1.9251642060116865,0.3381602168083191,0.42491328716278076,2651002,648,0.8627599778422755,648,0.011110597430645831,0.014776350998360365,2.020533250994049,0.33576416969299316,0.43009036779403687,2651001,648,0.6772452387429625,648,0.01122148221422765,0.011691470753300438,2.0219562650308944,0.3349621295928955,0.4275616705417633,2651000,648,0.5742373666210759,648,0.010115143454844811,0.010743278324971996,2.133992555027362,9.921850106096826,0.002070449001621455,0.0027600540197454393,0.0010569660225883126,9.92566712613916,4.1356013210024685,14.061268447141629,0.02006865688599646
27,0.0049114105683935394,7.419203029712662e-10,0.5465452700748537,0.8018328552038717,0.8123174798739097,0.6224941573079031,0.8123174798739097,0.6382036131390755,0.8795056487069578,0.7154265306137723,0.002117970983797522,0.05714285714285714,0.9999256141704492,0.7811179661247889,0.8770811345193785,2495335,1949296,0.6910871033085753,0.992725509214355,0.8148885350318471,6186,8886,0.6576370757180157,0.9998897281799636,0.7934285651783957,18137,27576,0.9721614559955398,0.9866548384003069,0.9793545285573872,208540,211649,0.9985117398394578,0.8686914600550965,0.9290886189701019,72600,63161,0.037057130681764854,1.0,0.07146593873262,19740,532691,0.0010789814415192059,0.05714285714285714,0.002117970983797522,525,27804,0.3346157371997833,0.4294041097164154,2651004,648,0.6584949840330945,648,0.00913327375933239,0.01025057338490311,2.281245714984834,0.33464521169662476,0.4322822690010071,2651004,648,0.7829710434894033,648,0.00819347905229036,0.012164350387379855,2.1095897060004063,0.3379717171192169,0.430808424949646,2651002,648,0.7198337260186285,648,0.012939228261360746,0.012420740861519288,2.096352685999591,0.3362753689289093,0.4353996813297272,2651001,648,0.6300476058254426,648,0.01112577158010886,0.011050324006625499,2.0908126460271887,0.3347325921058655,0.42915916442871094,2651000,648,0.6591497075362897,648,0.010017259988906102,0.012239331779179229,2.081343605997972,10.659344359009992,0.0020711409742943943,0.0027609169483184814,0.0010846079676412046,10.663189883925952,4.029703642998356,14.692893526924308,0.016801288002170622
28,0.004667853967742953,7.41692929295823e-10,0.5444081369634236,0.7897306795346293,0.8203325609655915,0.6225008590652246,0.8203325609655915,0.6210865825170513,0.8730932568573749,0.7152322973534166,0.004634718010514189,0.3333333333333333,0.999926095858259,0.7862094668651705,0.8802818544529737,2495335,1962001,0.6884106702533064,0.9928871645651471,0.8130791633571618,6186,8922,0.6574701809085306,0.9998897281799636,0.7933070866141733,18137,27583,0.9729499506676716,0.7613167737604296,0.8542205267957785,208540,163179,0.9985433588245539,0.8686914600550965,0.9291023062927688,72600,63159,0.03787217469547817,1.0,0.07298042209598737,19740,521227,0.0023335822487732024,0.3333333333333333,0.004634718010514189,525,74992,0.33564192056655884,0.42611441016197205,2651004,648,0.6805579736141735,648,0.008996192919675485,0.011488521904791403,2.280834531993605,0.33368197083473206,0.4318031966686249,2651004,648,0.7851640394877732,648,0.010319094439713544,0.012263021763865251,2.093189692008309,0.33595511317253113,0.4274527132511139,2651002,648,0.721121070469285,648,0.011609644817405621,0.011536537295662029,2.1026953230029903,0.3376826345920563,0.43093419075012207,2651001,648,0.6035093633934911,648,0.010257864715587248,0.010934548839742611,2.0922507680370472,0.33373305201530457,0.4312678277492523,2651000,648,0.6413932373899675,648,0.01145420516199991,0.011111959075503393,2.1140126360114664,10.682982951053418,0.0021053150412626565,0.0028026850195601583,0.0011520939879119396,10.68693773006089,4.05331796099199,14.74025569105288,0.03054165589855984
29,0.005117345580003287,7.415792424581014e-10,0.5496687369855043,0.6652800735042075,0.7903752044934621,0.5322833542263962,0.7903752044934621,0.5556662732470989,0.7496549100965693,0.6287639820763739,0.0015704750687082843,0.045714285714285714,0.9999084095412919,0.6256294245061285,0.76968017565306,2495335,1561298,0.6907761529808774,0.992725509214355,0.8146723268771557,6186,8890,0.6576132284149835,0.9998897281799636,0.7934112088200551,18137,27577,0.34023866550934234,0.9999760237844059,0.507725382495301,208540,612908,0.9984801228567357,0.8686914600550965,0.929074932050706,72600,63163,0.03816793893129771,1.0,0.07352941176470588,19740,517188,0.0007989613502446819,0.045714285714285714,0.0015704750687082843,525,30039,0.3353027403354645,0.43210384249687195,2651004,648,0.6406057757598421,648,0.010396266761331152,0.009113485957930422,2.114529797981959,0.3337993919849396,0.4314946234226227,2651004,648,0.7944660544834179,648,0.010983002916607094,0.01212316437079649,2.1043592089554295,0.33728858828544617,0.42970016598701477,2651002,648,0.7044916958631361,648,0.01080619223941928,0.012029279633832211,2.089016941958107,0.3368922173976898,0.432524174451828,2651001,648,1.0314034085462782,648,0.009667287484229594,0.017966312399994973,2.085072471993044,0.3335021436214447,0.42975932359695435,2651000,648,0.5886117995614341,648,0.010517428006083645,0.010953645306260971,2.106105540005956,10.499083960894495,0.002104525046888739,0.0028056520386599004,0.0034281309926882386,10.505317743925843,4.148167410981841,14.653485154907685,0.01583467109594494
30,0.004937951364701586,7.415792424581014e-10,0.5412645576559201,0.6630291489413742,0.7900110412083156,0.5322327025862463,0.7900110412083156,0.5552454607086569,0.7479379279950972,0.6302801684392441,0.0018813200595751353,0.045714285714285714,0.9999073925206599,0.6230850767532216,0.7677514051480328,2495335,1554950,0.6910871033085753,0.992725509214355,0.8148885350318471,6186,8886,0.6575893828413953,0.9998897281799636,0.7933938532210434,18137,27578,0.3402270420899097,0.9999712285412871,0.5077118225221737,208540,612926,0.9985117398394578,0.8686914600550965,0.9290886189701019,72600,63161,0.03734583491778808,1.0,0.072002670007824,19740,528573,0.0009604225859378126,0.045714285714285714,0.0018813200595751353,525,24989,0.33494386076927185,0.42827171087265015,2651004,648,0.5935170222564088,648,0.009276702208933105,0.010088094207698454,2.305637145997025,0.33185267448425293,0.42900386452674866,2651004,648,0.7910905980560756,648,0.011322003065636134,0.008926852140635391,2.120473913033493,0.336111843585968,0.43066394329071045,2651002,648,0.6510232047254801,648,0.011259834249668367,0.012124779633792784,2.1050839009694755,0.33685073256492615,0.4306546747684479,2651001,648,0.9498693290735033,648,0.015290668645731413,0.01363086008082099,2.1135164040024392,0.33143359422683716,0.42759260535240173,2651000,648,0.6409271715321,648,0.010570312471254277,0.010835727528583694,2.105698906001635,10.750410270004068,0.00212959002237767,0.0028617660282179713,0.0013592230388894677,10.754631259071175,4.183408664015587,14.938039923086762,0.01750332798110321
31,0.004731743839216035,7.415792424581014e-10,0.5383962558901266,0.6670953466831474,0.7906926720725788,0.5322768517908593,0.7906926720725788,0.5559185663949684,0.7510255900884892,0.7151519191206417,0.001881098875259631,0.045714285714285714,0.9999074321158209,0.627680451722915,0.7712300575638155,2495335,1566418,0.6909663629204635,0.9928871645651471,0.8148590381426203,6186,8889,0.6571842725131365,0.9998897281799636,0.7930989241668853,18137,27595,0.34025025575426704,0.9999856142706435,0.5077395234912646,208540,612893,0.998495931097812,0.8686914600550965,0.9290817754599962,72600,63162,0.038173400836179254,1.0,0.07353954706493758,19740,517114,0.0009603072983354673,0.045714285714285714,0.001881098875259631,525,24992,0.3345816731452942,0.42813777923583984,2651004,648,0.6422937714803826,648,0.009177050116681353,0.01017803824390348,2.120041363989003,0.33157506585121155,0.4303109347820282,2651004,648,0.5096681844733141,648,0.007922919736130131,0.008139029290364513,2.1003168530296534,0.33651646971702576,0.4291301965713501,2651002,648,0.8079165577130549,648,0.010482642237367562,0.014149136572785295,2.0837849830277264,0.3350370526313782,0.430979460477829,2651001,648,0.8498641172063962,648,0.01262422668241759,0.011285071221067536,2.1024320279830135,0.33274057507514954,0.43264275789260864,2651000,648,0.6342848104840607,648,0.009670436251323144,0.010609771770386541,2.0879583330242895,10.494533561053686,0.002097852062433958,0.0027978470316156745,0.013294017990119755,10.510625426075421,4.094876273011323,14.605501699086744,0.015578168909996748
32,0.004737908929124068,7.415792424581014e-10,0.532001968288361,0.6653123308483363,0.7903816697848944,0.532279917262419,0.7903816697848944,0.5556348359650733,0.7496754626066682,0.7153939288540745,0.0018791105543376136,0.045714285714285714,0.99990777436486,0.6256650910599179,0.7697069777749184,2495335,1561388,0.6911648846370287,0.992725509214355,0.8149426050029859,6186,8885,0.6573510221835581,0.9998897281799636,0.7932203389830509,18137,27588,0.3402591384568192,0.9999856142706435,0.5077494135134774,208540,612877,0.9985117398394578,0.8686914600550965,0.9290886189701019,72600,63161,0.037805590401133786,1.0,0.07285678695664209,19740,522145,0.0009592709540749031,0.045714285714285714,0.0018791105543376136,525,25019,0.3349539041519165,0.42760100960731506,2651004,648,0.708632134062464,648,0.009299550547230657,0.010840572099072064,2.1252315849997103,0.33207350969314575,0.43460214138031006,2651004,648,0.5150757116197275,648,0.0076404026530718615,0.007945115211325862,2.307734032976441,0.3368300497531891,0.43024900555610657,2651002,648,0.8132218890165089,648,0.012555083077221987,0.013751587647301581,2.092946225020569,0.33414921164512634,0.43271729350090027,2651001,648,0.7755726313446247,648,0.010027858817536362,0.013478097628993312,2.026633031957317,0.3314545750617981,0.4296465516090393,2651000,648,0.5866062927109358,648,0.009744842121848602,0.011596683574545673,2.010299652989488,10.562844527943525,0.002065701992250979,0.0027574619743973017,0.001398086955305189,10.567000076873228,4.097150977002457,14.664151053875685,0.015492158068809658
33,0.004258669950192545,7.415792424581014e-10,0.5340595250115338,0.8083463573837238,0.813482375702136,0.6227005781281502,0.813482375702136,0.6399956955414952,0.8834860452302798,0.7209736941877445,0.001876392635158907,0.045714285714285714,0.9999262047832532,0.7873700324806088,0.8810088802555562,2495335,1964897,0.6913204998311381,0.992725509214355,0.8150507664742186,6186,8883,0.6575655389970629,0.9998897281799636,0.7933764983813107,18137,27579,0.9723953986113767,0.9999856142706435,0.9859975366255552,208540,214457,0.9985591690680515,0.8686914600550965,0.9291091501053345,72600,63158,0.038179381200039456,1.0,0.0735506443133317,19740,517033,0.0009578544061302681,0.045714285714285714,0.001876392635158907,525,25056,0.33370479941368103,0.42858365178108215,2651004,648,0.5894255926279376,648,0.00963606308938029,0.008927955404333696,2.0383607760304585,0.3323706090450287,0.4319951832294464,2651004,648,0.5190645587518309,648,0.007857090398438512,0.00869390674530984,2.0225650280481204,0.33609911799430847,0.42847609519958496,2651002,648,0.7935987114958934,648,0.012615240776830882,0.015141118328133195,2.027068208961282,0.3329445421695709,0.4289858639240265,2651001,648,0.7800193145722137,648,0.011896198942864266,0.011024951071203156,2.017162548028864,0.3306051790714264,0.42629119753837585,2651000,648,0.5834450348257443,648,0.010881215535674607,0.010815210219423901,2.021186308003962,10.126342869072687,0.0020410449360497296,0.002719289914239198,0.001182351028546691,10.130244510015473,4.022438351996243,14.152682862011716,0.01616242795716971
34,0.004057132044192864,7.430571713484824e-10,0.5316658479751862,0.8089284074832784,0.8135763796849966,0.6235965821049927,0.8135763796849966,0.6405098241206968,0.8840863554662272,0.8000957842282201,0.0018997110856057307,0.045714285714285714,0.9999262664000053,0.7880280603606329,0.8814206766035975,2495335,1966539,0.6913983337086241,0.992725509214355,0.8151048579771701,6186,8882,0.6573748504730489,0.9998897281799636,0.7932376869915143,18137,27587,0.9785967019868793,0.9999856142706435,0.9891755486934289,208540,213098,0.9987331147956355,0.8686914600550965,0.9291844386984611,72600,63147,0.038176796862308245,1.0,0.07354584879509993,19740,517068,0.0009700105084471749,0.045714285714285714,0.0018997110856057307,525,24742,0.3338015079498291,0.4285832643508911,2651004,648,0.6012611921490189,648,0.008290422033008765,0.010009175041168118,2.0423137539764866,0.33056721091270447,0.4331049621105194,2651004,648,0.5318519291419902,648,0.00783313274252342,0.009344386574664371,2.1928656899835914,0.33369216322898865,0.42765867710113525,2651002,648,0.7038691483657717,648,0.013742453294709687,0.01199975297870622,2.0253375180182047,0.3335427939891815,0.43429291248321533,2651001,648,0.6457750138291706,648,0.010271187268502825,0.009794094684561898,2.026605569990352,0.33156412839889526,0.4261346459388733,2651000,648,0.6212538452489363,648,0.010389488393665339,0.01132189428407508,2.193785958981607,10.480908490950242,0.0020351940183900297,0.002709391003008932,0.0013162630493752658,10.484934145002626,4.035651798010804,14.52058594301343,0.016373856051359326
35,0.005336615274268056,7.430571713484824e-10,0.5342250162014139,0.8072145145287433,0.8132995774577549,0.6235152245562884,0.8132995774577549,0.6402622630175738,0.8830113969070416,0.7162959533676733,0.0015708862416546668,0.045714285714285714,0.9999260846692467,0.7860904447699407,0.8802072407264105,2495335,1961704,0.6910871033085753,0.992725509214355,0.8148885350318471,6186,8886,0.6574225122349103,0.9998897281799636,0.7932723852849831,18137,27585,0.9786012942462822,0.9999856142706435,0.9891778947293525,208540,213097,0.9985591690680515,0.8686914600550965,0.9291091501053345,72600,63158,0.038211234180278046,1.0,0.07360974900343438,19740,516602,0.0007991741866737705,0.045714285714285714,0.0015708862416546668,525,30031,0.33252182602882385,0.4293912649154663,2651004,648,0.534668912843193,648,0.00897618123619931,0.008470872901504804,2.037983187008649,0.3317946791648865,0.42851048707962036,2651004,648,0.6348676650854316,648,0.008311642135603743,0.009767267313292482,2.022683330986183,0.3349662721157074,0.4286597967147827,2651002,648,0.7688269522202711,648,0.01182023713972787,0.014767617412534224,2.0217732510063797,0.33559170365333557,0.4274721145629883,2651001,648,1.0424901556462791,648,0.009027187877543507,0.017404469199158744,2.0169411019887775,0.33107009530067444,0.43184834718704224,2651000,648,0.6592562731651823,648,0.01012125680064704,0.012038561080329172,2.015053013979923,10.114433884969912,0.0020555019727908075,0.002765645971521735,0.00137960200663656,10.11857913294807,4.012198854004964,14.130777986953035,0.019614894059486687
36,0.004298314217822399,7.430571713484824e-10,0.5245506926880688,0.8064931552397093,0.8131830743486678,0.6226301261252986,0.8131830743486678,0.6397294510110861,0.8823207789230763,0.8038119024478603,0.0015777018143570865,0.045714285714285714,0.9999260079125607,0.7852749230063298,0.879695730912924,2495335,1959669,0.6911648846370287,0.992725509214355,0.8149426050029859,6186,8885,0.6574940178377202,0.9998897281799636,0.7933244384172882,18137,27582,0.9723273900555783,0.9999856142706435,0.9859625731657731,208540,214472,0.9985433588245539,0.8686914600550965,0.9291023062927688,72600,63159,0.03815252117812821,1.0,0.07350080147150541,19740,517397,0.0008027024315194488,0.045714285714285714,0.0015777018143570865,525,29899,0.33253878355026245,0.42624905705451965,2651004,648,0.5906987203054903,648,0.009054608863806386,0.009324733767506903,1.8312836560071446,0.3312009274959564,0.4288986325263977,2651004,648,0.5409882076749369,648,0.009173662888559326,0.008238589830835363,1.807724280981347,0.33310288190841675,0.4267725944519043,2651002,648,0.7968064179605476,648,0.013681946944680393,0.015926249747829403,1.8200291210087016,0.333153635263443,0.4298957288265228,2651001,648,0.8912062455375034,648,0.01433576238166156,0.011047254048406454,1.8168218449573033,0.33123403787612915,0.4301380515098572,2651000,648,0.6859484434476811,648,0.01148177026944563,0.01185520496616758,2.0243150860187598,9.300173988973256,0.0020389819401316345,0.002723798912484199,0.005385850032325834,9.308283637918066,4.032991429965477,13.341275067883544,0.016276902053505182
37,0.004205507182415111,7.430571713484824e-10,0.529347358394977,0.8113831559238486,0.81397346153905,0.6236854579722577,0.81397346153905,0.6409106295408628,0.8856282079879099,0.8052194619304245,0.0018938646675872952,0.045714285714285714,0.9999270317847518,0.7908028380958869,0.8831540121424177,2495335,1973462,0.6914761851142889,0.992725509214355,0.8151589566602508,6186,8881,0.6574940178377202,0.9998897281799636,0.7933244384172882,18137,27582,0.9786748763386866,0.9999904095137624,0.9892178301891268,208540,213082,0.9985591690680515,0.8686914600550965,0.9291091501053345,72600,63158,0.038699963534988766,1.0,0.07451615460403384,19740,510078,0.0009669621273166801,0.045714285714285714,0.0018938646675872952,525,24820,0.33367449045181274,0.4257775545120239,2651004,648,0.6695830171782488,648,0.008212941801055482,0.010939997932890782,2.0353486669482663,0.3301829695701599,0.42888015508651733,2651004,648,0.5293386676430928,648,0.007748338573757628,0.009357912525234985,2.0276282120030373,0.33298352360725403,0.4290962517261505,2651002,648,0.6620362987497704,648,0.014672198832337108,0.014350311901141216,2.0247523079742678,0.33412131667137146,0.4334932267665863,2651001,648,0.6128596233501218,648,0.010851349935134032,0.010834153329712019,2.1948729720315896,0.33081626892089844,0.428448885679245,2651000,648,0.6464963280742897,648,0.010870430340529766,0.011594996422810214,2.0212888800306246,10.303891038987786,0.002061614126432687,0.002745980105828494,0.0014126839814707637,10.308049703075085,4.220423720020335,14.52847342309542,0.018903006915934384
38,0.0050264573049160766,7.430571713484824e-10,0.5189056801152836,0.8079777020222519,0.8134272847738356,0.6235961154574843,0.8134272847738356,0.6403873867239106,0.8834918065729204,0.803580982490878,0.001890359168241966,0.045714285714285714,0.9999276930887323,0.786952052530021,0.8807477418524368,2495335,1963851,0.691554054054054,0.992725509214355,0.8152130625248905,6186,8880,0.6574701809085306,0.9998897281799636,0.7933070866141733,18137,27583,0.9786932484817766,0.9999904095137624,0.9892272151568482,208540,213078,0.9985750249370636,0.8687190082644628,0.9291317702693744,72600,63159,0.03798747221660942,1.0,0.07319447148140938,19740,519645,0.0009651345156231149,0.045714285714285714,0.001890359168241966,525,24867,0.33263933658599854,0.4270695149898529,2651004,648,0.6486983930601844,648,0.009348264175330781,0.010221889872162042,2.0418859489727765,0.3305613100528717,0.4302732050418854,2651004,648,0.581960689724776,648,0.008289128011287037,0.01013734733514309,2.0217686020187102,0.3340759873390198,0.43016377091407776,2651002,648,0.7538614086789664,648,0.01386093430809541,0.013727842818261341,2.1953056849888526,0.3333645164966583,0.43212392926216125,2651001,648,0.9863047949349861,648,0.010457240549344186,0.017107474959091623,2.20363854104653,0.33108749985694885,0.4310290515422821,2651000,648,0.6337437646574856,648,0.010908613824212243,0.011404062859121288,2.0078882229863666,10.470487000013236,0.0020978510729037225,0.002800030051730573,0.0012828499893657863,10.474569880054332,4.012890353042167,14.487460233096499,0.01605976588325575
39,0.005172970380442726,7.430571713484824e-10,0.5284288610995734,0.8093374731439886,0.8136468945657073,0.6227622117777635,0.8136468945657073,0.6401760322558864,0.8841081388147101,0.8049116368363661,0.0018918492826738137,0.045714285714285714,0.9999278340508424,0.7884893210731224,0.8817097473415995,2495335,1967687,0.6914761851142889,0.992725509214355,0.8151589566602508,6186,8881,0.6576847755131646,0.9998897281799636,0.7934632801732625,18137,27574,0.9723501874405506,0.9999904095137624,0.985976624555564,208540,214468,0.9985592146928436,0.8687190082644628,0.9291249263406011,72600,63160,0.03837137425502385,1.0,0.0739068414372522,19740,514446,0.0009659113776311023,0.045714285714285714,0.0018918492826738137,525,24847,0.33105576038360596,0.428845077753067,2651004,648,0.5811840214963456,648,0.009561262794172933,0.008490483622954794,2.0304072040016763,0.33185115456581116,0.4281841814517975,2651004,648,0.8225297449866551,648,0.009742471013171746,0.01411009101932752,2.0234797279699706,0.3338544964790344,0.4308457672595978,2651002,648,0.7961795143268766,648,0.013514393669878768,0.01585307484545254,2.027630095020868,0.333602637052536,0.43472105264663696,2651001,648,0.9532957287791,648,0.01452432698995583,0.01597192926774558,2.024452815996483,0.3312947750091553,0.42742210626602173,2651000,648,0.6159362667752629,648,0.010591036005904298,0.010597850095391458,2.196526669024024,10.302496512013022,0.002046364010311663,0.0027414800133556128,0.0012557890149764717,10.306493781041354,4.0408700429834425,14.347363824024796,0.01666661398485303
40,0.005117854948981652,7.430571713484824e-10,0.5279332136008602,0.7771836360974569,0.8179382212007275,0.6216202540256406,0.8179382212007275,0.6222553512916704,0.864878160088551,0.7168880558282096,0.004615200191800528,0.29333333333333333,0.9999390004838252,0.768606619952832,0.8691432400043232,2495335,1918048,0.6914761851142889,0.992725509214355,0.8151589566602508,6186,8881,0.6574940178377202,0.9998897281799636,0.7933244384172882,18137,27582,0.9665522858826384,0.8023208976695119,0.8768125435613108,208540,173106,0.9985591690680515,0.8686914600550965,0.9291091501053345,72600,63158,0.03499522228348258,1.0,0.06762393010138451,19740,564077,0.002325897509477277,0.29333333333333333,0.004615200191800528,525,66211,0.331706166267395,0.42722606658935547,2651004,648,0.6138179443158225,648,0.008537695304183081,0.00968426781404809,2.0531101989909075,0.3342103362083435,0.4326096773147583,2651004,648,0.9535828193412801,648,0.01246209017778835,0.016478120316390798,1.8875803310074843,0.3338068425655365,0.4343840479850769,2651002,648,0.7618078184322252,648,0.01454645319457016,0.013521938272237698,2.0520062550203875,0.33311110734939575,0.4347829222679138,2651001,648,0.8249602911588495,648,0.014392448957254446,0.014754797894287446,2.045965263969265,0.33040502667427063,0.43585777282714844,2651000,648,0.5831026345806853,648,0.010449114811163746,0.010025189249715368,2.0048103199806064,10.04347236896865,0.0020605819299817085,0.0027532129315659404,0.0012131090043112636,10.047438690904528,4.096954979992006,14.144393670896534,0.016208804096095264
