round,val_loss,accuracy,balanced_accuracy,macro_precision,macro_recall,macro_f1,weighted_f1,macro_pr_auc,worst_class_f1,worst_class_recall,precision_c0,recall_c0,f1_c0,support_c0,predicted_count_c0,precision_c1,recall_c1,f1_c1,support_c1,predicted_count_c1,precision_c2,recall_c2,f1_c2,support_c2,predicted_count_c2,precision_c3,recall_c3,f1_c3,support_c3,predicted_count_c3,precision_c4,recall_c4,f1_c4,support_c4,predicted_count_c4,precision_c5,recall_c5,f1_c5,support_c5,predicted_count_c5,precision_c6,recall_c6,f1_c6,support_c6,predicted_count_c6,train_loss_client_0,train_accuracy_client_0,train_samples_client_0,train_batches_client_0,update_l2_client_0,train_seconds_client_0,train_loss_client_1,train_accuracy_client_1,train_samples_client_1,train_batches_client_1,update_l2_client_1,train_seconds_client_1,train_loss_client_2,train_accuracy_client_2,train_samples_client_2,train_batches_client_2,update_l2_client_2,train_seconds_client_2,train_loss_client_3,train_accuracy_client_3,train_samples_client_3,train_batches_client_3,update_l2_client_3,train_seconds_client_3,train_loss_client_4,train_accuracy_client_4,train_samples_client_4,train_batches_client_4,update_l2_client_4,train_seconds_client_4,round_train_seconds,aggregation_seconds,fl_round_seconds,validation_seconds,round_total_seconds,round_orchestration_seconds
1,7.751052990978644,0.8845371407870012,0.1428571428571428,0.1263624486838573,0.1428571428571428,0.1341044927680089,0.83034283219794,0.2960748875165306,0.0,0.0,0.8845371407870012,1.0,0.9387314493760626,2495335,2821063,0.0,0.0,0.0,6186,0,0.0,0.0,0.0,18137,0,0.0,0.0,0.0,208540,0,0.0,0.0,0.0,72600,0,0.0,0.0,0.0,19740,0,0.0,0.0,0.0,525,0,0.9030280113220216,0.6979295015335083,98189,24,1.6401623584484204,0.3560834769159555,0.2719180583953857,0.9128598570823668,512014,126,2.5850285383261844,0.2871198514476418,0.0582462958991527,0.9280169010162354,1045357,256,1.50133421104763,0.5921612456440926,0.4862997531890869,0.9147302508354188,69931,18,1.3486610529799687,0.1539403656497597,0.0049135293811559,0.9997022747993468,11529520,2815,2.651594553378872,6.1929946998134255,7.582299639470875,0.1013621557503938,7.683661795221269,3.5112435473129158,11.194905342534184,2.2524814577773213
2,8.236222680162122,0.8845371407870012,0.1428571428571428,0.1263624486838573,0.1428571428571428,0.1341044927680089,0.83034283219794,0.3178392663391093,0.0,0.0,0.8845371407870012,1.0,0.9387314493760626,2495335,2821063,0.0,0.0,0.0,6186,0,0.0,0.0,0.0,18137,0,0.0,0.0,0.0,208540,0,0.0,0.0,0.0,72600,0,0.0,0.0,0.0,19740,0,0.0,0.0,0.0,525,0,1.327418088912964,0.5644827485084534,98189,24,2.509944144998636,0.0649114102125167,0.3706684410572052,0.916398823261261,512014,126,3.092195632147059,0.3431219588965177,0.0934060141444206,0.946812391281128,1045357,256,2.05955224099332,0.5458643296733499,1.1581158638000488,0.7357252240180969,69931,18,2.150063908259223,0.1012263353914022,0.0003628837584983,0.9999998807907104,11529520,2815,0.3189709214816976,6.329877783544362,7.385001817718148,0.062563931569457,7.447565749287605,3.439187854528427,10.886753603816032,0.0135254459455609
3,8.047783107196055,0.8845371407870012,0.1428571428571428,0.1263624486838573,0.1428571428571428,0.1341044927680089,0.83034283219794,0.3435635054620912,0.0,0.0,0.8845371407870012,1.0,0.9387314493760626,2495335,2821063,0.0,0.0,0.0,6186,0,0.0,0.0,0.0,18137,0,0.0,0.0,0.0,208540,0,0.0,0.0,0.0,72600,0,0.0,0.0,0.0,19740,0,0.0,0.0,0.0,525,0,1.2889033555984497,0.5881615877151489,98189,24,2.5285086353517148,0.0736222909763455,0.3502202033996582,0.9257540106773376,512014,126,3.0433344602880883,0.3182167317718267,0.0840148627758026,0.9581233859062196,1045357,256,1.983128143742964,0.5541992923244834,1.1683242321014404,0.7592912912368774,69931,18,2.192652111888181,0.0739261917769908,0.000279298168607,0.9999998807907104,11529520,2815,0.1959595835944493,6.20783684682101,7.227801353670657,0.0834694718942046,7.311270825564861,3.4373943274840717,10.748665153048933,0.0269344337284564
4,7.918209990768107,0.8845371407870012,0.1428571428571428,0.1263624486838573,0.1428571428571428,0.1341044927680089,0.83034283219794,0.3666815530596202,0.0,0.0,0.8845371407870012,1.0,0.9387314493760626,2495335,2821063,0.0,0.0,0.0,6186,0,0.0,0.0,0.0,18137,0,0.0,0.0,0.0,208540,0,0.0,0.0,0.0,72600,0,0.0,0.0,0.0,19740,0,0.0,0.0,0.0,525,0,1.2302260398864746,0.5954434871673584,98189,24,2.489904603253386,0.0678377160802483,0.3112912476062774,0.934589684009552,512014,126,2.931052270261569,0.3459724355489015,0.0753798559308052,0.9642236828804016,1045357,256,1.8755430920176177,0.540955813601613,1.1099376678466797,0.7900645136833191,69931,18,2.178292265452977,0.0849383817985653,0.0002573155215941,0.9999998807907104,11529520,2815,0.1978471692064453,6.178906204178929,7.218610551208258,0.0187532920390367,7.237363843247294,3.4585810163989663,10.69594485964626,0.0193129032850265
5,7.703558543673745,0.8845371407870012,0.1428571428571428,0.1263624486838573,0.1428571428571428,0.1341044927680089,0.83034283219794,0.3758629858509539,0.0,0.0,0.8845371407870012,1.0,0.9387314493760626,2495335,2821063,0.0,0.0,0.0,6186,0,0.0,0.0,0.0,18137,0,0.0,0.0,0.0,208540,0,0.0,0.0,0.0,72600,0,0.0,0.0,0.0,19740,0,0.0,0.0,0.0,525,0,1.1628621816635132,0.6042428016662598,98189,24,2.4498633782850843,0.0545701291412115,0.2823171615600586,0.9422613978385924,512014,126,2.865472220733819,0.3182558128610253,0.0682347863912582,0.9664449095726012,1045357,256,1.7901804192353086,0.5439712423831224,1.056396484375,0.812171995639801,69931,18,2.1218165119913817,0.092289644293487,0.0003163162036798,0.9999998807907104,11529520,2815,0.1841144936305692,6.082518523558974,7.091605352237821,0.0136964675039052,7.105301819741726,3.5408167503774166,10.646118570119144,0.0170372929424047
6,7.439912413546231,0.8845371407870012,0.1428571428571428,0.1263624486838573,0.1428571428571428,0.1341044927680089,0.83034283219794,0.3815402684965153,0.0,0.0,0.8845371407870012,1.0,0.9387314493760626,2495335,2821063,0.0,0.0,0.0,6186,0,0.0,0.0,0.0,18137,0,0.0,0.0,0.0,208540,0,0.0,0.0,0.0,72600,0,0.0,0.0,0.0,19740,0,0.0,0.0,0.0,525,0,1.0954545736312866,0.6227682828903198,98189,24,2.4079338040698888,0.074725579470396,0.2597703039646148,0.946640133857727,512014,126,2.759471800727359,0.3045715866610408,0.0628308355808258,0.96721214056015,1045357,256,1.7561201457807705,0.5946780545637012,0.9981698989868164,0.8347228169441223,69931,18,2.064881836038011,0.0642515998333692,0.0003393120132386,0.9999998807907104,11529520,2815,0.174800103043532,6.27188812661916,7.310114947147667,0.0206560315564274,7.330770978704095,3.419490583240986,10.75026156194508,0.0135071165859699
7,7.343255640602274,0.8845371407870012,0.1428571428571428,0.1263624486838573,0.1428571428571428,0.1341044927680089,0.83034283219794,0.389227958320875,0.0,0.0,0.8845371407870012,1.0,0.9387314493760626,2495335,2821063,0.0,0.0,0.0,6186,0,0.0,0.0,0.0,18137,0,0.0,0.0,0.0,208540,0,0.0,0.0,0.0,72600,0,0.0,0.0,0.0,19740,0,0.0,0.0,0.0,525,0,1.029688000679016,0.6316185593605042,98189,24,2.351738239609545,0.1035846322774887,0.2444984018802642,0.9511244297027588,512014,126,2.689214607194796,0.2942374143749475,0.0581982992589473,0.9675536155700684,1045357,256,1.7243136576868108,0.5734810838475823,0.9509217739105223,0.8503096103668213,69931,18,2.037790231313945,0.0925000431016087,0.0002238212473457,0.9999998807907104,11529520,2815,0.1962209106982065,6.188832345418632,7.252635519020259,0.013785246759653,7.266420765779912,3.5296176401898265,10.79603840596974,0.0098012126982212
8,7.143605615745292,0.8845371407870012,0.1428571428571428,0.1263624486838573,0.1428571428571428,0.1341044927680089,0.83034283219794,0.3912594751435084,0.0,0.0,0.8845371407870012,1.0,0.9387314493760626,2495335,2821063,0.0,0.0,0.0,6186,0,0.0,0.0,0.0,18137,0,0.0,0.0,0.0,208540,0,0.0,0.0,0.0,72600,0,0.0,0.0,0.0,19740,0,0.0,0.0,0.0,525,0,1.0505273342132568,0.6369348764419556,98189,24,2.3400123225802343,0.0807040436193347,0.2302365005016327,0.9553332924842834,512014,126,2.592767236274732,0.3069988433271646,0.0555451400578022,0.9678502082824708,1045357,256,1.689773878618567,0.5477124778553843,0.9134150743484496,0.8652099967002869,69931,18,1.9905524706240656,0.1072568101808428,0.0002156888658646,0.9999998807907104,11529520,2815,0.1786994132380611,6.098031848669052,7.140704023651779,0.0957095604389905,7.236413584090769,3.442813762463629,10.6792273465544,0.0111618703231215
9,6.842698641320581,0.8845371407870012,0.1428571428571428,0.1263624486838573,0.1428571428571428,0.1341044927680089,0.83034283219794,0.3875874000099386,0.0,0.0,0.8845371407870012,1.0,0.9387314493760626,2495335,2821063,0.0,0.0,0.0,6186,0,0.0,0.0,0.0,18137,0,0.0,0.0,0.0,208540,0,0.0,0.0,0.0,72600,0,0.0,0.0,0.0,19740,0,0.0,0.0,0.0,525,0,0.9884151220321656,0.6439111828804016,98189,24,2.310982748501681,0.0587378749623894,0.2089626044034958,0.9581574201583862,512014,126,2.5446552501432853,0.3827704731374979,0.0496460832655429,0.9682748913764954,1045357,256,1.666104954944186,0.4987537544220686,0.886594295501709,0.8827987313270569,69931,18,1.9674055403978932,0.0952213909476995,0.0003144314978271,0.9999998807907104,11529520,2815,0.1711336268207738,6.205137849785388,7.240621343255043,0.0844830414280295,7.325104384683073,3.440377064049244,10.765481448732316,0.0147861251607537
10,6.778765022296248,0.8845371407870012,0.1428571428571428,0.1263624486838573,0.1428571428571428,0.1341044927680089,0.83034283219794,0.3835391191346318,0.0,0.0,0.8845371407870012,1.0,0.9387314493760626,2495335,2821063,0.0,0.0,0.0,6186,0,0.0,0.0,0.0,18137,0,0.0,0.0,0.0,208540,0,0.0,0.0,0.0,72600,0,0.0,0.0,0.0,19740,0,0.0,0.0,0.0,525,0,0.929783821105957,0.6558066606521606,98189,24,2.2660135342970213,0.0655264090746641,0.2001770436763763,0.9603331685066224,512014,126,2.4484401374831903,0.3147100545465946,0.0471668131649494,0.9688039422035216,1045357,256,1.644557162667402,0.5783803798258305,0.8415045738220215,0.8977420330047607,69931,18,1.9191010409542768,0.0844719409942627,0.0002859367232304,0.9999998807907104,11529520,2815,0.1997414073469401,6.073981222696602,7.117070007137954,0.0193630512803792,7.1364330584183335,3.3832207284867764,10.51965378690511,0.0149294566363096
11,6.560296703092408,0.8845371407870012,0.1428571428571428,0.1263624486838573,0.1428571428571428,0.1341044927680089,0.83034283219794,0.4084105659374099,0.0,0.0,0.8845371407870012,1.0,0.9387314493760626,2495335,2821063,0.0,0.0,0.0,6186,0,0.0,0.0,0.0,18137,0,0.0,0.0,0.0,208540,0,0.0,0.0,0.0,72600,0,0.0,0.0,0.0,19740,0,0.0,0.0,0.0,525,0,0.920329749584198,0.665950357913971,98189,24,2.259747404966369,0.1069700410589575,0.1950735002756118,0.9612862467765808,512014,126,2.424763010460369,0.3181018717586994,0.0449513532221317,0.9693816900253296,1045357,256,1.6340332669597657,0.5885793091729283,0.8292917013168335,0.901946187019348,69931,18,1.915115084542229,0.0827782619744539,0.0002750575367826,0.9999998807907104,11529520,2815,0.1787208382737991,5.9823082173243165,7.078737701289356,0.0143112558871507,7.0930489571765065,3.545364345423877,10.638413302600384,0.0109272422268986
12,6.430990809536815,0.8845371407870012,0.1428571428571428,0.1263624486838573,0.1428571428571428,0.1341044927680089,0.83034283219794,0.4217614659504856,0.0,0.0,0.8845371407870012,1.0,0.9387314493760626,2495335,2821063,0.0,0.0,0.0,6186,0,0.0,0.0,0.0,18137,0,0.0,0.0,0.0,208540,0,0.0,0.0,0.0,72600,0,0.0,0.0,0.0,19740,0,0.0,0.0,0.0,525,0,0.8739510178565979,0.6755033135414124,98189,24,2.218646623409387,0.0570576069876551,0.1802387982606887,0.962430775165558,512014,126,2.3342635630177004,0.2956013325601816,0.0426013767719268,0.9699183702468872,1045357,256,1.6212571440931225,0.5459341304376721,0.8032404780387878,0.9047060608863832,69931,18,1.910743125908278,0.1245660334825515,0.0002659616293385,0.9999998807907104,11529520,2815,0.1866121354278516,5.997499063611031,7.020658167079091,0.0936699332669377,7.114328100346029,3.3917880300432444,10.506116130389271,0.0187730528414249
13,6.243687890789173,0.8845371407870012,0.1428571428571428,0.1263624486838573,0.1428571428571428,0.1341044927680089,0.83034283219794,0.4202655130928204,0.0,0.0,0.8845371407870012,1.0,0.9387314493760626,2495335,2821063,0.0,0.0,0.0,6186,0,0.0,0.0,0.0,18137,0,0.0,0.0,0.0,208540,0,0.0,0.0,0.0,72600,0,0.0,0.0,0.0,19740,0,0.0,0.0,0.0,525,0,0.8613771796226501,0.6806362867355347,98189,24,2.210358296136593,0.0987819777801632,0.1715885549783706,0.9630752801895142,512014,126,2.289342649912361,0.3521292004734278,0.0395722836256027,0.970573663711548,1045357,256,1.6127842490884157,0.5629278942942619,0.7892226576805115,0.9051779508590698,69931,18,1.9169064608045336,0.0772279677912592,0.0002375414187554,0.9999998807907104,11529520,2815,0.1780967764286866,6.068756336346269,7.159823376685381,0.0228860396891832,7.182709416374564,3.4053332759067416,10.588042692281306,0.0136150373145937
14,6.070729529842894,0.8845371407870012,0.1428571428571428,0.1263624486838573,0.1428571428571428,0.1341044927680089,0.83034283219794,0.4180128000842016,0.0,0.0,0.8845371407870012,1.0,0.9387314493760626,2495335,2821063,0.0,0.0,0.0,6186,0,0.0,0.0,0.0,18137,0,0.0,0.0,0.0,208540,0,0.0,0.0,0.0,72600,0,0.0,0.0,0.0,19740,0,0.0,0.0,0.0,525,0,0.8218409419059753,0.6898430585861206,98189,24,2.178555887023636,0.0873618479818105,0.1631370931863784,0.9634307026863098,512014,126,2.257340493247719,0.3113094186410308,0.0379608906805515,0.9715895652770996,1045357,256,1.5776657248226948,0.5384201174601912,0.7675292491912842,0.9058214426040648,69931,18,1.8953569579197524,0.1415459783747792,0.0002147455379599,0.9999998807907104,11529520,2815,0.177227628894829,5.978049980476499,7.05668734293431,0.0206589000299572,7.077346242964268,3.5369663638994098,10.614312606863678,0.0109020406380295
15,5.993167741597395,0.8845371407870012,0.1428571428571428,0.1263624486838573,0.1428571428571428,0.1341044927680089,0.83034283219794,0.4176776346777174,0.0,0.0,0.8845371407870012,1.0,0.9387314493760626,2495335,2821063,0.0,0.0,0.0,6186,0,0.0,0.0,0.0,18137,0,0.0,0.0,0.0,208540,0,0.0,0.0,0.0,72600,0,0.0,0.0,0.0,19740,0,0.0,0.0,0.0,525,0,0.8423343896865845,0.6925928592681885,98189,24,2.17950390227084,0.0866404082626104,0.1535542905330658,0.9641103744506836,512014,126,2.164070173277489,0.2535902028903365,0.034896545112133,0.9724887609481812,1045357,256,1.5401008127322964,0.5096887238323689,0.749244213104248,0.9058643579483032,69931,18,1.8632451629742872,0.1303219776600599,0.0002507950412109,0.9999998807907104,11529520,2815,0.1828588341828095,6.21051009465009,7.1907514072954655,0.0096627613529562,7.200414168648422,3.48427967261523,10.684693841263652,0.0726544018834829
16,5.83726240360648,0.8845371407870012,0.1428571428571428,0.1263624486838573,0.1428571428571428,0.1341044927680089,0.83034283219794,0.4158713505962758,0.0,0.0,0.8845371407870012,1.0,0.9387314493760626,2495335,2821063,0.0,0.0,0.0,6186,0,0.0,0.0,0.0,18137,0,0.0,0.0,0.0,208540,0,0.0,0.0,0.0,72600,0,0.0,0.0,0.0,19740,0,0.0,0.0,0.0,525,0,0.8009323477745056,0.6984285116195679,98189,24,2.1513258267278266,0.078876425512135,0.147418811917305,0.964590847492218,512014,126,2.1681228754743,0.3291322626173496,0.0347999557852745,0.973224401473999,1045357,256,1.543546360885904,0.5348422694951296,0.7335665225982666,0.9060502648353576,69931,18,1.8754030241553383,0.1275940211489796,0.0002750111161731,0.9999998807907104,11529520,2815,0.1754832465323127,6.169703202322125,7.240148181095719,0.0236885286867618,7.263836709782481,3.42065760307014,10.68449431285262,0.0112949190661311
17,5.760103811230017,0.8845371407870012,0.1428571428571428,0.1263624486838573,0.1428571428571428,0.1341044927680089,0.83034283219794,0.4171818731076855,0.0,0.0,0.8845371407870012,1.0,0.9387314493760626,2495335,2821063,0.0,0.0,0.0,6186,0,0.0,0.0,0.0,18137,0,0.0,0.0,0.0,208540,0,0.0,0.0,0.0,72600,0,0.0,0.0,0.0,19740,0,0.0,0.0,0.0,525,0,0.7764488458633423,0.7060770392417908,98189,24,2.1210629652399198,0.0728452820330858,0.1393012851476669,0.9647568464279176,512014,126,2.134323705214624,0.3202281501144171,0.0322274304926395,0.9742891192436218,1045357,256,1.5251712659663876,0.5252361288294196,0.7146002650260925,0.906221866607666,69931,18,1.8580034701239363,0.1438373355194926,0.0002605277113616,0.9999998807907104,11529520,2815,0.1824869756094552,5.983314966782928,7.045461863279343,0.013153476640582,7.058615339919925,3.464638901874423,10.523254241794348,0.0131428483873605
18,5.695052333336554,0.8845371407870012,0.1428571428571428,0.1263624486838573,0.1428571428571428,0.1341044927680089,0.83034283219794,0.4956283396701124,0.0,0.0,0.8845371407870012,1.0,0.9387314493760626,2495335,2821063,0.0,0.0,0.0,6186,0,0.0,0.0,0.0,18137,0,0.0,0.0,0.0,208540,0,0.0,0.0,0.0,72600,0,0.0,0.0,0.0,19740,0,0.0,0.0,0.0,525,0,0.7427257299423218,0.7112609148025513,98189,24,2.1046147490036686,0.0526663903146982,0.1341636776924133,0.9655966758728028,512014,126,2.0854918078783187,0.3337984988465905,0.0330235287547111,0.974865972995758,1045357,256,1.507066912943482,0.5360964676365256,0.703997790813446,0.9063648581504822,69931,18,1.8547176778422303,0.127054781652987,0.0002395350456936,0.9999998807907104,11529520,2815,0.1805158116391182,6.190135372802615,7.239751511253416,0.0135396970435976,7.253291208297014,3.5254710940644145,10.778762302361429,0.0731844222173094
19,5.603862088163684,0.8845371407870012,0.1428571428571428,0.1263624486838573,0.1428571428571428,0.1341044927680089,0.83034283219794,0.5140497157965894,0.0,0.0,0.8845371407870012,1.0,0.9387314493760626,2495335,2821063,0.0,0.0,0.0,6186,0,0.0,0.0,0.0,18137,0,0.0,0.0,0.0,208540,0,0.0,0.0,0.0,72600,0,0.0,0.0,0.0,19740,0,0.0,0.0,0.0,525,0,0.730202853679657,0.7211092710494995,98189,24,2.0893775740860656,0.0614241817966103,0.1299586147069931,0.9651669859886168,512014,126,2.0593498875327056,0.3167179236188531,0.031195018440485,0.9754724502563475,1045357,256,1.4807272926881812,0.5363041395321488,0.6899710893630981,0.906565010547638,69931,18,1.8886706787152925,0.1291041001677513,0.0002434337075101,0.9999998807907104,11529520,2815,0.1798803623246938,6.370933915488422,7.4144842606037855,0.0189352314919233,7.433419492095709,3.4519850127398968,10.885404504835606,0.0145200751721858
20,5.504614036418635,0.8845371407870012,0.1428571428571428,0.1263624486838573,0.1428571428571428,0.1341044927680089,0.83034283219794,0.5207033407310215,0.0,0.0,0.8845371407870012,1.0,0.9387314493760626,2495335,2821063,0.0,0.0,0.0,6186,0,0.0,0.0,0.0,18137,0,0.0,0.0,0.0,208540,0,0.0,0.0,0.0,72600,0,0.0,0.0,0.0,19740,0,0.0,0.0,0.0,525,0,0.7581619620323181,0.7215675711631775,98189,24,2.089966708870964,0.0582873960956931,0.1221891790628433,0.9660595655441284,512014,126,2.015556616140614,0.2449310421943664,0.0299757253378629,0.9761525988578796,1045357,256,1.4822474598212585,0.5197984334081411,0.6766072511672974,0.9067366123199464,69931,18,1.879075193443165,0.1321395160630345,0.0002599131257738,0.9999998211860656,11529520,2815,0.1764293235979891,6.274210925213993,7.229367312975228,0.0133333280682563,7.242700641043484,3.4183425744995475,10.661043215543032,0.0801336234435439
21,5.488687721054482,0.8845371407870012,0.1428571428571428,0.1263624486838573,0.1428571428571428,0.1341044927680089,0.83034283219794,0.5214701074203265,0.0,0.0,0.8845371407870012,1.0,0.9387314493760626,2495335,2821063,0.0,0.0,0.0,6186,0,0.0,0.0,0.0,18137,0,0.0,0.0,0.0,208540,0,0.0,0.0,0.0,72600,0,0.0,0.0,0.0,19740,0,0.0,0.0,0.0,525,0,0.7118293642997742,0.7336157560348511,98189,24,2.080051305983033,0.071782941929996,0.1139997765421867,0.9669520854949952,512014,126,1.9619455368228824,0.3242474664002657,0.0292934440076351,0.9770413041114808,1045357,256,1.460272517813068,0.5471754083409905,0.6603636145591736,0.906836748123169,69931,18,1.8576591091501389,0.1204041978344321,0.0002532576036173,0.9999998211860656,11529520,2815,0.1811208802883834,6.017518064938486,7.08112807944417,0.0085840821266174,7.089712161570787,3.437875796109438,10.527587957680224,0.0130381481721997
22,5.374662851545971,0.8845371407870012,0.1428571428571428,0.1263624486838573,0.1428571428571428,0.1341044927680089,0.83034283219794,0.5223461096999157,0.0,0.0,0.8845371407870012,1.0,0.9387314493760626,2495335,2821063,0.0,0.0,0.0,6186,0,0.0,0.0,0.0,18137,0,0.0,0.0,0.0,208540,0,0.0,0.0,0.0,72600,0,0.0,0.0,0.0,19740,0,0.0,0.0,0.0,525,0,0.721980094909668,0.7327500581741333,98189,24,2.054511406735439,0.1126624746248126,0.1106410399079322,0.9670146107673644,512014,126,1.9664287430966216,0.2235742602497339,0.0289719738066196,0.977577030658722,1045357,256,1.469739323937659,0.5548219913616776,0.651371955871582,0.9076803922653198,69931,18,1.8772303865695703,0.11516067199409,0.0002322429791092,0.9999998807907104,11529520,2815,0.1726533084857233,6.058621706441045,7.064841104671359,0.0364573160186409,7.10129842069,3.4066629065200686,10.507961327210069,0.0151540273800492
23,5.379792533559884,0.8845371407870012,0.1428571428571428,0.1263624486838573,0.1428571428571428,0.1341044927680089,0.83034283219794,0.5478639823067163,0.0,0.0,0.8845371407870012,1.0,0.9387314493760626,2495335,2821063,0.0,0.0,0.0,6186,0,0.0,0.0,0.0,18137,0,0.0,0.0,0.0,208540,0,0.0,0.0,0.0,72600,0,0.0,0.0,0.0,19740,0,0.0,0.0,0.0,525,0,0.7016229629516602,0.7451649308204651,98189,24,2.024489954323157,0.0841920720413327,0.1099694594740867,0.9670770764350892,512014,126,1.952578682787021,0.3239237666130066,0.0259453207254409,0.9784035086631776,1045357,256,1.4273242935541657,0.5349406497552991,0.6349812746047974,0.9073514938354492,69931,18,1.8579607331338213,0.1273494614288211,0.0002074151852866,0.999999701976776,11529520,2815,0.1822608015225273,6.099205409176648,7.169611359015107,0.0911793457344174,7.260790704749525,3.399081962183118,10.659872666932642,0.0169187625870108
24,5.296165697316691,0.8845371407870012,0.1428571428571428,0.1263624486838573,0.1428571428571428,0.1341044927680089,0.83034283219794,0.5485074498062178,0.0,0.0,0.8845371407870012,1.0,0.9387314493760626,2495335,2821063,0.0,0.0,0.0,6186,0,0.0,0.0,0.0,18137,0,0.0,0.0,0.0,208540,0,0.0,0.0,0.0,72600,0,0.0,0.0,0.0,19740,0,0.0,0.0,0.0,525,0,0.7070045471191406,0.7440955638885498,98189,24,2.022548011938869,0.0977944489568471,0.1047771275043487,0.9677079319953918,512014,126,1.9260670873437125,0.3941801702603698,0.0278217867016792,0.9784063696861268,1045357,256,1.4468890236175973,0.601712416857481,0.6296642422676086,0.9077519178390504,69931,18,1.8519503724376063,0.095019981265068,0.000244161725277,0.999999701976776,11529520,2815,0.1735378927994232,5.930545586161315,7.1192526035010815,0.063651300035417,7.1829039035364985,3.421276201494038,10.604180105030537,0.0114095611497759
25,5.343706840362429,0.8845371407870012,0.1428571428571428,0.1263624486838573,0.1428571428571428,0.1341044927680089,0.83034283219794,0.5479706818826064,0.0,0.0,0.8845371407870012,1.0,0.9387314493760626,2495335,2821063,0.0,0.0,0.0,6186,0,0.0,0.0,0.0,18137,0,0.0,0.0,0.0,208540,0,0.0,0.0,0.0,72600,0,0.0,0.0,0.0,19740,0,0.0,0.0,0.0,525,0,0.6761475801467896,0.7494016289710999,98189,24,1.9974184796024732,0.0674178069457411,0.1030996441841125,0.9679754972457886,512014,126,1.874751799765701,0.3319482700899243,0.0259016659110784,0.9795160293579102,1045357,256,1.408786913908337,0.5526830330491066,0.6139686703681946,0.908466935157776,69931,18,1.872338257400897,0.1097743883728981,0.0001928704004967,0.9999993443489076,11529520,2815,0.1859074078724113,6.205345990136266,7.267169488593936,0.0845216810703277,7.351691169664264,3.4211150724440813,10.772806242108343,0.0118276067078113
26,5.259303601069979,0.8845371407870012,0.1428571428571428,0.1263624486838573,0.1428571428571428,0.1341044927680089,0.83034283219794,0.5482053599839327,0.0,0.0,0.8845371407870012,1.0,0.9387314493760626,2495335,2821063,0.0,0.0,0.0,6186,0,0.0,0.0,0.0,18137,0,0.0,0.0,0.0,208540,0,0.0,0.0,0.0,72600,0,0.0,0.0,0.0,19740,0,0.0,0.0,0.0,525,0,0.6884847283363342,0.7587000131607056,98189,24,2.0009356462420005,0.0944022219628095,0.0947744622826576,0.9683719873428344,512014,126,1.8547719856862703,0.3432835796847939,0.0262786988168954,0.979441463947296,1045357,256,1.4273413881794932,0.5714585157111287,0.6160486340522766,0.9082810282707214,69931,18,1.880833053206623,0.1018256237730383,0.000218568748096,0.999999701976776,11529520,2815,0.1707946273020603,6.145963984541595,7.256933925673366,0.0163241950795054,7.273258120752871,3.39699721429497,10.67025533504784,0.0139618273824453
27,5.279066554746561,0.8845371407870012,0.1428571428571428,0.1263624486838573,0.1428571428571428,0.1341044927680089,0.83034283219794,0.5481078623679184,0.0,0.0,0.8845371407870012,1.0,0.9387314493760626,2495335,2821063,0.0,0.0,0.0,6186,0,0.0,0.0,0.0,18137,0,0.0,0.0,0.0,208540,0,0.0,0.0,0.0,72600,0,0.0,0.0,0.0,19740,0,0.0,0.0,0.0,525,0,0.6563852429389954,0.7670512795448303,98189,24,1.9841546721054504,0.1406730385497212,0.0950981900095939,0.9685243368148804,512014,126,1.8476908969856636,0.29398138448596,0.0256232917308807,0.9801780581474304,1045357,256,1.3999012473733772,0.5632501626387239,0.6025986075401306,0.9091246724128724,69931,18,1.893269916346868,0.1056637912988662,0.0002098890690831,0.999999463558197,11529520,2815,0.1806125154932567,6.18340983055532,7.286978207528591,0.0167514346539974,7.303729642182589,3.424405548721552,10.72813519090414,0.0870585301890969
28,5.238984261934573,0.8845371407870012,0.1428571428571428,0.1263624486838573,0.1428571428571428,0.1341044927680089,0.83034283219794,0.54831001156543,0.0,0.0,0.8845371407870012,1.0,0.9387314493760626,2495335,2821063,0.0,0.0,0.0,6186,0,0.0,0.0,0.0,18137,0,0.0,0.0,0.0,208540,0,0.0,0.0,0.0,72600,0,0.0,0.0,0.0,19740,0,0.0,0.0,0.0,525,0,0.6660131812095642,0.7630691528320312,98189,24,1.98647893766347,0.092448653653264,0.091129370033741,0.9689970016479492,512014,126,1.8219358906377137,0.3104760590940714,0.0256009399890899,0.9805482625961304,1045357,256,1.4040020101236863,0.513248079456389,0.5957047343254089,0.909725308418274,69931,18,1.929729482448898,0.1392745096236467,0.000211253616726,0.9999995231628418,11529520,2815,0.174435685758109,6.068866167217493,7.124313469044864,0.0095023121684789,7.133815781213343,3.3906119698658586,10.524427751079202,0.0128119504079222
29,5.191457406133826,0.8845371407870012,0.1428571428571428,0.1263624486838573,0.1428571428571428,0.1341044927680089,0.83034283219794,0.552856657025324,0.0,0.0,0.8845371407870012,1.0,0.9387314493760626,2495335,2821063,0.0,0.0,0.0,6186,0,0.0,0.0,0.0,18137,0,0.0,0.0,0.0,208540,0,0.0,0.0,0.0,72600,0,0.0,0.0,0.0,19740,0,0.0,0.0,0.0,525,0,0.6509149670600891,0.776512622833252,98189,24,1.9804371900884177,0.0546525083482265,0.0882733762264251,0.9689149260520936,512014,126,1.8090646163781765,0.3500094432383775,0.0258943252265453,0.9809624552726746,1045357,256,1.3882513469165358,0.4847358670085668,0.5908060073852539,0.909224808216095,69931,18,1.912720216394009,0.11292524356395,0.0002304270892636,0.9999995231628418,11529520,2815,0.1745397446148355,6.0208656415343285,7.0231887036934495,0.0713768526911735,7.094565556384623,3.4385964954271917,10.533162051811814,0.0171276153996586
30,5.190330867013675,0.8845371407870012,0.1428571428571428,0.1263624486838573,0.1428571428571428,0.1341044927680089,0.83034283219794,0.5537667409585533,0.0,0.0,0.8845371407870012,1.0,0.9387314493760626,2495335,2821063,0.0,0.0,0.0,6186,0,0.0,0.0,0.0,18137,0,0.0,0.0,0.0,208540,0,0.0,0.0,0.0,72600,0,0.0,0.0,0.0,19740,0,0.0,0.0,0.0,525,0,0.6556851267814636,0.7797105312347412,98189,24,1.9833038773339475,0.064077409915626,0.0809570774435997,0.9699071049690248,512014,126,1.8225125434787888,0.3669428071007132,0.0243315640836954,0.981493353843689,1045357,256,1.3561196046021164,0.5498712062835693,0.5809254050254822,0.9097824692726136,69931,18,1.9281018282797864,0.141276997514069,0.0001826093503041,0.9999995231628418,11529520,2815,0.175962231438315,6.051693302579224,7.173861723393202,0.0452914275228977,7.2191531509160995,3.3957365453243256,10.614889696240423,0.0203378517180681
31,5.136507033489709,0.8845371407870012,0.1428571428571428,0.1263624486838573,0.1428571428571428,0.1341044927680089,0.83034283219794,0.553951780238241,0.0,0.0,0.8845371407870012,1.0,0.9387314493760626,2495335,2821063,0.0,0.0,0.0,6186,0,0.0,0.0,0.0,18137,0,0.0,0.0,0.0,208540,0,0.0,0.0,0.0,72600,0,0.0,0.0,0.0,19740,0,0.0,0.0,0.0,525,0,0.6545510292053223,0.7842426300048828,98189,24,1.958612417163305,0.0895307073369622,0.0842806249856948,0.9700340628623962,512014,126,1.7681103474135274,0.3246031757444143,0.0241371914744377,0.9815689325332642,1045357,256,1.3758716123583763,0.5775204198434949,0.5744473338127136,0.9099254608154296,69931,18,1.92137310309233,0.1107402956113219,0.0002161190932383,0.9999993443489076,11529520,2815,0.1722710807930026,5.947907240130007,7.050301838666201,0.0215867990627884,7.071888637728989,3.443181522190571,10.51507015991956,0.0130964377894997
32,5.096600982954253,0.8845371407870012,0.1428571428571428,0.1263624486838573,0.1428571428571428,0.1341044927680089,0.83034283219794,0.5540272599452375,0.0,0.0,0.8845371407870012,1.0,0.9387314493760626,2495335,2821063,0.0,0.0,0.0,6186,0,0.0,0.0,0.0,18137,0,0.0,0.0,0.0,208540,0,0.0,0.0,0.0,72600,0,0.0,0.0,0.0,19740,0,0.0,0.0,0.0,525,0,0.6353940963745117,0.780983567237854,98189,24,1.948121208125118,0.0525925112888217,0.077116459608078,0.9693094491958618,512014,126,1.804248678538625,0.286613211967051,0.0230364669114351,0.9822452664375304,1045357,256,1.3631598738276334,0.5483501274138689,0.5691350102424622,0.9101256728172302,69931,18,1.946562390387926,0.1292251097038388,0.0002155312977265,0.9999992847442628,11529520,2815,0.1722833095675254,6.066789478994906,7.083570439368486,0.0233071679249405,7.106877607293427,3.4241521898657084,10.531029797159135,0.0162592632696032
33,5.146619414147836,0.8845371407870012,0.1428571428571428,0.1263624486838573,0.1428571428571428,0.1341044927680089,0.83034283219794,0.5540269931545077,0.0,0.0,0.8845371407870012,1.0,0.9387314493760626,2495335,2821063,0.0,0.0,0.0,6186,0,0.0,0.0,0.0,18137,0,0.0,0.0,0.0,208540,0,0.0,0.0,0.0,72600,0,0.0,0.0,0.0,19740,0,0.0,0.0,0.0,525,0,0.6338751912117004,0.7842527627944946,98189,24,1.941219858647435,0.0660849092528224,0.0753930881619453,0.9701551198959352,512014,126,1.7996630294656013,0.3304251208901405,0.0225860700011253,0.9824920892715454,1045357,256,1.3528907642242172,0.5751299327239394,0.5619799494743347,0.910883605480194,69931,18,1.9181058304429457,0.0890372265130281,0.0002164429606636,0.9999992847442628,11529520,2815,0.1792586327012877,6.182787369936705,7.243464559316635,0.0132042570039629,7.256668816320598,3.413747458718717,10.670416275039315,0.0111545994877815
34,5.07327003451604,0.8845371407870012,0.1428571428571428,0.1263624486838573,0.1428571428571428,0.1341044927680089,0.83034283219794,0.5541916237770257,0.0,0.0,0.8845371407870012,1.0,0.9387314493760626,2495335,2821063,0.0,0.0,0.0,6186,0,0.0,0.0,0.0,18137,0,0.0,0.0,0.0,208540,0,0.0,0.0,0.0,72600,0,0.0,0.0,0.0,19740,0,0.0,0.0,0.0,525,0,0.6505839228630066,0.7898033261299133,98189,24,1.9433968147428549,0.0714541021734476,0.0698824599385261,0.96994811296463,512014,126,1.7802639729242478,0.3305195411667228,0.0228850543498992,0.9829426407814026,1045357,256,1.3589963759062098,0.517979764379561,0.5575911402702332,0.910854995250702,69931,18,1.9419316323515103,0.1439490253105759,0.000230106190429,0.999999463558197,11529520,2815,0.1682922099449666,6.105946492403746,7.169848925434053,0.0878196880221366,7.25766861345619,3.360138618387282,10.617807231843472,0.0120283206924796
35,5.062230512805643,0.8845371407870012,0.1428571428571428,0.1263624486838573,0.1428571428571428,0.1341044927680089,0.83034283219794,0.5543287274675807,0.0,0.0,0.8845371407870012,1.0,0.9387314493760626,2495335,2821063,0.0,0.0,0.0,6186,0,0.0,0.0,0.0,18137,0,0.0,0.0,0.0,208540,0,0.0,0.0,0.0,72600,0,0.0,0.0,0.0,19740,0,0.0,0.0,0.0,525,0,0.6360081434249878,0.7858313918113708,98189,24,1.920512759457287,0.0593490451574325,0.0712104812264442,0.9703094363212584,512014,126,1.7887814834144602,0.2845230335369706,0.0217637866735458,0.9834219217300416,1045357,256,1.3418390365984123,0.5369455479085445,0.5465662479400635,0.9107691645622252,69931,18,1.955093201284748,0.1288484297692775,0.0002334910532226,0.9999992847442628,11529520,2815,0.173366303002752,6.221468604169786,7.231134660542011,0.0691564548760652,7.3002911154180765,3.402970978990197,10.703262094408274,0.0146817555651068
36,5.063818649148602,0.8845371407870012,0.1428571428571428,0.1263624486838573,0.1428571428571428,0.1341044927680089,0.83034283219794,0.556365070374151,0.0,0.0,0.8845371407870012,1.0,0.9387314493760626,2495335,2821063,0.0,0.0,0.0,6186,0,0.0,0.0,0.0,18137,0,0.0,0.0,0.0,208540,0,0.0,0.0,0.0,72600,0,0.0,0.0,0.0,19740,0,0.0,0.0,0.0,525,0,0.634730339050293,0.7933882474899292,98189,24,1.924190945952956,0.0897895954549312,0.0730614364147186,0.9719871282577516,512014,126,1.7046033295420573,0.320350419729948,0.0233958102762699,0.9835960268974304,1045357,256,1.3345081674964392,0.530405723489821,0.544613778591156,0.9113268852233888,69931,18,1.9465635094698963,0.140169408172369,0.0002318102051503,0.9999991655349731,11529520,2815,0.1722495926420141,6.058659945614636,7.139375092461705,0.035156057216227,7.174531149677932,3.367590932175517,10.54212208185345,0.0111722229048609
37,5.067659287619509,0.8845371407870012,0.1428571428571428,0.1263624486838573,0.1428571428571428,0.1341044927680089,0.83034283219794,0.5566400188133468,0.0,0.0,0.8845371407870012,1.0,0.9387314493760626,2495335,2821063,0.0,0.0,0.0,6186,0,0.0,0.0,0.0,18137,0,0.0,0.0,0.0,208540,0,0.0,0.0,0.0,72600,0,0.0,0.0,0.0,19740,0,0.0,0.0,0.0,525,0,0.5972588658332825,0.7930521368980408,98189,24,1.902912454371436,0.0592666240409016,0.0786885619163513,0.970496952533722,512014,126,1.7366512784193944,0.2903651185333729,0.02236994728446,0.9838332533836364,1045357,256,1.3421860436613688,0.5396902654320002,0.537036657333374,0.9113840460777284,69931,18,1.9664932270388065,0.1139345429837703,0.0002165917103411,0.9999987483024596,11529520,2815,0.1749043635004656,6.074167202226818,7.077423753216863,0.0201637707650661,7.097587523981929,3.4186705639585853,10.516258087940514,0.0161118553951382
38,4.994843934921832,0.8845371407870012,0.1428571428571428,0.1263624486838573,0.1428571428571428,0.1341044927680089,0.83034283219794,0.5577358811275014,0.0,0.0,0.8845371407870012,1.0,0.9387314493760626,2495335,2821063,0.0,0.0,0.0,6186,0,0.0,0.0,0.0,18137,0,0.0,0.0,0.0,208540,0,0.0,0.0,0.0,72600,0,0.0,0.0,0.0,19740,0,0.0,0.0,0.0,525,0,0.5924791693687439,0.7978184819221497,98189,24,1.896836093027524,0.0962928300723433,0.0670284256339073,0.9720574617385864,512014,126,1.7412225799898735,0.3086643610149622,0.0213707890361547,0.9847114086151124,1045357,256,1.294270640807518,0.5308254025876522,0.5324727892875671,0.9121991395950316,69931,18,1.9367703882945004,0.1197005985304713,0.0002176367852371,0.9999989867210388,11529520,2815,0.1644728412593583,6.059922655113041,7.115405847318471,0.0333753377199173,7.148781185038388,3.4273548563942318,10.57613604143262,0.0168484253808856
39,4.969861035953031,0.8845371407870012,0.1428571428571428,0.1263624486838573,0.1428571428571428,0.1341044927680089,0.83034283219794,0.5580510879283652,0.0,0.0,0.8845371407870012,1.0,0.9387314493760626,2495335,2821063,0.0,0.0,0.0,6186,0,0.0,0.0,0.0,18137,0,0.0,0.0,0.0,208540,0,0.0,0.0,0.0,72600,0,0.0,0.0,0.0,19740,0,0.0,0.0,0.0,525,0,0.6050620079040527,0.7983378767967224,98189,24,1.8898172229231325,0.0658539589494466,0.0661175176501274,0.9725418090820312,512014,126,1.697974051683749,0.330279441550374,0.0223480910062789,0.984841525554657,1045357,256,1.3102987163916375,0.5247177099809051,0.5253303050994873,0.9122992753982544,69931,18,1.947427517637938,0.140076539479196,0.0002129991626134,0.9999986886978148,11529520,2815,0.1689381619015827,6.077044528909028,7.137972178868949,0.014712125994265,7.152684304863215,3.3841515574604277,10.536835862323642,0.0110129974782466
40,5.001243915592704,0.8845371407870012,0.1428571428571428,0.1263624486838573,0.1428571428571428,0.1341044927680089,0.83034283219794,0.5583528942419178,0.0,0.0,0.8845371407870012,1.0,0.9387314493760626,2495335,2821063,0.0,0.0,0.0,6186,0,0.0,0.0,0.0,18137,0,0.0,0.0,0.0,208540,0,0.0,0.0,0.0,72600,0,0.0,0.0,0.0,19740,0,0.0,0.0,0.0,525,0,0.5951640605926514,0.7978286743164062,98189,24,1.8764322572370669,0.1059095812961459,0.0618808828294277,0.9727663993835448,512014,126,1.721308014078321,0.3276004940271377,0.0208301711827516,0.9851236939430236,1045357,256,1.2762871635439696,0.5664343610405922,0.5158373713493347,0.91198468208313,69931,18,1.93310212908035,0.0983038078993558,0.0002140944998245,0.9999986886978148,11529520,2815,0.1741966939598134,6.012028059922159,7.110276304185391,0.0099363503977656,7.120212654583156,3.514084124937653,10.63429677952081,0.0114863980561494
41,5.014663953798611,0.8845371407870012,0.14285714285714285,0.12636244868385732,0.14285714285714285,0.13410449276800893,0.83034283219794,0.5583693699323434,0.0,0.0,0.8845371407870012,1.0,0.9387314493760626,2495335,2821063,0.0,0.0,0.0,6186,0,0.0,0.0,0.0,18137,0,0.0,0.0,0.0,208540,0,0.0,0.0,0.0,72600,0,0.0,0.0,0.0,19740,0,0.0,0.0,0.0,525,0,0.5908620357513428,0.8016783595085144,98189,24,1.879273336620319,0.20111118350178003,0.06038448214530945,0.9724929928779602,512014,126,1.7086479220940254,0.34347817953675985,0.02058047242462635,0.9848137497901917,1045357,256,1.3295462037656711,0.5761475777253509,0.5123153924942017,0.9127139449119568,69931,18,1.9389396023170047,0.09329439140856266,0.00018387887394055724,0.9999991655349731,11529520,2815,0.1711478705274906,6.439743997529149,7.6537753297016025,0.019149689003825188,7.672925018705428,3.5211426904425025,11.19406770914793,2.213883557356894
42,5.022763495708004,0.8845371407870012,0.14285714285714285,0.12636244868385732,0.14285714285714285,0.13410449276800893,0.83034283219794,0.5587224703102468,0.0,0.0,0.8845371407870012,1.0,0.9387314493760626,2495335,2821063,0.0,0.0,0.0,6186,0,0.0,0.0,0.0,18137,0,0.0,0.0,0.0,208540,0,0.0,0.0,0.0,72600,0,0.0,0.0,0.0,19740,0,0.0,0.0,0.0,525,0,0.5782387256622314,0.8006293773651123,98189,24,1.8693619709635365,0.06456209626048803,0.06131407618522644,0.9726101756095886,512014,126,1.6915978814298516,0.3194269724190235,0.019980506971478462,0.9853494763374329,1045357,256,1.2782105521865368,0.5645645828917623,0.5124380588531494,0.9128998517990112,69931,18,1.9474515591794328,0.0700243329629302,0.00019308796618133783,0.9999987483024597,11529520,2815,0.1682338170418163,6.382608527317643,7.401186511851847,0.10735178273171186,7.508538294583559,3.3754579974338412,10.8839962920174,0.021018299274146557
43,4.961327865271421,0.8845371407870012,0.14285714285714285,0.12636244868385732,0.14285714285714285,0.13410449276800893,0.83034283219794,0.5588776711733637,0.0,0.0,0.8845371407870012,1.0,0.9387314493760626,2495335,2821063,0.0,0.0,0.0,6186,0,0.0,0.0,0.0,18137,0,0.0,0.0,0.0,208540,0,0.0,0.0,0.0,72600,0,0.0,0.0,0.0,19740,0,0.0,0.0,0.0,525,0,0.5910917520523071,0.8021264672279358,98189,24,1.8711936238139713,0.11281057167798281,0.06088440492749214,0.9729441404342651,512014,126,1.6918685476226214,0.3449296588078141,0.02038760297000408,0.985603928565979,1045357,256,1.2923955882281086,0.659956393763423,0.5105001330375671,0.9132716655731201,69931,18,1.9503606407180245,0.08498801477253437,0.00020926835713908076,0.9999992847442627,11529520,2815,0.1648234022661221,6.281960539519787,7.484645178541541,0.019185230135917664,7.503830408677459,3.4373188838362694,10.941149292513728,0.013698662631213665
44,4.95076196418194,0.8845371407870012,0.14285714285714285,0.12636244868385732,0.14285714285714285,0.13410449276800893,0.83034283219794,0.5642341713407044,0.0,0.0,0.8845371407870012,1.0,0.9387314493760626,2495335,2821063,0.0,0.0,0.0,6186,0,0.0,0.0,0.0,18137,0,0.0,0.0,0.0,208540,0,0.0,0.0,0.0,72600,0,0.0,0.0,0.0,19740,0,0.0,0.0,0.0,525,0,0.63535076379776,0.8002525568008423,98189,24,1.8810383992742048,0.06747385486960411,0.06039801985025406,0.9734675288200378,512014,126,1.6662747739458301,0.3316150661557913,0.01938188634812832,0.9855809807777405,1045357,256,1.277971038210572,0.5794134354218841,0.504387378692627,0.9136148691177368,69931,18,1.9279960548440709,0.15490442886948586,0.0001975099730771035,0.9999989867210388,11529520,2815,0.16634847957510182,6.4240612760186195,7.557468061335385,0.06883802451193333,7.626306085847318,3.4009458934888244,11.027251979336143,0.012499252334237099
45,4.863028501324377,0.8904253467575874,0.15423625477811725,0.2696096549470986,0.15423625477811725,0.15560113492719554,0.8438575050243907,0.5660380723528676,0.0,0.0,0.8897896527255287,1.0,0.9416811563575228,2495335,2804410,0.0,0.0,0.0,6186,0,0.0,0.0,0.0,18137,0,0.9974779319041615,0.07965378344682075,0.14752678813284606,208540,16653,0.0,0.0,0.0,72600,0,0.0,0.0,0.0,19740,0,0.0,0.0,0.0,525,0,0.6027063131332397,0.8045300245285034,98189,24,1.8702517871873965,0.0898056123405695,0.058230914175510406,0.9734694957733154,512014,126,1.6842869644699787,0.3409140706062317,0.019988881424069405,0.9860372543334961,1045357,256,1.27527228904682,0.5610550157725811,0.4982939064502716,0.913757860660553,69931,18,1.915643786202892,0.08390848524868488,0.00022876747243572026,0.9999991655349731,11529520,2815,0.1596560489254709,6.461464865133166,7.5371480491012335,0.04048344772309065,7.577631496824324,3.720780015923083,11.298411512747407,0.016145252622663975
46,4.906042420185944,0.8845371407870012,0.14285714285714285,0.12636244868385732,0.14285714285714285,0.13410449276800893,0.83034283219794,0.5674056061198126,0.0,0.0,0.8845371407870012,1.0,0.9387314493760626,2495335,2821063,0.0,0.0,0.0,6186,0,0.0,0.0,0.0,18137,0,0.0,0.0,0.0,208540,0,0.0,0.0,0.0,72600,0,0.0,0.0,0.0,19740,0,0.0,0.0,0.0,525,0,0.5654474496841431,0.8055484294891357,98189,24,1.835717824211515,0.07483665086328983,0.05523521825671196,0.9742195010185242,512014,126,1.6542986061375375,0.3919662134721875,0.01978268474340439,0.9864820837974548,1045357,256,1.2383563563436597,0.6095491694286466,0.4847830533981323,0.914387047290802,69931,18,1.9050467291257682,0.09874712862074375,0.00021577347069978714,0.9999992847442627,11529520,2815,0.17096191325857868,6.559021075256169,7.7341202376410365,0.02614566683769226,7.760265904478729,3.4263006104156375,11.186566514894366,0.01052776351571083
47,4.90835160285467,0.8904944696378635,0.15436983655071312,0.26961425202294204,0.15436983655071312,0.15583497474706318,0.8440067387755533,0.5678329887085559,0.0,0.0,0.8898518444027453,1.0,0.9417159837563536,2495335,2804214,0.0,0.0,0.0,6186,0,0.0,0.0,0.0,18137,0,0.9974479197578491,0.08058885585499184,0.14912883947308875,208540,16849,0.0,0.0,0.0,72600,0,0.0,0.0,0.0,19740,0,0.0,0.0,0.0,525,0,0.6006656885147095,0.8062715530395508,98189,24,1.856294197883293,0.05854692030698061,0.055802516639232635,0.9743698835372925,512014,126,1.6325802130173988,0.34599230717867613,0.019680503755807877,0.9860592484474182,1045357,256,1.289868270576254,0.5727154994383454,0.4865126609802246,0.9148732423782349,69931,18,1.8807430919657957,0.08060763776302338,0.000190417529665865,0.9999993443489075,11529520,2815,0.16797707018649768,6.640796612016857,7.698658976703882,0.02475468721240759,7.72341366391629,3.764373403042555,11.487787066958845,0.03190434351563454
48,4.927727107240596,0.8881790303867726,0.1498951896861171,0.2693634151993235,0.1498951896861171,0.14777850264527403,0.8388952458828262,0.5678996700754815,0.0,0.0,0.8877775666846689,1.0,0.940553148159072,2495335,2810766,0.0,0.0,0.0,6186,0,0.0,0.0,0.0,18137,0,0.9977663397105954,0.0492663278028196,0.09389637035784625,208540,10297,0.0,0.0,0.0,72600,0,0.0,0.0,0.0,19740,0,0.0,0.0,0.0,525,0,0.5741714239120483,0.8071677684783936,98189,24,1.839934878815803,0.10097307711839676,0.05488533154129982,0.9745652079582214,512014,126,1.6597790491517848,0.3413449916988611,0.019964832812547684,0.9869776368141174,1045357,256,1.21569118963104,0.579070795327425,0.49027764797210693,0.91461580991745,69931,18,1.8859586571697384,0.15362038929015398,0.00020209889044053853,0.9999989867210388,11529520,2815,0.16800225062064955,6.56825113017112,7.743260383605957,0.025391995906829834,7.768652379512787,3.6279501346871257,11.396602514199913,0.020266038365662098
49,4.851246899713794,0.8923473173055688,0.1579505130910137,0.2697778267650154,0.1579505130910137,0.16195842970124694,0.8479326361139551,0.5706276797943205,0.0,0.0,0.8915215712110418,1.0,0.942650176217919,2495335,2798962,0.0,0.0,0.0,6186,0,0.0,0.0,0.0,18137,0,0.9969232161440659,0.105653591637096,0.19105883169080953,208540,22101,0.0,0.0,0.0,72600,0,0.0,0.0,0.0,19740,0,0.0,0.0,0.0,525,0,0.5976026654243469,0.8072186708450317,98189,24,1.8611117054029325,0.06280440744012594,0.05439624935388565,0.9745964407920837,512014,126,1.6638917695473114,0.3636045092716813,0.01859246753156185,0.9868618845939636,1045357,256,1.241224940901547,0.5326072806492448,0.4850987195968628,0.9152164459228516,69931,18,1.9165575848491034,0.09507047943770885,0.00020049589511472732,0.9999993443489075,11529520,2815,0.15799745416624375,6.4527283208444715,7.506814997643232,0.03324491251260042,7.540059910155833,3.6243466958403587,11.164406605996192,0.02108232770115137
50,4.883919805692553,0.8871634557611794,0.14793256518105466,0.2692452131715747,0.14793256518105466,0.1440939008503994,0.8365761709390945,0.5708433701836592,0.0,0.0,0.886871374355905,1.0,0.9400443362586324,2495335,2813638,0.0,0.0,0.0,6186,0,0.0,0.0,0.0,18137,0,0.9978451178451179,0.035527956267382754,0.0686129696941634,208540,7425,0.0,0.0,0.0,72600,0,0.0,0.0,0.0,19740,0,0.0,0.0,0.0,525,0,0.5388984680175781,0.8105184435844421,98189,24,1.8223389015919877,0.07936275750398636,0.0554426871240139,0.9748952388763428,512014,126,1.6319653729664854,0.30360751040279865,0.019445225596427917,0.9872043132781982,1045357,256,1.202731215914833,0.5276811635121703,0.47414901852607727,0.9159457087516785,69931,18,1.8650419765125663,0.13927907589823008,0.00022282724967226386,0.9999985694885254,11529520,2815,0.16969977332627575,6.3897250248119235,7.439655532129109,0.10085189715027809,7.540507429279387,3.630765832029283,11.17127326130867,0.012866574339568615
51,4.849133245860677,0.8923246308217859,0.15790667086821303,0.2697736381446226,0.15790667086821303,0.16188507355824178,0.84788544042273,0.5719232840448323,0.0,0.0,0.8915011864841556,1.0,0.942638781148471,2495335,2799026,0.0,0.0,0.0,6186,0,0.0,0.0,0.0,18137,0,0.9969142805282025,0.10534669607749113,0.19055673375922144,208540,22037,0.0,0.0,0.0,72600,0,0.0,0.0,0.0,19740,0,0.0,0.0,0.0,525,0,0.5562525391578674,0.807880699634552,98189,24,1.8235310518247894,0.0953260101377964,0.055833932012319565,0.9751374125480652,512014,126,1.6596718081334219,0.3197624022141099,0.01819707080721855,0.9867815375328064,1045357,256,1.2559821041438017,0.5454092044383287,0.4784756898880005,0.9156740307807922,69931,18,1.8924603376356695,0.08428377471864223,0.00019806495402008295,0.999998927116394,11529520,2815,0.1607958680377708,6.355859970673919,7.400641362182796,0.03715971950441599,7.437801081687212,3.6855463441461325,11.123347425833344,0.01819578092545271
52,4.815017468306128,0.8960962587506908,0.16521701498035704,0.4131394839084949,0.16521701498035704,0.17359864881798287,0.8554671769832577,0.5726030671352106,0.0,0.0,0.8949119876285613,1.0,0.944542008780601,2495335,2788358,0.0,0.0,0.0,6186,0,1.0,0.00016540773005458456,0.000330760749724366,18137,3,0.9970643997309033,0.15635369713244462,0.2703177721955547,208540,32702,0.0,0.0,0.0,72600,0,0.0,0.0,0.0,19740,0,0.0,0.0,0.0,525,0,0.5760153532028198,0.8097444176673889,98189,24,1.8544516516298477,0.09985887818038464,0.05336957052350044,0.9754577279090881,512014,126,1.6530123309426534,0.3256925391033292,0.02007771097123623,0.9874568581581116,1045357,256,1.241002458491136,0.6188275841996074,0.4706837236881256,0.9156883358955383,69931,18,1.8671302786642205,0.15039300080388784,0.0002135182439815253,0.9999991655349731,11529520,2815,0.16120146572169508,6.605987681075931,7.80075968336314,0.08485989645123482,7.8856195798143744,3.671535851433873,11.557155431248248,0.010384984314441681
53,4.90623653345896,0.895830047042551,0.16468097932565182,0.27024251209161326,0.16468097932565182,0.17276381435903332,0.8549485530831998,0.5729936690896924,0.0,0.0,0.8946707014065419,1.0,0.9444075962565606,2495335,2789110,0.0,0.0,0.0,6186,0,0.0,0.0,0.0,18137,0,0.9970268832347511,0.15276685527956269,0.2649391042566728,208540,31953,0.0,0.0,0.0,72600,0,0.0,0.0,0.0,19740,0,0.0,0.0,0.0,525,0,0.57937091588974,0.8111193180084229,98189,24,1.8392268070784659,0.09721006825566292,0.053936030715703964,0.9750495553016663,512014,126,1.6091171117052656,0.3497918760403991,0.019250689074397087,0.9876300096511841,1045357,256,1.2287681290531196,0.5614485451951623,0.46893954277038574,0.9161173105239868,69931,18,1.8681359007288587,0.08131312765181065,0.000171575098647736,0.999999463558197,11529520,2815,0.17212451379417543,6.47070528101176,7.560468898154795,0.016493731178343296,7.5769626293331385,3.698862967081368,11.275825596414506,0.012454014271497726
54,4.847883169663813,0.897312466967239,0.16850226724287282,0.41328851712549713,0.16850226724287282,0.17905271735391765,0.8578283377835757,0.5737385217707501,0.0,0.0,0.8960183703990966,1.0,0.9451578997206571,2495335,2784915,0.0,0.0,0.0,6186,0,1.0,0.007333076032419915,0.014559386973180077,18137,133,0.9970012494793836,0.17218279466768965,0.2936517347835865,208540,36015,0.0,0.0,0.0,72600,0,0.0,0.0,0.0,19740,0,0.0,0.0,0.0,525,0,0.5361286401748657,0.8135432600975037,98189,24,1.8451126506414892,0.09612912032753229,0.04989953711628914,0.9761354327201843,512014,126,1.5950540438789205,0.3592925313860178,0.019067490473389626,0.9876816868782043,1045357,256,1.2274077242022856,0.5520478002727032,0.4790361821651459,0.9156883358955383,69931,18,1.8822235595071162,0.10091204661875963,0.00020769660477526486,0.9999986886978149,11529520,2815,0.15736576624981446,6.473743299022317,7.58212479762733,0.09776369947940111,7.679888497106731,3.6256292145699263,11.305517711676657,0.013982262462377548
55,4.829257383523035,0.8989168267422599,0.17224997158240857,0.4134709036534273,0.17224997158240857,0.18489842747257715,0.8608566949876548,0.5742765744208196,0.0,0.0,0.8974837143860094,1.0,0.9459725083083714,2495335,2780368,0.0,0.0,0.0,6186,0,1.0,0.012295307934057451,0.024291938997821352,18137,223,0.9968126111879818,0.19345449314280233,0.3240245450018473,208540,40472,0.0,0.0,0.0,72600,0,0.0,0.0,0.0,19740,0,0.0,0.0,0.0,525,0,0.5852445363998413,0.8118831515312195,98189,24,1.842172405393006,0.052445641718804836,0.05175388604402542,0.9748112559318542,512014,126,1.6368808290535086,0.32190385181456804,0.018043428659439087,0.987835705280304,1045357,256,1.234966233435332,0.5634085349738598,0.46544912457466125,0.9168322682380676,69931,18,1.848960583421296,0.09895385801792145,0.00020790955750271678,0.9999983310699463,11529520,2815,0.1614139584971861,6.489102700725198,7.525814587250352,0.10383598506450653,7.629650572314858,3.682757425121963,11.312407997436821,0.01390371285378933
56,4.9098674125971336,0.8949055728283983,0.164605991421102,0.41298720604387384,0.164605991421102,0.17343077799215173,0.8531662007033152,0.5744910794798112,0.0,0.0,0.8938317056676008,1.0,0.943939953051439,2495335,2791728,0.0,0.0,0.0,6186,0,1.0,0.013122346584330374,0.025904761904761906,18137,238,0.9970787366395161,0.13911959336338353,0.24417073098886116,208540,29097,0.0,0.0,0.0,72600,0,0.0,0.0,0.0,19740,0,0.0,0.0,0.0,525,0,0.5500560402870178,0.8129423260688782,98189,24,1.808278503812252,0.09661862906068563,0.04730880632996559,0.9763249158859253,512014,126,1.6372608775525863,0.35210470482707024,0.019357876852154732,0.9881570935249329,1045357,256,1.1831063956596721,0.5608403859660029,0.45962485671043396,0.9173327684402466,69931,18,1.85483660821646,0.0726356003433466,0.00015837290266063064,0.9999985694885254,11529520,2815,0.17105479997660916,6.530813168734312,7.6130124889314175,0.07181595265865326,7.684828441590071,3.706760933622718,11.391589375212789,0.010305026546120644
57,4.8578031287423915,0.8994191196722654,0.17366654027485676,0.413547671808575,0.17366654027485676,0.1871802552156552,0.8617948189028635,0.574682932832269,0.0,0.0,0.8979416686158441,1.0,0.946226834537762,2495335,2778950,0.0,0.0,0.0,6186,0,1.0,0.015713734355185534,0.030941265877754857,18137,285,0.9968920340441809,0.19995204756881174,0.33309368609406953,208540,41828,0.0,0.0,0.0,72600,0,0.0,0.0,0.0,19740,0,0.0,0.0,0.0,525,0,0.5605401992797852,0.8138589262962341,98189,24,1.8318768631438558,0.08397349622100592,0.04697617143392563,0.9760397672653198,512014,126,1.6597340916578176,0.34023404214531183,0.01867997832596302,0.9879782199859619,1045357,256,1.2325848869844995,0.5177778983488679,0.4659404456615448,0.9174472093582153,69931,18,1.8615158442717714,0.1309358011931181,0.00021779764210805297,0.9999993443489075,11529520,2815,0.15728092068409943,6.499656896106899,7.5725781340152025,0.08987348340451717,7.66245161741972,3.6962496479973197,11.35870126541704,0.011163751594722271
58,4.84430166484918,0.8993202207820243,0.17371992739548905,0.413528062791998,0.17371992739548905,0.18739307450567952,0.8616196891933846,0.5750518477935161,0.0,0.0,0.8978518495064097,1.0,0.9461769629066901,2495335,2779228,0.0,0.0,0.0,6186,0,1.0,0.01758835529580416,0.034568703944516686,18137,319,0.9968445900375759,0.19845113647261917,0.33100585468854976,208540,41516,0.0,0.0,0.0,72600,0,0.0,0.0,0.0,19740,0,0.0,0.0,0.0,525,0,0.5743240118026733,0.812972903251648,98189,24,1.8327422282421717,0.08944938331842422,0.0454961396753788,0.9773287773132324,512014,126,1.5741801558891704,0.3466722574084997,0.018297020345926285,0.9881886839866638,1045357,256,1.1938577838772373,0.5419725449755788,0.4613037407398224,0.9176045060157776,69931,18,1.8598515006183252,0.10080958716571331,0.00018839736003428698,0.999998927116394,11529520,2815,0.15882137029369006,6.368185144849122,7.447088917717338,0.02799486555159092,7.4750837832689285,3.716305867768824,11.191389651037753,0.011209355667233467
59,4.8712598342036655,0.8989529833257889,0.1730102314139028,0.4134756748777842,0.1730102314139028,0.18637491842759202,0.8609419287808688,0.5746949686928092,0.0,0.0,0.897516640494111,1.0,0.9459907980152403,2495335,2780266,0.0,0.0,0.0,6186,0,1.0,0.01758835529580416,0.034568703944516686,18137,319,0.996813083650378,0.1934832646015153,0.32406492703338713,208540,40478,0.0,0.0,0.0,72600,0,0.0,0.0,0.0,19740,0,0.0,0.0,0.0,525,0,0.5463721752166748,0.8143274188041687,98189,24,1.8151777445581214,0.06795128434896469,0.048942942172288895,0.9766432642936707,512014,126,1.5933093117360795,0.32934070751070976,0.018205290660262108,0.9881360530853271,1045357,256,1.184519416803818,0.5852872626855969,0.45816463232040405,0.9171040058135986,69931,18,1.8398266440201736,0.10066823661327362,0.00018903684394899756,0.9999987483024597,11529520,2815,0.16490739683999697,6.7282415851950645,7.81148907635361,0.03530899155884981,7.846798067912459,3.72366314381361,11.57046121172607,0.011159423738718033
60,4.864370689622604,0.8994340076772479,0.17410522859260744,0.4135460915880908,0.17410522859260744,0.18803457451396893,0.8618332101922691,0.5749229643759616,0.0,0.0,0.8979555631044868,1.0,0.9462345489645716,2495335,2778907,0.0,0.0,0.0,6186,0,1.0,0.01885648122622264,0.03701498998863575,18137,342,0.996867078012149,0.19988011892202934,0.33299248264457526,208540,41814,0.0,0.0,0.0,72600,0,0.0,0.0,0.0,19740,0,0.0,0.0,0.0,525,0,0.5427011847496033,0.8159467577934265,98189,24,1.8063480923921205,0.06231590639799833,0.04367524012923241,0.9772291779518127,512014,126,1.5851383409621196,0.3538898443803191,0.018009014427661896,0.9885962009429932,1045357,256,1.1965785812836283,0.5968086272478104,0.46114224195480347,0.9176616668701172,69931,18,1.8520103463250228,0.1347568891942501,0.00018362207629252225,0.9999991059303284,11529520,2815,0.15848893049803023,6.648652876727283,7.796424143947661,0.013713673688471317,7.810137817636132,3.7201459454372525,11.530283763073385,0.020345279946923256
61,4.767146488194477,0.9046469362789842,0.18446701030424054,0.41424824740470567,0.18446701030424054,0.2021890076749167,0.8710217322432758,0.5750174050478939,0.0,0.0,0.9027455699050924,1.0,0.9488873175514693,2495335,2764162,0.0,0.0,0.0,6186,0,1.0,0.021061917626950432,0.04125492737188833,18137,382,0.9969921619278472,0.2702071545027333,0.4251808088010594,208540,56519,0.0,0.0,0.0,72600,0,0.0,0.0,0.0,19740,0,0.0,0.0,0.0,525,0,0.513419508934021,0.8154782652854919,98189,24,1.7953086079421654,0.09096769243478775,0.04459097981452942,0.9760124087333679,512014,126,1.6189437718935766,0.34191608987748623,0.017847850918769836,0.988484263420105,1045357,256,1.200988689270808,0.5361615978181362,0.460489422082901,0.9176759719848633,69931,18,1.8596718074416618,0.10897377226501703,0.00019639368110802025,0.9999991655349731,11529520,2815,0.15067536062675763,6.1857545813545585,7.263773733749986,0.012914293445646763,7.2766880271956325,3.720629715360701,10.997317742556334,0.015037943609058857
62,4.847318502161336,0.8989306513183151,0.1733050758464434,0.41346804764262846,0.1733050758464434,0.18698054491356514,0.8609093457372469,0.5750442463737288,0.0,0.0,0.897496626297329,1.0,0.9459796806581466,2495335,2780328,0.0,0.0,0.0,6186,0,1.0,0.020179743066659317,0.0395611522455818,18137,366,0.9967797072010701,0.19295578785844442,0.32332298149122773,208540,40369,0.0,0.0,0.0,72600,0,0.0,0.0,0.0,19740,0,0.0,0.0,0.0,525,0,0.5585086941719055,0.8139811754226685,98189,24,1.8054948544895078,0.08584579546004534,0.04492899030447006,0.9771178364753723,512014,126,1.5650918492505845,0.34195467084646225,0.018076997250318527,0.9890525341033936,1045357,256,1.1317959322536733,0.5473142331466079,0.45045006275177,0.9182623028755188,69931,18,1.8281797534331776,0.1001197574660182,0.00019980547949671745,0.9999989867210388,11529520,2815,0.1665644770179305,6.261134152300656,7.3363686092197895,0.01890416070818901,7.3552727699279785,3.771251549012959,11.126524318940938,0.010233831591904163
63,4.8217520247813015,0.9046554437104027,0.1843971528516776,0.41424964066822473,0.1843971528516776,0.20203874113343132,0.8710332060229212,0.5749573074393952,0.0,0.0,0.9027534081149349,1.0,0.9488916475091705,2495335,2764138,0.0,0.0,0.0,6186,0,1.0,0.020400286706732093,0.03998487058950667,18137,370,0.9969940765626382,0.27037978325501105,0.425394669835342,208540,56555,0.0,0.0,0.0,72600,0,0.0,0.0,0.0,19740,0,0.0,0.0,0.0,525,0,0.5586857199668884,0.8138487935066223,98189,24,1.8044934034214408,0.082934046164155,0.04616571590304375,0.9773600101470947,512014,126,1.5937185307743096,0.40105315018445253,0.01756451092660427,0.9881274700164795,1045357,256,1.2343684261183185,0.5492349611595273,0.4563407003879547,0.9181192517280579,69931,18,1.8633859078186932,0.14686872251331806,0.0002295503654750064,0.9999991059303284,11529520,2815,0.1565964178320761,6.286149326711893,7.466240206733346,0.01949317939579487,7.485733386129141,3.7758404156193137,11.261573801748455,0.008593346923589706
64,4.833769385460648,0.9019291664170562,0.1792795727342483,0.41388712981252535,0.1792795727342483,0.1954222039095725,0.8663331356953102,0.5750659303945679,0.0,0.0,0.900241391041582,1.0,0.9475021387131572,2495335,2771851,0.0,0.0,0.0,6186,0,1.0,0.021558140817114185,0.04220639032815199,18137,391,0.996968517646095,0.23339886832262396,0.37824689832569813,208540,48821,0.0,0.0,0.0,72600,0,0.0,0.0,0.0,19740,0,0.0,0.0,0.0,525,0,0.5756474733352661,0.8126062750816345,98189,24,1.812236246698963,0.10711974371224642,0.04681524634361267,0.9772955775260925,512014,126,1.5465946503384727,0.3184165833517909,0.017033789306879044,0.9893385171890259,1045357,256,1.1596464428158668,0.5941291777417064,0.4500761032104492,0.9185053706169128,69931,18,1.8679047263448136,0.11478128843009472,0.00017706953804008663,0.9999987483024597,11529520,2815,0.1592706803448863,6.242240521125495,7.376687314361334,0.020206529647111893,7.396893844008446,3.7766528464853764,11.173546690493822,0.013021592982113361
65,4.778754186422194,0.910375627910472,0.1957823684068016,0.41500449372201864,0.1957823684068016,0.2160106351391364,0.8803098395874009,0.5753138601648938,0.0,0.0,0.9080714714605433,1.0,0.9518212342071812,2495335,2747950,0.0,0.0,0.0,6186,0,1.0,0.022936538567569057,0.04484449954185307,18137,416,0.996959984593587,0.3475400402800422,0.5154087122249206,208540,72697,0.0,0.0,0.0,72600,0,0.0,0.0,0.0,19740,0,0.0,0.0,0.0,525,0,0.521718442440033,0.8155597448348999,98189,24,1.788990254588448,0.09478715155273676,0.04390368238091469,0.9778814911842346,512014,126,1.5572455181000147,0.3380379620939493,0.018096089363098145,0.9890658855438232,1045357,256,1.2043708425141026,0.5542625989764929,0.4478783905506134,0.9187341928482056,69931,18,1.8579248761109008,0.10576661489903927,0.0002103220031131059,0.9999988675117493,11529520,2815,0.15285872323063596,6.279753991402686,7.372608318924904,0.013395171612501144,7.386003490537405,3.777469266206026,11.163472756743431,0.00879573356360197
66,4.859332276547056,0.9019284574644381,0.17931416028399963,0.41388697491562165,0.17931416028399963,0.19549130675969625,0.8663329524422421,0.5753441002825348,0.0,0.0,0.9002407414823225,1.0,0.9475017789378317,2495335,2771853,0.0,0.0,0.0,6186,0,1.0,0.021833820367205162,0.042734581557222255,18137,396,0.9969680829270291,0.23336530162079216,0.37820278682281994,208540,48814,0.0,0.0,0.0,72600,0,0.0,0.0,0.0,19740,0,0.0,0.0,0.0,525,0,0.5354409217834473,0.8162828683853149,98189,24,1.8107914980553033,0.10286729596555233,0.04553837329149246,0.9780552983283997,512014,126,1.532956808191642,0.34170764964073896,0.01725553162395954,0.9896475076675415,1045357,256,1.1384066024085358,0.5051116952672601,0.4438265562057495,0.9186769723892212,69931,18,1.8406463581329167,0.14052678644657135,0.00020052834588568658,0.9999991655349731,11529520,2815,0.1636358820548517,6.254168384708464,7.344381812028587,0.04100667778402567,7.3853884898126125,3.6545534804463387,11.039941970258951,0.011162733659148216
67,4.711303963638374,0.91956400831885,0.21365421805729903,0.41625337379020383,0.21365421805729903,0.23479493790401132,0.8937601929098661,0.575423022755886,0.0,0.0,0.9167429904293124,1.0,0.9565632899212848,2495335,2721957,0.0,0.0,0.0,6186,0,1.0,0.023818713127860176,0.04652916150573536,18137,432,0.997030626102114,0.47176081327323294,0.6404721139010592,208540,98674,0.0,0.0,0.0,72600,0,0.0,0.0,0.0,19740,0,0.0,0.0,0.0,525,0,0.5425257682800293,0.8159162402153015,98189,24,1.799350745444088,0.11736098770052195,0.0437004491686821,0.9782076478004456,512014,126,1.5589741909389347,0.3562739724293351,0.019119737669825554,0.9889186024665833,1045357,256,1.1874646288221682,0.5601008366793394,0.44323864579200745,0.9193919897079468,69931,18,1.8476345129528857,0.0839478150010109,0.00021245675452519208,0.9999988675117493,11529520,2815,0.14556345629754797,6.2813159907236695,7.398999602533877,0.015696201473474503,7.414695804007351,3.778403364121914,11.193099168129265,0.010207044892013073
68,4.764246814883103,0.9138920328968194,0.2026570197031799,0.4154846691122764,0.2026570197031799,0.22364577306681302,0.8856487145146549,0.5752178172972708,0.0,0.0,0.9113697747082273,1.0,0.9536299953758021,2495335,2738005,0.0,0.0,0.0,6186,0,1.0,0.023543033577769202,0.04600301659125189,18137,427,0.997022909077707,0.3950561043444903,0.565887399500637,208540,82631,0.0,0.0,0.0,72600,0,0.0,0.0,0.0,19740,0,0.0,0.0,0.0,525,0,0.5082635283470154,0.817413330078125,98189,24,1.764565716584784,0.09918854665011168,0.04574299603700638,0.9770104289054871,512014,126,1.5864934035072626,0.331798005849123,0.01764761097729206,0.9895843863487244,1045357,256,1.1543633361989005,0.5502185607329011,0.4343010485172272,0.9194205403327942,69931,18,1.8311266612848345,0.10886771231889725,0.00020856354967691004,0.9999989867210388,11529520,2815,0.16180899512940466,6.1643226612359285,7.2543954867869616,0.027298586443066597,7.281694073230028,3.691131930798292,10.97282600402832,0.008419787511229515
69,4.755202405093733,0.9353995284756136,0.24428554070228717,0.4184575278831841,0.24428554070228717,0.26065342996058705,0.9138273408025,0.5752330962376547,0.0,0.0,0.9320814862294577,1.0,0.9648469724208744,2495335,2677164,0.0,0.0,0.0,6186,0,1.0,0.024039256767932955,0.046949873472244656,18137,436,0.9971212089528311,0.6859595281480771,0.8127771638309901,208540,143463,0.0,0.0,0.0,72600,0,0.0,0.0,0.0,19740,0,0.0,0.0,0.0,525,0,0.5066983699798584,0.8184725046157837,98189,24,1.7782582749297977,0.09945959784090519,0.044460561126470566,0.9780611991882324,512014,126,1.537498990343022,0.32900191750377417,0.01703501306474209,0.989433228969574,1045357,256,1.1659679942250898,0.577593975700438,0.43646013736724854,0.9193776845932007,69931,18,1.8414143314718325,0.08596441522240639,0.0001984075497603044,0.9999986886978149,11529520,2815,0.1543482239679361,6.254208075813949,7.346227982081473,0.03766240179538727,7.38389038387686,3.7313230503350496,11.11521343421191,0.010242252610623837
70,4.7241517943703,0.9380145002079003,0.24933904191479866,0.418819631168189,0.24933904191479866,0.2643228655839717,0.9168475637321243,0.5756153293282894,0.0,0.0,0.9346671121502398,1.0,0.9662304241182105,2495335,2669758,0.0,0.0,0.0,6186,0,1.0,0.024039256767932955,0.046949873472244656,18137,436,0.9970703060270831,0.7213340366356574,0.8370797614973471,208540,150869,0.0,0.0,0.0,72600,0,0.0,0.0,0.0,19740,0,0.0,0.0,0.0,525,0,0.54192715883255,0.8168022632598877,98189,24,1.7900206101335863,0.06672351527959108,0.041579898446798325,0.9780787825584412,512014,126,1.5625067519995715,0.37055725511163473,0.017469732090830803,0.9895767569541931,1045357,256,1.1474726440968817,0.49139725137501955,0.4366592466831207,0.9191202521324158,69931,18,1.8376562717055982,0.10224610567092896,0.00020531316113192588,0.9999986886978149,11529520,2815,0.15192303881990657,6.369761293753982,7.400685421191156,0.029615613631904125,7.43030103482306,3.727523932233453,11.157824967056513,0.01041396614164114
71,4.796409045168898,0.9354094538122686,0.24424718948402033,0.418459023710773,0.24424718948402033,0.26055129064929444,0.9138355246401664,0.5758223986156611,0.0,0.0,0.9320912348121276,1.0,0.9648521954013856,2495335,2677136,0.0,0.0,0.0,6186,0,1.0,0.023598169487787396,0.04610826824670078,18137,428,0.9971219311632834,0.6861321569003549,0.8128985708969745,208540,143499,0.0,0.0,0.0,72600,0,0.0,0.0,0.0,19740,0,0.0,0.0,0.0,525,0,0.5592109560966492,0.8167513608932495,98189,24,1.8023061181642752,0.05982998851686716,0.04035091772675514,0.9778912663459778,512014,126,1.5323313743478204,0.3325030663982034,0.016682522371411324,0.9896666407585144,1045357,256,1.1502116700439384,0.5486588422209024,0.43331238627433777,0.9192203879356384,69931,18,1.8438889443043067,0.09525314997881651,0.00019896772573702037,0.9999991059303284,11529520,2815,0.16274602747929834,6.442514565773308,7.478759612888098,0.04985280428081751,7.528612417168915,3.716270998120308,11.244883415289223,0.0106583833694458
72,4.790975788510131,0.9444844018017322,0.26188544497282873,0.4197380073760199,0.26188544497282873,0.2729109002320106,0.9240353629067664,0.5768322593625876,0.0,0.0,0.9411216060054732,1.0,0.9696678488290646,2495335,2651448,0.0,0.0,0.0,6186,0,1.0,0.024370072228042123,0.04758060175466925,18137,442,0.9970444456266662,0.8088280425817589,0.8931278510403402,208540,169173,0.0,0.0,0.0,72600,0,0.0,0.0,0.0,19740,0,0.0,0.0,0.0,525,0,0.5364402532577515,0.819165050983429,98189,24,1.8063053057050733,0.0750462906435132,0.03962686285376549,0.9775397181510925,512014,126,1.5636385137442657,0.34789950773119926,0.016752703115344048,0.9895767569541931,1045357,256,1.148559610044706,0.5705508710816503,0.4361155331134796,0.919663667678833,69931,18,1.8590776562357467,0.16409312281757593,0.00017519776884000748,0.9999991059303284,11529520,2815,0.15328792700558813,6.467166943475604,7.624756735749543,0.031453363597393036,7.656210099346936,3.7173002175986767,11.373510316945612,0.0106308339163661
73,4.799382629514464,0.9440480414652207,0.2610853163617032,0.41968048168407707,0.2610853163617032,0.27245137302551525,0.9235655523543831,0.5770014561256529,0.0,0.0,0.9406813237435674,1.0,0.9694340974323352,2495335,2652689,0.0,0.0,0.0,6186,0,1.0,0.024700887688151294,0.04821092278719397,18137,448,0.9970820480449721,0.802896326843771,0.8895145909590774,208540,167926,0.0,0.0,0.0,72600,0,0.0,0.0,0.0,19740,0,0.0,0.0,0.0,525,0,0.5314573645591736,0.8174337148666382,98189,24,1.7983901467125258,0.06683382485061884,0.03972316533327103,0.9780514240264893,512014,126,1.5321411944179892,0.34512163884937763,0.015815898776054382,0.9895815253257751,1045357,256,1.1432766564164698,0.5633045956492424,0.4339938461780548,0.919892430305481,69931,18,1.8451244577406136,0.07917272858321667,0.0002007338625844568,0.9999989867210388,11529520,2815,0.15551836159192872,6.723004279658198,7.777437067590654,0.06890833377838135,7.846345401369035,3.853062056005001,11.699407457374036,0.010151391848921776
74,4.675346403888492,0.9444975174251692,0.2621265369731684,0.4197399010167081,0.2621265369731684,0.2733644751347836,0.924063281299215,0.5776425853056585,0.0,0.0,0.9411347392011272,1.0,0.9696748197793325,2495335,2651411,0.0,0.0,0.0,6186,0,1.0,0.02602414952858797,0.05072814229673814,18137,472,0.9970445679158293,0.8088616092835906,0.893148363867415,208540,169180,0.0,0.0,0.0,72600,0,0.0,0.0,0.0,19740,0,0.0,0.0,0.0,525,0,0.518064022064209,0.8198677897453308,98189,24,1.77154131275265,0.059726348146796227,0.04004327580332756,0.9775826930999756,512014,126,1.5776640624897238,0.32109611202031374,0.017012381926178932,0.9898837804794312,1045357,256,1.1087548350927063,0.540416375733912,0.4362225830554962,0.9202070236206055,69931,18,1.8404443665568508,0.09920293837785721,0.00020606016914825886,0.9999991059303284,11529520,2815,0.14484567518235011,6.159569275565445,7.180011049844325,0.03359614312648773,7.213607192970812,3.724527072161436,10.938134265132248,0.012459840625524521
75,4.702995043944982,0.9399648288606104,0.25325912500689407,0.41909971553285263,0.25325912500689407,0.26727693028307975,0.9190643345383789,0.5775903576915784,0.0,0.0,0.9366015274877226,1.0,0.9672630266926817,2495335,2664244,0.0,0.0,0.0,6186,0,1.0,0.025197110878315047,0.04915564160481876,18137,457,0.9970964812422456,0.7476167641699434,0.8545198436840576,208540,156362,0.0,0.0,0.0,72600,0,0.0,0.0,0.0,19740,0,0.0,0.0,0.0,525,0,0.5234163999557495,0.8170059323310852,98189,24,1.7727336957413347,0.06634484510868788,0.039939895272254944,0.9787135124206543,512014,126,1.5150907557452806,0.322857859544456,0.01596042513847351,0.9901813268661499,1045357,256,1.1235160310005228,0.5235066544264555,0.42460888624191284,0.9205645322799683,69931,18,1.829136690269875,0.12397075444459915,0.0002103710430674255,0.9999983310699463,11529520,2815,0.15565571954442475,6.283305238932371,7.31998535245657,0.10932157188653946,7.429306924343109,3.6863900031894445,11.115696927532554,0.01303271483629942
76,4.643226336359016,0.9445120509538426,0.26216181492099283,0.41974207987811546,0.26216181492099283,0.2733972850638133,0.9240794513093187,0.5778467974730758,0.0,0.0,0.9411492926298479,1.0,0.9696825444629137,2495335,2651370,0.0,0.0,0.0,6186,0,1.0,0.026079285438606162,0.050832885545405694,18137,473,0.9970452665169601,0.8090534190083437,0.8932655654383735,208540,169220,0.0,0.0,0.0,72600,0,0.0,0.0,0.0,19740,0,0.0,0.0,0.0,525,0,0.5112537145614624,0.820295512676239,98189,24,1.7433510912408428,0.10048003774136305,0.039646148681640625,0.9782935976982117,512014,126,1.536823002459969,0.34572591818869114,0.015227965079247952,0.9902884364128113,1045357,256,1.1171440507035764,0.5630696145817637,0.4244770109653473,0.9194348454475403,69931,18,1.8696061041042482,0.07819716911762953,0.00022964108211454004,0.9999991059303284,11529520,2815,0.1454342048976464,6.462216475047171,7.549689214676619,0.03234498389065266,7.582034198567271,3.802927172742784,11.384961371310055,0.009738384746015072
77,4.725349590503363,0.9445014166645693,0.2620333910214135,0.41974052118794686,0.2620333910214135,0.2731655805590983,0.9240610942540404,0.5777185449018624,0.0,0.0,0.941138643735385,1.0,0.9696768922433349,2495335,2651400,0.0,0.0,0.0,6186,0,1.0,0.02525224678833324,0.04926055391234203,18137,458,0.9970450045802429,0.8089814903615613,0.8932216177580113,208540,169205,0.0,0.0,0.0,72600,0,0.0,0.0,0.0,19740,0,0.0,0.0,0.0,525,0,0.51099693775177,0.818360447883606,98189,24,1.7651627017650626,0.07820015866309404,0.039402756839990616,0.9777506589889526,512014,126,1.539896538742618,0.3411084711551666,0.015316012315452099,0.9901927709579468,1045357,256,1.1216020063349503,0.5751110687851906,0.4238145351409912,0.9200354814529419,69931,18,1.8533552344601214,0.07624118030071259,0.0002089153422275558,0.9999991059303284,11529520,2815,0.1627097090072188,6.481983965262771,7.5526448441669345,0.021488999016582966,7.5741338431835175,3.8232395108789206,11.397373354062438,0.013736970722675323
78,4.770355558552252,0.9445056703802787,0.2620488029620314,0.41974115713370885,0.2620488029620314,0.2731854934940013,0.9240661509306575,0.5776655235487576,0.0,0.0,0.9411429032642525,1.0,0.9696791531232593,2495335,2651388,0.0,0.0,0.0,6186,0,1.0,0.025307382698351436,0.0493654549365455,18137,459,0.9970451966717095,0.8090342380358684,0.8932538463982042,208540,169216,0.0,0.0,0.0,72600,0,0.0,0.0,0.0,19740,0,0.0,0.0,0.0,525,0,0.5374627113342285,0.8201020359992981,98189,24,1.7718809508252333,0.06264961697161198,0.03707011789083481,0.9785259962081909,512014,126,1.4836368256231878,0.3766586324200034,0.015920527279376984,0.9903238415718079,1045357,256,1.12023019927279,0.5246809832751751,0.4263690710067749,0.9195349812507629,69931,18,1.857121434768144,0.0748683400452137,0.0001609824103070423,0.9999991059303284,11529520,2815,0.1554091164600108,6.263106440193951,7.301964012905955,0.03175297286361456,7.33371698576957,3.729957230389118,11.063674216158688,0.009897415526211262
79,4.727936768150631,0.9445308381982253,0.26224127090480626,0.41974488474529476,0.26224127090480626,0.2735081263582896,0.9241025006661854,0.5779588438447627,0.0,0.0,0.9411681062656785,1.0,0.9696925302118736,2495335,2651317,0.0,0.0,0.0,6186,0,1.0,0.026410100898715334,0.05146110872367855,18137,479,0.9970460869513845,0.8092787954349285,0.8934032455724749,208540,169267,0.0,0.0,0.0,72600,0,0.0,0.0,0.0,19740,0,0.0,0.0,0.0,525,0,0.548500657081604,0.8181567788124084,98189,24,1.7730450169624363,0.07470421120524406,0.04287714138627052,0.9775162935256958,512014,126,1.5663996792058519,0.357116318307817,0.015132173895835876,0.9903496503829956,1045357,256,1.1218151913874455,0.5011780960485339,0.4282689094543457,0.9201355576515198,69931,18,1.851065217813571,0.1234925938770175,0.0002087620086967945,0.9999988675117493,11529520,2815,0.14771420178727213,6.370749621652067,7.427240841090679,0.020562849938869476,7.447803691029549,3.721512643620372,11.16931633464992,0.008819321170449257
80,4.667331954494407,0.9445393456296438,0.26231524392909866,0.41974614171994745,0.26231524392909866,0.27363503852625853,0.9241153458215503,0.5782484262466611,0.0,0.0,0.941176625895365,1.0,0.9696970521281119,2495335,2651293,0.0,0.0,0.0,6186,0,1.0,0.026851188178860893,0.05229810996563574,18137,487,0.9970463661442673,0.8093555193248297,0.893450107590062,208540,169283,0.0,0.0,0.0,72600,0,0.0,0.0,0.0,19740,0,0.0,0.0,0.0,525,0,0.5380424857139587,0.8202751278877258,98189,24,1.7730822343865993,0.06938181445002556,0.037721604108810425,0.978943943977356,512014,126,1.5271642200148656,0.3339134342968464,0.0170153696089983,0.9906290173530579,1045357,256,1.0998830238812467,0.5581138925626874,0.42189666628837585,0.9207075238227844,69931,18,1.8308402569144795,0.09340147208422422,0.00018870517669711262,0.9999988675117493,11529520,2815,0.1461647215166337,6.333825655281544,7.388636268675327,0.059452484361827374,7.448088753037155,3.6885075457394123,11.136596298776567,0.011356511153280735
81,4.677743178894608,0.9445375732480983,0.26231181875544235,0.419745875694565,0.26231181875544235,0.2736328119514739,0.9241134300086657,0.5785954698097678,0.0,0.0,0.941174850959794,1.0,0.969696110058751,2495335,2651298,0.0,0.0,0.0,6186,0,1.0,0.026851188178860893,0.05229810996563574,18137,487,0.9970462789021609,0.8093315431092356,0.8934354636359305,208540,169278,0.0,0.0,0.0,72600,0,0.0,0.0,0.0,19740,0,0.0,0.0,0.0,525,0,0.519447922706604,0.8216093182563782,98189,24,1.7584788717703046,0.08228475227952003,0.03798023983836174,0.9787115454673767,512014,126,1.4973697477984877,0.32707495149224997,0.014954407699406147,0.9908232092857361,1045357,256,1.0951319274944487,0.5916266702115536,0.4206179976463318,0.920292854309082,69931,18,1.8419314069349761,0.08716852776706219,0.0002052603376796469,0.9999985098838806,11529520,2815,0.15176577612939166,6.350084041245282,7.4382389429956675,0.03192337974905968,7.470162322744727,3.736461751163006,11.206624073907733,0.008961561135947704
82,4.701588103794293,0.9445287113403706,0.2622875013633181,0.4197445480643795,0.2622875013633181,0.2736071558766698,0.9241033946765781,0.5786991095471409,0.0,0.0,0.941165976382357,1.0,0.9696913997394037,2495335,2651323,0.0,0.0,0.0,6186,0,1.0,0.0267960522688427,0.05219352413682006,18137,486,0.9970458600682998,0.8092164572743838,0.8933651672604647,208540,169254,0.0,0.0,0.0,72600,0,0.0,0.0,0.0,19740,0,0.0,0.0,0.0,525,0,0.4978405833244324,0.8214157819747925,98189,24,1.7417398859211268,0.0646654088050127,0.03689585253596306,0.9799732565879822,512014,126,1.4817010326250446,0.3119916068390012,0.014953024685382843,0.9907485842704773,1045357,256,1.0765206912705496,0.5861061662435532,0.4169914424419403,0.9208219647407532,69931,18,1.8462879793282376,0.09716278873383999,0.00019734080706257373,0.9999992847442627,11529520,2815,0.15289332124266258,6.136268362402916,7.196194333024323,0.03555950615555048,7.2317538391798735,3.6787833645939827,10.910537203773856,0.014401926659047604
83,4.613744491781764,0.944556006016172,0.2623977812283673,0.4197486249303717,0.2623977812283673,0.2737575784786031,0.9241365427410669,0.5788100439095129,0.0,0.0,0.9411933106169703,1.0,0.9697059076695771,2495335,2651246,0.0,0.0,0.0,6186,0,1.0,0.027237139548988255,0.05302989640921046,18137,494,0.9970470638956315,0.8095473290495828,0.8935672452714344,208540,169323,0.0,0.0,0.0,72600,0,0.0,0.0,0.0,19740,0,0.0,0.0,0.0,525,0,0.5263389348983765,0.8201427459716797,98189,24,1.7531859197333732,0.1034547220915556,0.037374235689640045,0.9786197543144226,512014,126,1.4800464932556892,0.368842551484704,0.015437324531376362,0.9902224540710449,1045357,256,1.1322535911862341,0.5119359875097871,0.4208366572856903,0.9207647442817688,69931,18,1.8251685293119468,0.11076079495251179,0.00021764397388324142,0.9999991059303284,11529520,2815,0.1412259531376573,6.354566836729646,7.449560892768204,0.036588337272405624,7.48614923004061,3.676648668013513,11.162797898054123,0.010508531704545021
84,4.648457541370404,0.944546435155826,0.2623361361475666,0.4197472033316959,0.2623361361475666,0.2736584651526797,0.9241234646488811,0.5789015172752151,0.0,0.0,0.9411837257045955,1.0,0.9697008204238597,2495335,2651273,0.0,0.0,0.0,6186,0,1.0,0.026906324088879087,0.05240268456375839,18137,488,0.9970466976172756,0.8094466289440875,0.8935057510811397,208540,169302,0.0,0.0,0.0,72600,0,0.0,0.0,0.0,19740,0,0.0,0.0,0.0,525,0,0.48322591185569763,0.8213139772415161,98189,24,1.7304915562282892,0.09195407666265965,0.034349143505096436,0.9795318245887756,512014,126,1.5269818316201176,0.3344972999766469,0.0161473136395216,0.991002082824707,1045357,256,1.070283519350781,0.5747288139536977,0.4114295542240143,0.920678973197937,69931,18,1.85099020143149,0.0836408045142889,0.00018323549011256546,0.9999988675117493,11529520,2815,0.15223510323747222,6.36884249933064,7.453663494437933,0.018849673680961132,7.472513168118894,3.7350900610908866,11.20760322920978,0.010222772136330605
85,4.694196734634109,0.9445521067767717,0.26233990517942407,0.4197480571092048,0.26233990517942407,0.2736510682380702,0.9241291388764041,0.5788735666133242,0.0,0.0,0.9411894056291035,1.0,0.9697038350815452,2495335,2651257,0.0,0.0,0.0,6186,0,1.0,0.026851188178860893,0.05229810996563574,18137,487,0.9970469941353304,0.8095281480771075,0.8935555326193104,208540,169319,0.0,0.0,0.0,72600,0,0.0,0.0,0.0,19740,0,0.0,0.0,0.0,525,0,0.4963495135307312,0.8226684927940369,98189,24,1.7398413311684988,0.05948233790695667,0.0335971899330616,0.9791412353515625,512014,126,1.4959424825719434,0.34908672608435154,0.015926776453852654,0.9907361268997192,1045357,256,1.118747281933325,0.5507442252710462,0.4117339849472046,0.9208505153656006,69931,18,1.822314741120771,0.08603031188249588,0.00018822976562660187,0.9999988675117493,11529520,2815,0.1537832284629364,6.370634788647294,7.415978389792144,0.024285567924380302,7.440263957716525,3.7261465936899185,11.166410551406443,0.013645448721945286
86,4.714030788311165,0.9445606142081903,0.26245702734677306,0.419748508712651,0.26245702734677306,0.2738645896686989,0.9241447011371743,0.5788954088310029,0.0,0.0,0.941198280648393,1.0,0.969708545521704,2495335,2651232,0.0,0.0,0.0,6186,0,1.0,0.02762309091911562,0.05376113316879493,18137,501,0.9970412803401641,0.8095761005082958,0.8935824489903935,208540,169330,0.0,0.0,0.0,72600,0,0.0,0.0,0.0,19740,0,0.0,0.0,0.0,525,0,0.5049588084220886,0.8224138617515564,98189,24,1.7516719194804033,0.07228511478751898,0.03354422003030777,0.9797701239585876,512014,126,1.4853233003028035,0.37869194988161325,0.015832675620913506,0.9908863306045532,1045357,256,1.090612802857425,0.5118755102157593,0.41780492663383484,0.9204501509666443,69931,18,1.8474085250583792,0.16775591857731342,0.0001680314599070698,0.999998927116394,11529520,2815,0.14895727872965817,6.660981867462397,7.7915903609246016,0.027179955504834652,7.818770316429436,3.745582385919988,11.564352702349424,0.03305664286017418
87,4.711730099563212,0.9445545881109355,0.26244538175634163,0.41974839466635794,0.26244538175634163,0.27385733172147914,0.9241381962414442,0.5793072852769982,0.0,0.0,0.9411918906176332,1.0,0.9697051540001768,2495335,2651250,0.0,0.0,0.0,6186,0,1.0,0.02762309091911562,0.05376113316879493,18137,501,0.997046872046872,0.8094945813752757,0.8935350348813821,208540,169312,0.0,0.0,0.0,72600,0,0.0,0.0,0.0,19740,0,0.0,0.0,0.0,525,0,0.5086448788642883,0.822047233581543,98189,24,1.7546716116120489,0.0758551424369216,0.035641446709632874,0.9796939492225647,512014,126,1.5087355341875603,0.2810231167823076,0.015870805829763412,0.9910929799079895,1045357,256,1.0848442503313858,0.5875584920868278,0.4137118458747864,0.9210507273674011,69931,18,1.8462769010089413,0.17353483382612467,0.00018805651052389294,0.9999985694885254,11529520,2815,0.14888164518969085,6.7771127531304955,7.895084338262677,0.013091647997498512,7.908175986260176,3.7233450766652822,11.631521062925458,0.01332710962742567
88,4.686377465676775,0.944569476115918,0.26249572778658287,0.419749831504777,0.26249572778658287,0.2739192100440513,0.9241556430400857,0.579336188659095,0.0,0.0,0.9412071558350593,1.0,0.9697132560076261,2495335,2651207,0.0,0.0,0.0,6186,0,1.0,0.027788498649170205,0.05407435223432219,18137,504,0.9970416646983797,0.8096815958569099,0.8936468620664105,208540,169352,0.0,0.0,0.0,72600,0,0.0,0.0,0.0,19740,0,0.0,0.0,0.0,525,0,0.5060842037200928,0.822882354259491,98189,24,1.7571269881514096,0.07502152305096388,0.034366924315690994,0.979469358921051,512014,126,1.513714480877193,0.34523133002221584,0.016747714951634407,0.9910365343093872,1045357,256,1.102000542130641,0.5766657320782542,0.4144749641418457,0.920678973197937,69931,18,1.864054484941689,0.15856754779815674,0.0002161277661798522,0.999999463558197,11529520,2815,0.14491905227888205,6.468406562693417,7.623892695643008,0.020063912495970726,7.6439566081389785,3.693624623119831,11.33758123125881,0.017517632804811
89,4.708271866600356,0.9445669947817542,0.2624837410196213,0.4197494615213196,0.2624837410196213,0.27390159853659574,0.9241525066609931,0.5792962511021337,0.0,0.0,0.9412046707659208,1.0,0.9697119370669549,2495335,2651214,0.0,0.0,0.0,6186,0,1.0,0.02773336273915201,0.05396995708154506,18137,503,0.9970415598833158,0.809652824398197,0.89362929560767,208540,169346,0.0,0.0,0.0,72600,0,0.0,0.0,0.0,19740,0,0.0,0.0,0.0,525,0,0.5271572470664978,0.8204991817474365,98189,24,1.7714922930026349,0.07836016919463873,0.035930853337049484,0.9795904159545898,512014,126,1.4900935835844724,0.35682257916778326,0.01472715474665165,0.9912862181663513,1045357,256,1.0637562172148538,0.6064614159986377,0.40891820192337036,0.9208362698554993,69931,18,1.8530371418167433,0.12032730132341385,0.00019065987726207823,0.9999987483024597,11529520,2815,0.15015748708620516,6.46466604527086,7.626637510955334,0.02986760251224041,7.656505113467574,3.7074991008266807,11.364004214294255,0.017144824378192425
90,4.689978379375691,0.9445769201184092,0.26253887961131045,0.4197509389650395,0.26253887961131045,0.27398652348357366,0.9241655059971939,0.5793977920362036,0.0,0.0,0.9412146111212114,1.0,0.9697172128511669,2495335,2651186,0.0,0.0,0.0,6186,0,1.0,0.028009042289242985,0.05449182086350228,18137,508,0.9970419616340652,0.80976311498993,0.8936966306703465,208540,169369,0.0,0.0,0.0,72600,0,0.0,0.0,0.0,19740,0,0.0,0.0,0.0,525,0,0.5327026844024658,0.8208760619163513,98189,24,1.7494294224131104,0.08409774396568537,0.03397199138998985,0.9802662134170532,512014,126,1.4603541466655778,0.35447011049836874,0.015220973640680313,0.9911513328552246,1045357,256,1.0843555506582168,0.5891541307792068,0.4132494032382965,0.9213653206825256,69931,18,1.8439044786652752,0.10651894379407167,0.00020089957979507744,0.9999989867210388,11529520,2815,0.1446467748199243,6.753433804959059,7.887674733996391,0.02998516336083412,7.917659897357225,3.7457720255479217,11.663431922905147,0.04231077432632446
91,4.666206899885031,0.944582591739355,0.26255703169085337,0.4197517878578784,0.26255703169085337,0.2740081325816025,0.9241720893933039,0.5797637987246896,0.0,0.0,0.9412202914185058,1.0,0.9697202276107766,2495335,2651170,0.0,0.0,0.0,6186,0,1.0,0.02806417819926118,0.054596160034323715,18137,509,0.9970422235866434,0.8098350436367123,0.8937405404261174,208540,169384,0.0,0.0,0.0,72600,0,0.0,0.0,0.0,19740,0,0.0,0.0,0.0,525,0,0.5003166198730469,0.8228212594985962,98189,24,1.743487671591575,0.10757016390562057,0.034577466547489166,0.9793326258659363,512014,126,1.4716345432700784,0.33328566141426563,0.014808724634349346,0.9911714196205139,1045357,256,1.0665505443928265,0.5889993105083704,0.41185814142227173,0.9204930663108826,69931,18,1.860209172223783,0.07564615271985531,0.00017793074948713183,0.9999989867210388,11529520,2815,0.14556040964322364,6.634360612370074,7.739861900918186,0.05940365698188543,7.799265557900071,3.7596454629674554,11.558911020867527,0.016980493441224098
92,4.619895807502714,0.9445910991707736,0.26257347252440366,0.4197530649438975,0.26257347252440366,0.27401881408648876,0.9241812823582894,0.5800255414894812,0.0,0.0,0.9412288119930022,1.0,0.9697247497853387,2495335,2651146,0.0,0.0,0.0,6186,0,1.0,0.02806417819926118,0.054596160034323715,18137,509,0.9970426426142803,0.8099501294715642,0.8938107887857589,208540,169408,0.0,0.0,0.0,72600,0,0.0,0.0,0.0,19740,0,0.0,0.0,0.0,525,0,0.5316711068153381,0.8202548027038574,98189,24,1.7459476573043347,0.10459811612963676,0.03759181499481201,0.9796568155288696,512014,126,1.4575197695886875,0.3623835239559412,0.01387554220855236,0.991413414478302,1045357,256,1.079857609279315,0.6297228448092937,0.4097018241882324,0.9207361340522766,69931,18,1.870496371300854,0.09263330698013306,0.00017016289348248392,0.9999985694885254,11529520,2815,0.14211240769317202,6.544563602656126,7.733901394531131,0.05193602293729782,7.785837417468429,3.7426606891676784,11.528498106636107,0.011510520242154598
93,4.629815837087354,0.9445875544076825,0.262566622177091,0.419752532824106,0.262566622177091,0.27401436361361453,0.9241774520318292,0.5824661867717827,0.0,0.0,0.941225261734881,1.0,0.9697228655408122,2495335,2651156,0.0,0.0,0.0,6186,0,1.0,0.02806417819926118,0.054596160034323715,18137,509,0.9970424680338611,0.8099021770403759,0.8937815197201657,208540,169398,0.0,0.0,0.0,72600,0,0.0,0.0,0.0,19740,0,0.0,0.0,0.0,525,0,0.49718597531318665,0.8239517211914062,98189,24,1.7267118978377354,0.06948914844542742,0.036650869995355606,0.9800103306770325,512014,126,1.4380352242519507,0.2627589534968138,0.014560886658728123,0.9914918541908264,1045357,256,1.0643550639524073,0.5196033334359527,0.4070303440093994,0.9205931425094604,69931,18,1.858365381841902,0.12219465989619493,0.00017009532894007862,0.9999988675117493,11529520,2815,0.14644694274723963,6.359492188319564,7.333538283593953,0.03255951125174761,7.3660977948457,3.6890041576698422,11.055101952515543,0.05907013826072216
94,4.709130035405862,0.9445641589712814,0.2624063455033435,0.41974906078935276,0.2624063455033435,0.27375299571767897,0.9241448905348976,0.6050879401060378,0.0,0.0,0.9412018307029739,1.0,0.9697104297105813,2495335,2651222,0.0,0.0,0.0,6186,0,1.0,0.02718200363897006,0.05292538915727322,18137,493,0.9970415948224957,0.8096624148844347,0.8936351511558981,208540,169348,0.0,0.0,0.0,72600,0,0.0,0.0,0.0,19740,0,0.0,0.0,0.0,525,0,0.518353283405304,0.8212834000587463,98189,24,1.730593423894568,0.09995008073747158,0.033765021711587906,0.9794947504997253,512014,126,1.4743972682615434,0.3564579300582409,0.015357592143118382,0.9913876056671143,1045357,256,1.03565028565358,0.5330717414617538,0.40515103936195374,0.9209792613983154,69931,18,1.8788734902085624,0.09996517933905125,0.00018109820666722953,0.9999985694885254,11529520,2815,0.15410264409387334,6.6399266785010695,7.729371610097587,0.049027745611965656,7.778399355709553,3.7258179746568203,11.504217330366373,0.015108045190572739
95,4.588123661026671,0.9446049237468288,0.2626289549742939,0.41975513024843736,0.2626289549742939,0.27409410307914844,0.9241980368587869,0.60844307554767,0.0,0.0,0.9412426582555891,1.0,0.969732098408959,2495335,2651107,0.0,0.0,0.0,6186,0,1.0,0.02828472183933396,0.055013404825737265,18137,513,0.9970432534834723,0.8101179629807231,0.8939132183193425,208540,169443,0.0,0.0,0.0,72600,0,0.0,0.0,0.0,19740,0,0.0,0.0,0.0,525,0,0.5087710618972778,0.8234323263168335,98189,24,1.7386684029449577,0.10082186944782734,0.0331062376499176,0.9803501963615417,512014,126,1.494387589719809,0.311639959923923,0.012394473887979984,0.990888237953186,1045357,256,1.1136056000890062,0.5595681872218847,0.412043035030365,0.9213939309120178,69931,18,1.8586657778335394,0.10249484796077013,0.00018643798830453306,0.999999463558197,11529520,2815,0.13693947164721798,6.629844546318054,7.704369410872459,0.0300873639062047,7.734456774778664,3.7382356142625213,11.472692389041185,0.018542074598371983
96,4.702460640038897,0.9445677037343725,0.26248511108908384,0.41974956794383306,0.26248511108908384,0.27390248887774626,0.9241532728465174,0.6206883674366551,0.0,0.0,0.9412053807843356,1.0,0.9697123139067806,2495335,2651212,0.0,0.0,0.0,6186,0,1.0,0.02773336273915201,0.05396995708154506,18137,503,0.9970415948224957,0.8096624148844347,0.8936351511558981,208540,169348,0.0,0.0,0.0,72600,0,0.0,0.0,0.0,19740,0,0.0,0.0,0.0,525,0,0.49771544337272644,0.8239415287971497,98189,24,1.7216456459129028,0.07009538728743792,0.031093884259462357,0.9804790616035461,512014,126,1.4429761390078617,0.3158925361931324,0.013895265758037567,0.991914689540863,1045357,256,1.0248608396758165,0.5306886425241828,0.40027162432670593,0.9211937189102173,69931,18,1.8702508679411716,0.0970234228298068,0.0001871829736046493,0.9999982118606567,11529520,2815,0.15692057538870682,6.6907667219638824,7.704466710798442,0.10044449009001255,7.804911200888455,3.747967424802482,11.552878625690937,0.016067154705524445
97,4.5997863309201135,0.9445974797443375,0.2626649099118367,0.4197539953333464,0.2626649099118367,0.27418608147973555,0.924193171060507,0.6249258647781791,0.0,0.0,0.9412352025251138,1.0,0.9697281414439393,2495335,2651128,0.0,0.0,0.0,6186,0,1.0,0.02867067320946132,0.0557431527040789,18137,520,0.997042764808311,0.8099836961733959,0.8938312762101308,208540,169415,0.0,0.0,0.0,72600,0,0.0,0.0,0.0,19740,0,0.0,0.0,0.0,525,0,0.49087223410606384,0.8237276673316956,98189,24,1.7313373788066722,0.08297405485063791,0.032619498670101166,0.9799029231071472,512014,126,1.4653927092301702,0.32249876111745834,0.015191251412034035,0.9912201762199402,1045357,256,1.062848630413422,0.5919296378269792,0.40807968378067017,0.9213653206825256,69931,18,1.8791826073678992,0.09026467893272638,0.00018595556321088225,0.9999989867210388,11529520,2815,0.13639252871545562,6.797115426510572,7.884782559238374,0.09184301644563675,7.976625575684011,3.7472659749910235,11.723891550675035,0.058648908510804176
98,4.664946261153519,0.9445871999313734,0.2625947032377308,0.4197524696352091,0.2625947032377308,0.27407185236414716,0.9241788860235757,0.6306888722219026,0.0,0.0,0.9412249067105418,1.0,0.9697226771167623,2495335,2651157,0.0,0.0,0.0,6186,0,1.0,0.02828472183933396,0.055013404825737265,18137,513,0.9970423807359218,0.8098782008247818,0.8937668846065308,208540,169393,0.0,0.0,0.0,72600,0,0.0,0.0,0.0,19740,0,0.0,0.0,0.0,525,0,0.5109875202178955,0.8233610391616821,98189,24,1.7308367258293333,0.052316343411803246,0.03079255484044552,0.9803091883659363,512014,126,1.4714982272757642,0.30425173696130514,0.013790538534522057,0.9917778968811035,1045357,256,1.0554345081600032,0.5776407606899738,0.39846035838127136,0.9217657446861267,69931,18,1.8294991699057812,0.07867780886590481,0.00018451581127010286,0.9999987483024597,11529520,2815,0.1515869711923269,6.738565188832581,7.751451838761568,0.06155867502093315,7.813010513782501,3.7335915472358465,11.546602061018348,0.009935731999576092
99,4.593512301159859,0.94461236774932,0.2626936813705497,0.4197562302663823,0.2626936813705497,0.27420477041884617,0.9242092569646596,0.6431620887068566,0.0,0.0,0.9412501141041822,1.0,0.9697360554062716,2495335,2651086,0.0,0.0,0.0,6186,0,1.0,0.02867067320946132,0.0557431527040789,18137,520,0.9970434977604938,0.8101850963843867,0.8939541848215726,208540,169457,0.0,0.0,0.0,72600,0,0.0,0.0,0.0,19740,0,0.0,0.0,0.0,525,0,0.5270096659660339,0.823177695274353,98189,24,1.7306403323674295,0.06898913905024529,0.034634873270988464,0.9795299172401428,512014,126,1.4786168458121027,0.3700407976284623,0.013702191412448883,0.9911426901817322,1045357,256,1.0766019468077397,0.5647217538207769,0.402595192193985,0.9209792613983154,69931,18,1.8699045518551236,0.13361173029989004,0.0001797447621356696,0.9999991655349731,11529520,2815,0.1387041087091619,6.625303520821035,7.7626669416204095,0.07082785572856665,7.833494797348976,3.739885251969099,11.573380049318075,0.012222565710544586
100,4.572508363144398,0.9446159125124111,0.26272210628939063,0.41975675491909425,0.26272210628939063,0.27425262011822577,0.9242144474122063,0.6471365617939561,0.0,0.0,0.9412536645497903,1.0,0.9697379397020565,2495335,2651076,0.0,0.0,0.0,6186,0,1.0,0.028836080939515906,0.05605573419078242,18137,523,0.9970436198838691,0.8102186630862185,0.8939746669347415,208540,169464,0.0,0.0,0.0,72600,0,0.0,0.0,0.0,19740,0,0.0,0.0,0.0,525,0,0.4857886731624603,0.8262839913368225,98189,24,1.7121447175486333,0.055119660682976246,0.03090713731944561,0.9810317754745483,512014,126,1.4346358327789406,0.3367959279567003,0.013917221687734127,0.9921069741249084,1045357,256,1.0562903463541282,0.6263439785689116,0.3928890526294708,0.9217657446861267,69931,18,1.8349658347811066,0.09901210013777018,0.00019228282326366752,0.9999991059303284,11529520,2815,0.14234390303975028,6.63758356962353,7.754855236969888,0.05408650264143944,7.808941739611328,3.7537700897082686,11.562711829319596,0.01012209989130497
