round,mu,round_task_loss,round_proximal_penalty,round_total_loss,round_weight_mass,val_loss,accuracy,balanced_accuracy,macro_precision,macro_recall,macro_f1,weighted_f1,macro_pr_auc,worst_class_f1,worst_class_recall,precision_c0,recall_c0,f1_c0,support_c0,predicted_count_c0,precision_c1,recall_c1,f1_c1,support_c1,predicted_count_c1,precision_c2,recall_c2,f1_c2,support_c2,predicted_count_c2,precision_c3,recall_c3,f1_c3,support_c3,predicted_count_c3,precision_c4,recall_c4,f1_c4,support_c4,predicted_count_c4,precision_c5,recall_c5,f1_c5,support_c5,predicted_count_c5,precision_c6,recall_c6,f1_c6,support_c6,predicted_count_c6,train_loss_client_0,train_proximal_penalty_client_0,train_total_loss_client_0,train_weight_mass_client_0,train_accuracy_client_0,train_samples_client_0,train_batches_client_0,update_l2_client_0,train_seconds_client_0,train_loss_client_1,train_proximal_penalty_client_1,train_total_loss_client_1,train_weight_mass_client_1,train_accuracy_client_1,train_samples_client_1,train_batches_client_1,update_l2_client_1,train_seconds_client_1,train_loss_client_2,train_proximal_penalty_client_2,train_total_loss_client_2,train_weight_mass_client_2,train_accuracy_client_2,train_samples_client_2,train_batches_client_2,update_l2_client_2,train_seconds_client_2,train_loss_client_3,train_proximal_penalty_client_3,train_total_loss_client_3,train_weight_mass_client_3,train_accuracy_client_3,train_samples_client_3,train_batches_client_3,update_l2_client_3,train_seconds_client_3,train_loss_client_4,train_proximal_penalty_client_4,train_total_loss_client_4,train_weight_mass_client_4,train_accuracy_client_4,train_samples_client_4,train_batches_client_4,update_l2_client_4,train_seconds_client_4,round_train_seconds,aggregation_seconds,fl_round_seconds,validation_seconds,round_total_seconds,round_orchestration_seconds
1,1e-05,0.5708354748196106,9.279185095126137e-05,0.5709280530395777,13255007.5,0.6277567068326206,0.8146244872943285,0.6537250346017703,0.5082089131040889,0.6537250346017703,0.5206926379759793,0.8788490305237039,0.7071232302448651,0.0,0.0,0.9858605355135922,0.8060637148919885,0.8869419624647951,2495335,2040247,0.12537908855915816,0.9957969608794051,0.22271634398105464,6186,49131,0.6264465093785623,0.9998897281799636,0.7702926559911651,18137,28949,0.8317816655896736,0.9999328665963364,0.9081391348276928,208540,250698,0.9806670064807398,0.7420110192837466,0.8448075777059875,72600,54932,0.0,0.0,0.0,19740,394786,0.007327586206896552,0.03238095238095238,0.01195079086115993,525,2320,0.5667433142662048,9.62591657298617e-05,0.5668396353721619,2651474.0,0.4002249538898468,2651004,648,5.420778279045706,3.5819792420370504,0.5776294469833374,9.395639062859118e-05,0.5777229070663452,2651476.0,0.394243448972702,2651004,648,5.3799720295592,3.0824864450260065,0.5718950629234314,9.08941074158065e-05,0.5719863772392273,2650701.75,0.39306798577308655,2651002,648,5.284829728048402,3.108231413003523,0.5737076997756958,9.177871834253892e-05,0.5737991333007812,2650682.25,0.3896211087703705,2651001,648,5.418372166032525,3.0747348179575056,0.5642009973526001,9.106950165005401e-05,0.5642912983894348,2650673.5,0.39928629994392395,2651000,648,5.304457937619033,3.059565322007984,15.90699724003207,0.01107113400939852,15.918068374041468,4.137573099986184,20.055641474027652,1.010839357972145
2,1e-05,0.4076904210320693,6.821959884300751e-06,0.4076970788941378,13255005.75,0.6454268188516359,0.6842860297696294,0.6355553166846539,0.493670564076233,0.6355553166846539,0.5133862939104645,0.7607897500972951,0.7083826396065401,0.0,0.0,0.9832561146428187,0.6582715346837198,0.7885941023760686,2495335,1670580,0.5353324641460234,0.995635305528613,0.6962862472443615,6186,11505,0.6406542551312396,0.9998897281799636,0.7809404874687796,18137,28307,0.30579397096195665,0.9999568428119305,0.468360073803473,208540,681933,0.98984241332733,0.7570385674931129,0.8579278048780488,72600,55525,0.0,0.0,0.0,19740,348665,0.0008147303242626691,0.0380952380952381,0.0015953416025206398,525,24548,0.4028167128562927,6.33099080005195e-06,0.4028230309486389,2651473.0,0.4369872510433197,2651004,648,1.6864090020872924,3.11515311896801,0.4099116325378418,6.787508937122766e-06,0.4099181294441223,2651474.5,0.4354735016822815,2651004,648,1.7547110915084234,3.1167803470161743,0.40689030289649963,7.395594820991391e-06,0.4068971872329712,2650704.0,0.4397450387477875,2651002,648,1.7674693977784437,2.9024329379899427,0.41190603375434875,6.893953468534164e-06,0.41191282868385315,2650680.0,0.4417712390422821,2651001,648,1.8023114049172801,2.7812353009940125,0.4069282114505768,6.70190320306574e-06,0.4069350063800812,2650674.25,0.44367069005966187,2651000,648,1.7178031613574212,3.318138206959702,15.233739911927842,0.008444679027888924,15.24218459095573,4.174726797034964,19.416911387990694,0.012817408074624836
3,1e-05,0.38444956818698134,4.0079733571470765e-06,0.38445357138916586,13255013.75,0.6123091023086543,0.6879144492696547,0.6507168784303411,0.4463662634989723,0.6507168784303411,0.46749926319351853,0.7660900432987947,0.7061008277405348,0.0,0.0,0.9874532843032259,0.6595583358547049,0.7908663630033738,2495335,1666731,0.15602189781021897,0.9951503394762367,0.2697515446299461,6186,39456,0.6493250742955351,0.9998897281799636,0.7873485868102288,18137,27929,0.336490121180615,0.9994437517982162,0.503472448686267,208540,619406,0.9945700052858356,0.8552617079889807,0.9196702979315861,72600,62431,0.0,0.0,0.0,19740,370993,0.0007034616173755019,0.045714285714285714,0.0013856012932278736,525,34117,0.382455974817276,3.861206096189562e-06,0.38245993852615356,2651476.5,0.4477100074291229,2651004,648,1.3331212465348656,3.058708612981718,0.3835512697696686,3.242557340854546e-06,0.38355445861816406,2651476.5,0.4390506446361542,2651004,648,1.1874107045712963,2.7624481879756786,0.38832926750183105,5.09667006554082e-06,0.3883342444896698,2650703.0,0.4386269748210907,2651002,648,1.5264511510888794,2.6319662139867432,0.3855845630168915,3.4578647500893567e-06,0.3855884075164795,2650681.25,0.43352001905441284,2651001,648,1.3148998178845623,2.306356377026532,0.3823275864124298,4.381834060041001e-06,0.3823316693305969,2650676.5,0.4399335980415344,2651000,648,1.3149566568056164,2.8719742520479485,13.63145364401862,0.012964082008693367,13.644417726027314,4.184987178014126,17.82940490404144,0.021584829955827445
4,1e-05,0.3724207874310511,3.0086781207860473e-06,0.37242383344808866,13255014.5,0.6055756224466808,0.6755333007451446,0.6488340797747018,0.4470801171068556,0.6488340797747018,0.4666172484322151,0.7570050485391489,0.6217989547576026,0.0,0.0,0.9871987928731959,0.6455069159050789,0.7805982973497799,2495335,1631643,0.15636271272542546,0.9951503394762367,0.2702607779436298,6186,39370,0.6544804937024071,0.9998897281799636,0.7911268158617982,18137,27709,0.33599724156599137,0.9999712285412871,0.5029872814412276,208540,620642,0.9948270339525945,0.8556060606060606,0.9199792654028436,72600,62440,0.0,0.0,0.0,19740,404704,0.0006945449283750543,0.045714285714285714,0.0013683010262257698,525,34555,0.36981916427612305,2.7891630907106446e-06,0.36982226371765137,2651477.25,0.44701892137527466,2651004,648,1.016532574052484,2.4653542359592393,0.37228912115097046,2.6341492684878176e-06,0.37229159474372864,2651477.0,0.4405157268047333,2651004,648,1.1036907841913695,2.5564558900077827,0.3721652626991272,2.4011994810280157e-06,0.37216776609420776,2650703.75,0.4423866868019104,2651002,648,1.054637324941077,2.3067467309883796,0.3761325180530548,4.162299774179701e-06,0.376136839389801,2650680.75,0.43246909976005554,2651001,648,1.1999799117627186,2.3591897480073385,0.3716987073421478,3.056763034692267e-06,0.37170150876045227,2650675.75,0.4419498145580292,2651000,648,1.1416847697952235,2.323830043023918,12.011576647986658,0.013549371040426195,12.025126019027084,4.316319138975814,16.341445158002898,0.019283696019556373
5,1e-05,0.36489831000581213,2.885393093857164e-06,0.3649012805793671,13255016.0,0.623675903481882,0.6752546823661861,0.648608267998365,0.5033915591033667,0.648608267998365,0.5291194683999456,0.7577803718522197,0.6211329449416981,0.0,0.0,0.9871933928281283,0.6452312014218532,0.7803949795094383,2495335,1630955,0.5511190689346464,0.9951503394762367,0.709380041484213,6186,11170,0.6526903005218643,0.9998897281799636,0.7898175166586822,18137,27785,0.33609532497590444,0.9999472523256929,0.5030941415174683,208540,620446,0.9959055219255286,0.8543250688705234,0.9196983963404236,72600,62279,0.0,0.0,0.0,19740,435877,0.0007373045374950079,0.045714285714285714,0.0014512032893941227,525,32551,0.36096325516700745,3.821678092208458e-06,0.36096692085266113,2651476.5,0.4491000473499298,2651004,648,1.0575433792943016,3.2625001359847374,0.368058443069458,2.0738336843351135e-06,0.36806046962738037,2651477.75,0.4399857521057129,2651004,648,0.9548923715498026,3.075168973999098,0.3642348051071167,1.771518100213143e-06,0.36423665285110474,2650704.0,0.4399619400501251,2651002,648,0.8689957333191296,3.137575544998981,0.3667066693305969,3.1723077427159296e-06,0.36671024560928345,2650682.0,0.4403280019760132,2651001,648,1.1251722460999487,3.3186039819847792,0.3645286560058594,3.5876018955605105e-06,0.36453235149383545,2650675.75,0.43935343623161316,2651000,648,1.1953399923262393,3.2666174130281433,16.06046604999574,0.01198330899933353,16.072449358995073,4.192047864955384,20.264497223950457,0.0167612949735485
6,1e-05,0.3595398279941073,1.7131926465302767e-06,0.35954146416777777,13255011.0,0.6218926254504877,0.5805751236324747,0.6635060796494751,0.46880781165131674,0.6635060796494751,0.4712734999724617,0.703160476883612,0.620285350686,0.0,0.0,0.9863719023417543,0.6058036295727828,0.750605277583577,2495335,1532569,0.5524544557121063,0.9951503394762367,0.7104853136361013,6186,11143,0.6554740304333683,0.9998897281799636,0.7918522399790411,18137,27667,0.08820572790752589,0.18807902560659825,0.12009093622982066,208540,444665,0.9965667714817429,0.8556198347107438,0.920730442000415,72600,62332,0.0,0.0,0.0,19740,539340,0.002581793682719686,1.0,0.0051502903782765655,525,203347,0.35374510288238525,1.2903121842100518e-06,0.3537463843822479,2651475.5,0.44532713294029236,2651004,648,0.7494390141765142,3.12310011300724,0.3610271215438843,1.8290335219717235e-06,0.3610288202762604,2651475.0,0.43642786145210266,2651004,648,0.8157240068060738,3.304151934979018,0.3621932566165924,1.88904903097864e-06,0.36219489574432373,2650703.0,0.4391513168811798,2651002,648,0.9378968335243683,3.236778841994237,0.36205732822418213,1.9270892153144814e-06,0.3620593845844269,2650681.5,0.444013774394989,2651001,648,0.9285756172006123,3.14300042798277,0.35867759585380554,1.630569727240072e-06,0.3586791157722473,2650676.0,0.43873217701911926,2651000,648,0.8937889917577944,2.954350288026035,15.7613816059893,0.0018676799954846501,15.763249285984784,4.138020230981056,19.90126951696584,0.022681672067847103
7,1e-05,0.354627624745212,1.8046911954403171e-06,0.3546294542417547,13255012.75,0.6316896360555576,0.6809007810176518,0.6497009816302238,0.5062644279450732,0.6497009816302238,0.5320845849802874,0.7615928357232428,0.6211414942799917,0.0,0.0,0.9873171134561504,0.6515758405184073,0.785056737840348,2495335,1646786,0.5701583773270353,0.9951503394762367,0.724960254372019,6186,10797,0.6556162105491486,0.9998897281799636,0.791955980610507,18137,27661,0.33133239377092366,0.9999568428119305,0.4977402134594247,208540,629371,0.9974629070588991,0.8556198347107438,0.921112725762923,72600,62276,0.0,0.0,0.0,19740,431952,0.0019639934533551553,0.045714285714285714,0.0037661828167908982,525,12220,0.3528245687484741,2.0129079985053977e-06,0.35282641649246216,2651476.75,0.44032788276672363,2651004,648,0.8859727786981425,2.5651362710050307,0.3556705117225647,1.1798349532909924e-06,0.35567164421081543,2651478.0,0.43744030594825745,2651004,648,0.6665702421761588,2.8237791970022954,0.35388320684432983,1.360157170893217e-06,0.35388460755348206,2650702.25,0.43488913774490356,2651002,648,0.7689917320258797,2.782453230000101,0.3581969738006592,2.925828539446229e-06,0.35820022225379944,2650681.0,0.4361031949520111,2651001,648,1.0060348207274386,2.867944671015721,0.35256314277648926,1.5448557633135351e-06,0.35256457328796387,2650674.75,0.4398449659347534,2651000,648,0.7216008656911976,2.822807621967513,13.862120990990661,0.0034446129575371742,13.865565603948198,4.282821873028297,18.148387476976495,0.016172097995877266
8,1e-05,0.3521470273981258,1.5944995578358207e-06,0.35214872486917687,13255012.5,0.6324200444026249,0.6550736371360725,0.6455563785492712,0.5044901239052076,0.6455563785492712,0.5279738047896455,0.7430878806515877,0.6176588910709127,0.0,0.0,0.987315046860517,0.622366535956094,0.7634700578939464,2495335,1572966,0.5705413422321097,0.9949886841254445,0.7252268174855662,6186,10788,0.6354684981428271,0.9998897281799636,0.7770755222281736,18137,28538,0.3394920334129422,0.9999712285412871,0.5068929852344393,208540,614253,0.9977361762250337,0.8559641873278236,0.9214287832507932,72600,62284,0.0,0.0,0.0,19740,504892,0.0008777704630239193,0.045714285714285714,0.0017224674346000646,525,27342,0.34901511669158936,1.2426345392668736e-06,0.34901657700538635,2651476.75,0.44255080819129944,2651004,648,0.6567602263829241,2.4272199959959835,0.35415759682655334,1.4887987163092475e-06,0.3541592061519623,2651476.0,0.43905478715896606,2651004,648,0.7634592307485861,2.5296448469744064,0.35138535499572754,1.4159027159621473e-06,0.3513869643211365,2650702.5,0.434720903635025,2651002,648,0.7139767242795086,2.4405008039902896,0.35500088334083557,1.3873172974854242e-06,0.35500213503837585,2650681.0,0.4406018555164337,2651001,648,0.8980624947863337,3.135548443009611,0.35117655992507935,2.4379849037359236e-06,0.3511790931224823,2650676.25,0.43655526638031006,2651000,648,0.8308442103639003,2.4263485609553754,12.959262650925666,0.001386775984428823,12.960649426910095,4.228080817032605,17.1887302439427,0.01325493911281228
9,1e-05,0.3496398579405338,1.2936955471948045e-06,0.3496411640502036,13255012.5,0.6339522803042277,0.648416926527341,0.6444104883528785,0.5075363850364183,0.6444104883528785,0.529454096852257,0.7379681743235229,0.6177578012643739,0.0,0.0,0.9865894162168071,0.6148513125492169,0.7575750842498982,2495335,1555115,0.5722521852334015,0.9948270287746525,0.7265643447461629,6186,10754,0.6557584523594286,0.9998897281799636,0.7920597484276729,18137,27655,0.339501982140386,0.9999712285412871,0.5069040746255051,208540,614235,0.9977032171021988,0.8556198347107438,0.9212151771082818,72600,62261,0.0,0.0,0.0,19740,525765,0.0009494422027059103,0.045714285714285714,0.001860248808278107,525,25278,0.34776365756988525,1.405957959832449e-06,0.3477649390697479,2651476.75,0.43975716829299927,2651004,648,0.7301299792058459,2.739983132982161,0.35193517804145813,1.1039338687623967e-06,0.3519364595413208,2651475.25,0.4390702545642853,2651004,648,0.6190899830483292,2.6556437669787556,0.350528746843338,1.3724056771025062e-06,0.35053008794784546,2650702.5,0.43466055393218994,2651002,648,0.7219465624338961,2.258925929025281,0.35064026713371277,1.4640831977885682e-06,0.35064172744750977,2650682.0,0.43878254294395447,2651001,648,0.6924968668922431,2.3399486819980666,0.34733128547668457,1.1221191016375087e-06,0.3473324775695801,2650676.0,0.44023990631103516,2651000,648,0.7061673495919654,2.2833430119790137,12.277844522963278,0.001712527999188751,12.279557050962467,4.152231374988332,16.4317884259508,0.02575367403915152
10,1e-05,0.3477118442545003,1.3788447196661628e-06,0.3477132871052747,13255009.0,0.6332985558173589,0.6567371944547145,0.6457542529604934,0.5075437039492356,0.6457542529604934,0.5304572838010742,0.7443085557632095,0.617190404710809,0.0,0.0,0.986819449389245,0.6242576648025215,0.7647425435206252,2495335,1578538,0.5721457791000372,0.9948270287746525,0.7264785739582104,6186,10756,0.6556636176289815,0.9998897281799636,0.7919905668617346,18137,27659,0.3395135897260564,0.9999712285412871,0.5069170128616817,208540,614214,0.9977192418888532,0.8556198347107438,0.9212220080083049,72600,62260,0.0,0.0,0.0,19740,502219,0.0009442499114765708,0.045714285714285714,0.0018502813969624547,525,25417,0.3452214300632477,1.2929348258694517e-06,0.3452228307723999,2651475.0,0.437397301197052,2651004,648,0.7679859093124756,2.2775091390358284,0.3494810163974762,9.431485636923753e-07,0.3494820296764374,2651476.25,0.43642595410346985,2651004,648,0.5936448324073118,2.4506254689767957,0.3494771122932434,1.6416064454460866e-06,0.3494787812232971,2650703.75,0.42935124039649963,2651002,648,0.7803880186063186,2.6104811300174333,0.34990355372428894,1.8338372456128127e-06,0.349905401468277,2650680.5,0.4325777292251587,2651001,648,0.7674201718335222,2.567973894008901,0.34447628259658813,1.1828502692878828e-06,0.3444775938987732,2650673.5,0.4360294044017792,2651000,648,0.6674840481584705,2.7332186209969223,12.63980825303588,0.013147194986231625,12.652955448022112,4.327053048997186,16.9800084970193,0.016711682954337448
11,1e-05,0.34647941931246157,1.6027654659233745e-06,0.34648093289092957,13255011.5,0.6224920456525568,0.6523268002167977,0.6450201715772728,0.5055407880219779,0.6450201715772728,0.5284289087763846,0.7410240610234013,0.6158795281096222,0.0,0.0,0.9872675882848267,0.6192711599845311,0.7611224382491745,2495335,1565218,0.5776922354708478,0.9946653734238603,0.7308903011225277,6186,10651,0.6356912507010656,0.9998897281799636,0.7772420443587271,18137,28528,0.33953398254266237,0.9999808190275247,0.5069409752735733,208540,614183,0.997815401419989,0.8556198347107438,0.921262995535913,72600,62254,0.0,0.0,0.0,19740,509658,0.0007850577344542213,0.045714285714285714,0.0015436068947774634,525,30571,0.3431508243083954,9.79292053671088e-07,0.3431517481803894,2651477.25,0.43996840715408325,2651004,648,0.6311027732527478,2.851720081991516,0.34710264205932617,2.431991788398591e-06,0.3471050560474396,2651475.75,0.4350219666957855,2651004,648,0.8723299856602025,2.965530387009494,0.34562262892723083,9.533281968288065e-07,0.34562352299690247,2650703.5,0.43863943219184875,2651002,648,0.6124124147021713,2.692227443039883,0.3519043028354645,2.3205670913739596e-06,0.35190635919570923,2650680.75,0.4292929172515869,2651001,648,0.9547620233882284,2.8834439149941318,0.34461748600006104,1.3285917930261348e-06,0.3446187973022461,2650674.25,0.4342195391654968,2651000,648,0.7334374477421909,2.577957162982784,13.970878990017809,0.0017779410118237138,13.972656931029633,4.166147436015308,18.13880436704494,0.013246723974589258
12,1e-05,0.3440924783859568,1.0888324671695565e-06,0.3440935864574836,13255010.75,0.6250565291865987,0.6518883130224317,0.6449499815019056,0.5056481021879985,0.6449499815019056,0.528476525756775,0.740693206384863,0.6158980940270219,0.0,0.0,0.9872575096868247,0.6187750342138431,0.7607446083883611,2495335,1563980,0.5780178487552842,0.9946653734238603,0.7311508525934288,6186,10645,0.6357358199537264,0.9998897281799636,0.777275357349506,18137,28526,0.33953395225550564,0.9999856142706435,0.5069415576996472,208540,614186,0.9980398457583548,0.8556198347107438,0.921358647285672,72600,62240,0.0,0.0,0.0,19740,516269,0.0009517389062933735,0.045714285714285714,0.001864656980809572,525,25217,0.3415882885456085,1.0839636388482177e-06,0.34158918261528015,2651476.75,0.4373629689216614,2651004,648,0.6139492238085739,2.541344842989929,0.3455522656440735,1.0671568588804803e-06,0.3455537259578705,2651475.75,0.42933958768844604,2651004,648,0.6335934372335525,2.537596038018819,0.34554073214530945,1.0773565009003505e-06,0.3455418646335602,2650702.25,0.4330238103866577,2651002,648,0.6360309233744987,2.5709339850000106,0.34656915068626404,1.0551549394222093e-06,0.3465700149536133,2650681.5,0.42922013998031616,2651001,648,0.6630450032075625,3.0013120559742674,0.3412122428417206,1.1605387726376648e-06,0.3412134349346161,2650674.5,0.43401357531547546,2651000,648,0.655987248974828,3.0995959749561734,13.7507828969392,0.009771541983354837,13.760554438922554,4.289323790988419,18.049878229910973,0.012291951046790928
13,1e-05,0.3428962773867443,1.175435035127359e-06,0.34289739960394977,13255009.75,0.6113172478370733,0.6412036881133105,0.6432697705355349,0.505630043441593,0.6432697705355349,0.5272157064332793,0.7325013708016197,0.6153142296746515,0.0,0.0,0.9870528617759168,0.6066684433152262,0.751466170666758,2495335,1533698,0.5779135338345864,0.9940187520206919,0.7308926661119696,6186,10640,0.6359141594782243,0.9998897281799636,0.7774086378737541,18137,28518,0.3395361635476129,0.9999856142706435,0.5069440224036795,208540,614182,0.998042110668892,0.8566115702479339,0.9219342979127134,72600,62312,0.0,0.0,0.0,19740,546489,0.0009514747859181732,0.045714285714285714,0.0018641500640801585,525,25224,0.33960020542144775,7.278757720996509e-07,0.33960089087486267,2651475.75,0.4397183060646057,2651004,648,0.5174359092471533,2.6562196699669585,0.3443964719772339,8.90370301931398e-07,0.34439748525619507,2651475.25,0.4338948428630829,2651004,648,0.5706655256002715,2.6668732179678045,0.34126201272010803,8.473411412524001e-07,0.3412628769874573,2650703.5,0.43351230025291443,2651002,648,0.5641676439056151,2.5057716660085134,0.34663018584251404,1.8624872382133617e-06,0.3466319143772125,2650680.25,0.429869681596756,2651001,648,0.9464330007067869,2.4992288020439446,0.34259307384490967,1.5493241107833455e-06,0.3425944149494171,2650675.0,0.4345322549343109,2651000,648,0.7286420083233858,2.4584194850176573,12.786512841004878,0.006340964988339692,12.792853805993218,4.122949800977949,16.915803606971167,0.0146609409712255
14,1e-05,0.34335558548385964,1.9773604018126635e-06,0.3433575092846019,13255011.0,0.6004961612699048,0.6525430307653534,0.6467996576527083,0.5085712632785947,0.6467996576527083,0.5317191197071316,0.7412423014694692,0.6160545963754654,0.0,0.0,0.9873102723718997,0.619136107977486,0.761033106214952,2495335,1564809,0.5778988911858673,0.9941804073714839,0.7309246493938674,6186,10642,0.656066854786195,0.9998897281799636,0.7922846720111841,18137,27642,0.3395621483875695,0.9999856142706435,0.506972984471389,208540,614135,0.9982114593225704,0.8686914600550965,0.9289586095153926,72600,63180,0.0,0.0,0.0,19740,515371,0.0009492168960607499,0.045714285714285714,0.0018598163431361153,525,25284,0.33879712224006653,7.090986855473602e-07,0.33879753947257996,2651476.5,0.43993067741394043,2651004,648,0.5593765695853895,2.783564196957741,0.3435450494289398,1.0319613465981092e-06,0.34354615211486816,2651474.0,0.4273146986961365,2651004,648,0.7147718928262732,2.65333915699739,0.34293824434280396,1.310796506004408e-06,0.3429393768310547,2650702.5,0.426967978477478,2651002,648,0.6981947146630054,2.683839140983764,0.34987926483154297,5.772906661150046e-06,0.3498851954936981,2650681.5,0.4254351556301117,2651001,648,1.1817137260130353,2.966507013014052,0.3416195511817932,1.0627055644363281e-06,0.3416205644607544,2650676.5,0.432548463344574,2651000,648,0.6799460467759129,2.9543445269810036,14.04159403493395,0.002049081027507782,14.043643115961459,4.272237352968659,18.315880468930118,0.013919537072069943
15,1e-05,0.34137552000853716,1.2304091448581973e-06,0.3413767506752116,13255010.75,0.6043156595041839,0.6505161352298762,0.6464723039535629,0.508586358747593,0.6464723039535629,0.5314874455748102,0.7396969409052768,0.6170587451260449,0.0,0.0,0.9872624660619989,0.6168446320834677,0.7592854035143798,2495335,1559093,0.5780075187969925,0.9941804073714839,0.7310115297753477,6186,10640,0.656066854786195,0.9998897281799636,0.7922846720111841,18137,27642,0.3395621483875695,0.9999856142706435,0.506972984471389,208540,614135,0.9982430592927918,0.8686914600550965,0.9289722930077038,72600,63178,0.0,0.0,0.0,19740,521439,0.0009624639076034649,0.045714285714285714,0.0018852362436667844,525,24936,0.33786991238594055,1.2384140291032963e-06,0.33787116408348083,2651476.0,0.43706345558166504,2651004,648,0.6662697195481628,2.9176194460014813,0.3429664969444275,9.971990948542953e-07,0.34296759963035583,2651477.0,0.4246557056903839,2651004,648,0.6241896880606399,2.942695898003876,0.34208112955093384,1.710730543891259e-06,0.34208279848098755,2650701.0,0.43090876936912537,2651002,648,0.7354060654845175,2.9050964929629117,0.3435268998146057,7.012242235759913e-07,0.343527615070343,2650680.75,0.42932990193367004,2651001,648,0.4944687299894211,2.503902183030732,0.3404337465763092,1.5045422969706124e-06,0.3404351770877838,2650676.0,0.43418028950691223,2651000,648,0.6836829346994355,2.3587559440056793,13.62806996400468,0.0012565010110847652,13.629326465015765,4.220268646022305,17.84959511103807,0.013587924011517316
16,1e-05,0.3398139188573257,1.3488631677610856e-06,0.33981527211917334,13255010.5,0.5961348586697408,0.6449536929873597,0.7872779395979743,0.5158001093884667,0.7872779395979743,0.5403352976174133,0.7337569264919414,0.6164621620472619,0.0018742678641155799,0.045714285714285714,0.9999222033086866,0.6026457369451397,0.7520415677419919,2495335,1503920,0.581081081081081,0.9940187520206919,0.7334208015267175,6186,10582,0.6572080887149381,0.9998897281799636,0.7931162668649275,18137,27594,0.33956657173516225,0.9999856142706435,0.5069779145146214,208540,614127,0.9976272205261243,0.8686914600550965,0.928705537598386,72600,63217,0.03423885329327815,1.0,0.06621072721113307,19740,576538,0.0009567470599960136,0.045714285714285714,0.0018742678641155799,525,25085,0.3356591761112213,7.261730843310943e-07,0.33565980195999146,2651475.0,0.4406141936779022,2651004,648,0.5475765313948362,2.4133578580222093,0.3412199020385742,9.05195747691323e-07,0.3412207365036011,2651475.5,0.42795032262802124,2651004,648,0.5144189041337696,2.3530849380185828,0.3396914303302765,7.563325539194921e-07,0.3396921753883362,2650703.25,0.42888084053993225,2651002,648,0.578372297121374,2.609322232019622,0.34316036105155945,2.1416956315079005e-06,0.3431626260280609,2650681.25,0.43225106596946716,2651001,648,0.7812361726431281,2.827865485975053,0.3393395245075226,2.2152451037982246e-06,0.33934181928634644,2650675.5,0.4321901202201843,2651000,648,0.8726686225238569,2.618281970033422,12.82191248406889,0.0014944190043024719,12.823406903073192,4.14968372695148,16.97309063002467,0.012385051930323243
17,1e-05,0.3388640235458207,7.796247526656792e-07,0.33886484870574846,13255006.25,0.5753605889957492,0.6499904468634695,0.7880914003729232,0.5154534541846167,0.7880914003729232,0.5408323663582925,0.7376694363183423,0.6177022062320869,0.0018838304552590266,0.045714285714285714,0.9999222727961373,0.608339962369782,0.7564595679792897,2495335,1518130,0.5780221846211694,0.9940187520206919,0.7309795530194959,6186,10638,0.6571366452875312,0.9998897281799636,0.7930642410460489,18137,27597,0.33957873653528303,0.9999856142706435,0.5069914726279258,208540,614105,0.9974536597709875,0.8686914600550965,0.9286303265895103,72600,63228,0.03509894916519977,1.0,0.06781757279051791,19740,562410,0.0009617311160088159,0.045714285714285714,0.0018838304552590266,525,24955,0.3357436954975128,9.712078963275417e-07,0.3357445299625397,2651474.0,0.4309355914592743,2651004,648,0.5876725820618928,3.1892075079958886,0.3407506048679352,8.116591629914183e-07,0.3407515585422516,2651475.25,0.43339693546295166,2651004,648,0.5353564756659257,2.915659674035851,0.3402307629585266,8.063257723733841e-07,0.3402314782142639,2650701.75,0.4291037917137146,2651002,648,0.6383150730690724,3.0063746799714863,0.3403710424900055,6.298806169979798e-07,0.340371698141098,2650680.0,0.42697304487228394,2651001,648,0.4821784188772727,2.941133281972725,0.3372243642807007,6.789829853914853e-07,0.3372253477573395,2650675.25,0.43748998641967773,2651000,648,0.5437420295245575,2.9368949880008586,14.98927013197681,0.002028161019552499,14.991298292996362,4.275385459011886,19.266683752008248,0.012926830037031323
18,1e-05,0.33845297181616396,8.728462639983995e-07,0.3384538441279067,13255009.0,0.5776185405637512,0.6602592710620074,0.7897729028711432,0.5163073831991434,0.7897729028711432,0.5430799162662862,0.7456386264983675,0.7076181211446074,0.0018825005882814338,0.045714285714285714,0.9999198502492399,0.6199488245065292,0.7653696196776253,2495335,1547104,0.5811206652178021,0.9941804073714839,0.7334963325183375,6186,10583,0.6571604580373968,0.9998897281799636,0.7930815822272758,18137,27596,0.34023859791096306,0.9999856142706435,0.5077265434217862,208540,612914,0.9978324156698943,0.8686914600550965,0.9287944390445053,72600,63204,0.036918657387752504,1.0,0.07120839638619192,19740,534689,0.000961037920954631,0.045714285714285714,0.0018825005882814338,525,24973,0.33502277731895447,6.222246611287119e-07,0.33502328395843506,2651476.5,0.43515172600746155,2651004,648,0.47409345161246175,2.447249334945809,0.3415789306163788,1.467260858589725e-06,0.34158068895339966,2651475.25,0.42826151847839355,2651004,648,0.6469009874342518,3.0143310709972866,0.3387105166912079,8.401897844123596e-07,0.33871132135391235,2650703.75,0.4288593530654907,2651002,648,0.5451496664637419,2.5803667919826694,0.33986347913742065,6.549336148964358e-07,0.33986419439315796,2650679.0,0.42832574248313904,2651001,648,0.4990607948000141,2.49235666700406,0.3370892405509949,7.795194392201665e-07,0.33708980679512024,2650674.5,0.43514031171798706,2651000,648,0.7017146592418059,2.959082180983387,13.493386045913212,0.00152791099390015,13.494913956907112,4.078448968008161,17.573362924915273,0.013193051097914577
19,1e-05,0.3377272107610016,1.0440278285648522e-06,0.3377282339589068,13255011.5,0.5904584997587572,0.6608689703136725,0.789871372329438,0.5162837131951042,0.789871372329438,0.5431154967736145,0.7460521068044315,0.7009833842169881,0.0018864958339883666,0.045714285714285714,0.9999076730178591,0.6206381107145934,0.7658911155740424,2495335,1548843,0.5816152827690562,0.9941804073714839,0.733890214797136,6186,10574,0.6563993050528449,0.9998897281799636,0.7925270403146509,18137,27628,0.33958260733628837,0.9999856142706435,0.5069957867251452,208540,614098,0.9984010891590679,0.8686914600550965,0.9290407165164103,72600,63168,0.03711691452015952,1.0,0.07157710765392795,19740,531833,0.0009631205104538705,0.045714285714285714,0.0018864958339883666,525,24919,0.3349705934524536,8.510492648383661e-07,0.3349713385105133,2651476.5,0.4331373870372772,2651004,648,0.5713941324643316,2.9715206539840437,0.3414735198020935,1.540232915431261e-06,0.34147506952285767,2651475.5,0.4284731447696686,2651004,648,0.8669872517218602,2.983922348008491,0.3384906053543091,1.452927108402946e-06,0.3384920656681061,2650702.75,0.42977145314216614,2651002,648,0.7298232078203252,3.2809179149917327,0.3393948972225189,7.410639568661281e-07,0.339395672082901,2650682.0,0.4284939765930176,2651001,648,0.5174450723553979,3.002379792975262,0.33430612087249756,6.347707994791563e-07,0.3343066871166229,2650674.75,0.4256480634212494,2651000,648,0.5288548427304406,2.7435178750311024,14.982258584990632,0.001430728007107973,14.98368931299774,4.801680400967598,19.785369713965338,0.014132566982880235
20,1e-05,0.3372553732031562,8.222424797958444e-07,0.33725613706512914,13255012.5,0.5733300535698248,0.6255177569589903,0.8019121216999502,0.498815627537563,0.8019121216999502,0.5148841516433297,0.7305614632846384,0.6265872004531339,0.005103657892384335,0.5331159489786133,0.9999172149023524,0.6195737245700477,0.7650829257502214,2495335,1546172,0.5816857440166493,0.9940187520206919,0.7339022498060512,6186,10571,0.6570890249646726,0.9998897281799636,0.7930295609585447,18137,27599,0.21575842260518552,0.5331159489786133,0.307192395899533,208540,515280,0.9978482034080661,0.8686914600550965,0.9288012783222757,72600,63203,0.036848019652277145,1.0,0.07107699287429742,19740,535714,0.0025627632137377168,0.5980952380952381,0.005103657892384335,525,122524,0.33470094203948975,8.495927090734767e-07,0.3347018361091614,2651475.0,0.43283146619796753,2651004,648,0.5784362944798296,2.4278402519994415,0.34002113342285156,1.0698794312702375e-06,0.34002211689949036,2651477.5,0.43090125918388367,2651004,648,0.5706945755737252,2.4979636240168475,0.33627426624298096,7.270531341418973e-07,0.3362749218940735,2650702.75,0.432230144739151,2651002,648,0.5446866042006125,2.7677793059847318,0.3390425145626068,7.382269586742041e-07,0.33904314041137695,2650681.75,0.42949360609054565,2651001,648,0.5244799824259339,2.76739421201637,0.33623793721199036,7.263781185429252e-07,0.3362385928630829,2650675.5,0.4329271912574768,2651000,648,0.5861569637329931,2.7767506440286525,13.237728038046043,0.0011900460231117904,13.238918084069155,4.16371724801138,17.402635332080536,0.01232058194000274
21,1e-05,0.3364160493859992,1.190634473894111e-06,0.3364172564765927,13255011.75,0.5771867660090286,0.6399580583631064,0.7862868288116385,0.5310272171095842,0.7862868288116385,0.5508165571625063,0.7300269610381527,0.623443201693335,0.0018914020017337851,0.045714285714285714,0.9999214678135498,0.5970012042471251,0.7476308413442839,2495335,1489835,0.6879901411606543,0.992725509214355,0.8127316040232927,6186,8926,0.6569224081721365,0.9998897281799636,0.7929082045340271,18137,27606,0.33958316031506425,0.9999856142706435,0.5069964030307413,208540,614097,0.998495931097812,0.8686914600550965,0.9290817754599962,72600,63162,0.03331173302012879,1.0,0.06447566974346915,19740,592584,0.0009656781877439343,0.045714285714285714,0.0018914020017337851,525,24853,0.3343963325023651,1.108439846575493e-06,0.3343975245952606,2651475.25,0.4364478588104248,2651004,648,0.5787982799346607,2.7853946869727224,0.3380197286605835,8.51679828883789e-07,0.33802032470703125,2651477.5,0.4274750053882599,2651004,648,0.5315119556810923,2.7943248779629357,0.33593571186065674,8.325290536959074e-07,0.3359368145465851,2650704.25,0.4333312511444092,2651002,648,0.5617196641015598,2.774409563979134,0.3399032652378082,2.4021130684559466e-06,0.3399057686328888,2650679.75,0.4262661337852478,2651001,648,0.8626076398602337,3.0263558870065026,0.33382534980773926,7.585398407172761e-07,0.3338259756565094,2650675.0,0.42833495140075684,2651000,648,0.49778647206802273,2.769015178026166,14.14950019394746,0.000990360975265503,14.150490554922726,4.162530147994403,18.31302070291713,0.011783064051996917
22,1e-05,0.33594670200374416,1.1028899813456244e-06,0.3359477299169246,13255010.5,0.5807021970841075,0.6490677450308625,0.7877580884678712,0.5160795942820371,0.7877580884678712,0.5411577853633377,0.7370226454795744,0.7105713183721521,0.0015772870662460567,0.045714285714285714,0.9999227994884972,0.6073000218407548,0.7556551959188894,2495335,1515534,0.5815340909090909,0.992725509214355,0.7334288785381584,6186,10560,0.6569700043471961,0.9998897281799636,0.7929428740080016,18137,27604,0.3402347121407163,0.9999856142706435,0.507722216879438,208540,612921,0.9979271495933416,0.8686914600550965,0.9288354762220357,72600,63198,0.0351659157835105,1.0,0.06794256891059564,19740,561339,0.0008024877119069114,0.045714285714285714,0.0015772870662460567,525,29907,0.33249902725219727,1.10403300368489e-06,0.3324999511241913,2651477.0,0.43109214305877686,2651004,648,0.5811718985801707,3.0143480629776604,0.3389250338077545,1.988791382245836e-06,0.3389269709587097,2651475.25,0.4235338568687439,2651004,648,0.8109363619754134,2.766580283001531,0.33593133091926575,7.783218052281882e-07,0.3359321057796478,2650703.5,0.4284074306488037,2651002,648,0.5741008342290047,2.794654247001745,0.33829134702682495,8.717504442756763e-07,0.3382922112941742,2650681.25,0.4257727563381195,2651001,648,0.5880622979454901,2.7457680240040645,0.33408689498901367,7.712893648204044e-07,0.3340875804424286,2650673.5,0.43639644980430603,2651000,648,0.689187954826062,2.7773711800109595,14.09872179699596,0.0013830490061081946,14.100104846002068,4.092454446014017,18.192559292016085,0.01368020597146824
23,1e-05,0.3355273023826103,7.560769355854231e-07,0.33552801437750623,13255010.75,0.5663251955332115,0.6634059572579556,0.7900737809786679,0.5317113167085152,0.7900737809786679,0.554916666007262,0.7481852564153547,0.7045437758515362,0.001890284724136573,0.045714285714285714,0.9999215932256547,0.6235098694163309,0.7680779834143069,2495335,1555988,0.6882214501849154,0.992725509214355,0.8128929776954134,6186,8923,0.6570176074197522,0.9998897281799636,0.7929775465139159,18137,27602,0.33977349194219825,0.9999856142706435,0.5072085011060534,208540,613753,0.9986066028026285,0.8686914600550965,0.9291296821479872,72600,63155,0.037473375679133746,1.0,0.07223968644902051,19740,526774,0.0009650957053241113,0.045714285714285714,0.001890284724136573,525,24868,0.332548588514328,7.237823069772276e-07,0.33254921436309814,2651474.75,0.4312290549278259,2651004,648,0.5311473375148684,2.7652649699593894,0.33779457211494446,8.346632967004552e-07,0.3377954065799713,2651476.0,0.4309801161289215,2651004,648,0.5379362618600216,2.7444338360219263,0.3347814381122589,6.469699656008743e-07,0.33478203415870667,2650704.25,0.42836859822273254,2651002,648,0.5014960568082615,2.7517967830062844,0.3387070596218109,6.809856358813704e-07,0.33870774507522583,2650679.25,0.42671504616737366,2651001,648,0.5102607757388852,2.97217444202397,0.3338050842285156,8.939707640820416e-07,0.3338058888912201,2650676.5,0.4313587248325348,2651000,648,0.5557770530382959,2.7769110050285235,14.010581036040094,0.0013569500297307968,14.011937986069825,4.078980405989569,18.090918392059393,0.01295634696725756
24,1e-05,0.33570283290534436,8.883825266500746e-07,0.335703733507939,13255014.0,0.5681350664815841,0.6549846635824864,0.7887367365826689,0.5162626335741198,0.7887367365826689,0.5421675598558029,0.7415666055007366,0.6288183096185481,0.0015821220211608821,0.045714285714285714,0.9999145041994102,0.6139889032935457,0.7608093606722062,2495335,1532239,0.5814085573646346,0.9928871645651471,0.7333731343283582,6186,10564,0.6571366452875312,0.9998897281799636,0.7930642410460489,18137,27597,0.33978843979235035,0.9999856142706435,0.5072251558498102,208540,613726,0.998495931097812,0.8686914600550965,0.9290817754599962,72600,63162,0.036289366333248155,1.0,0.07003712961303954,19740,543961,0.0008049909438518816,0.045714285714285714,0.0015821220211608821,525,29814,0.33306291699409485,8.101011417238624e-07,0.33306369185447693,2651476.25,0.43324151635169983,2651004,648,0.5889539697185959,2.8194431390147656,0.339040607213974,1.6272952052531764e-06,0.3390423059463501,2651475.0,0.4264965355396271,2651004,648,1.1520965717192366,2.3051577549776994,0.3349333107471466,7.257802394633472e-07,0.3349340856075287,2650704.25,0.42938897013664246,2651002,648,0.5878610934241466,2.230787042004522,0.3381977081298828,6.900737616888364e-07,0.3381984531879425,2650681.5,0.42409640550613403,2651001,648,0.5109840101170352,2.2290310420212336,0.33327943086624146,5.884654115106969e-07,0.33327993750572205,2650677.0,0.4301289916038513,2651000,648,0.5914020692823685,2.2257068550097756,11.810125833027996,0.0010888970573432744,11.81121473008534,4.106361889978871,15.91757662006421,0.015403444995172322
25,1e-05,0.33506925842335605,7.934796091717883e-07,0.33507004586133066,13255012.25,0.553049904383066,0.8090911121091588,0.813602657290437,0.6235294314652368,0.813602657290437,0.6404908916017804,0.8841835290584833,0.7138762075066855,0.001897083234526915,0.045714285714285714,0.9999273003097109,0.7882120035987152,0.8815361298836863,2495335,1966996,0.6910871033085753,0.992725509214355,0.8148885350318471,6186,8886,0.6573510221835581,0.9998897281799636,0.7932203389830509,18137,27588,0.9784865006897457,0.9999856142706435,0.9891192471695339,208540,213122,0.9986698547924815,0.8686914600550965,0.9291570596165037,72600,63151,0.038215598701366586,1.0,0.07361784729331342,19740,516543,0.000968640271219276,0.045714285714285714,0.001897083234526915,525,24777,0.3322788178920746,7.686721801292151e-07,0.3322795033454895,2651475.5,0.4330298900604248,2651004,648,0.633855565304194,2.2201368379755877,0.33723050355911255,7.537429951298691e-07,0.33723124861717224,2651475.25,0.42802196741104126,2651004,648,0.5560387406610008,2.2220159000135027,0.33533141016960144,1.066621962309e-06,0.3353324830532074,2650704.0,0.4311928153038025,2651002,648,0.5542547960603907,2.245367740979418,0.33790814876556396,7.601254310429795e-07,0.33790892362594604,2650680.5,0.42913222312927246,2651001,648,0.5132946523512618,2.320737139962148,0.33259761333465576,6.182521588016243e-07,0.3325982391834259,2650677.0,0.4280603528022766,2651000,648,0.49423974912614266,2.613470323034562,11.621727941965219,0.009225797024555504,11.630953738989774,4.130985293013509,15.761939032003284,0.01450861501507461
26,1e-05,0.33500854893718396,9.985633108697643e-07,0.3350094731160242,13255010.25,0.555976532127444,0.6649617537786289,0.790325049846375,0.5322583584441826,0.790325049846375,0.5555909288254659,0.749412589559353,0.7124536150649562,0.0015822263242904703,0.045714285714285714,0.9999070751089464,0.6252687514902808,0.769406778302823,2495335,1560400,0.6910871033085753,0.992725509214355,0.8148885350318471,6186,8886,0.6570652173913043,0.9998897281799636,0.7930122220521678,18137,27600,0.3402530315489943,0.9999856142706435,0.5077426140818185,208540,612888,0.9986066028026285,0.8686914600550965,0.9291296821479872,72600,63155,0.03808443400048618,1.0,0.0733744438373273,19740,518322,0.0008050449483429492,0.045714285714285714,0.0015822263242904703,525,29812,0.3315153121948242,9.172757700071088e-07,0.33151617646217346,2651473.0,0.4323641061782837,2651004,648,0.5260742377278884,2.2959780549863353,0.3366638422012329,8.532070978617412e-07,0.3366646468639374,2651476.75,0.4246983230113983,2651004,648,0.5414028623813484,2.3286924799904227,0.3358610272407532,1.0062059345727903e-06,0.3358619809150696,2650704.25,0.43070167303085327,2651002,648,0.5518805158527527,2.3154789499822073,0.33900827169418335,1.200247652377584e-06,0.33900928497314453,2650681.25,0.432653546333313,2651001,648,0.843560352166206,2.301502596004866,0.33199483156204224,1.015947987070831e-06,0.33199581503868103,2650675.0,0.428777813911438,2651000,648,0.5311188935958031,2.2925050380290486,11.53415711899288,0.0010604129638522863,11.535217531956732,4.2112585050053895,15.746476036962122,0.011192122008651495
27,1e-05,0.333974645742985,7.38631379418749e-07,0.3339754190353382,13255012.75,0.5497284260733486,0.6672109059599165,0.7906882990980499,0.532320287783582,0.7906882990980499,0.5559575035071324,0.7511149398427369,0.7732750986398329,0.0018909549322407816,0.045714285714285714,0.9999087278513451,0.6278114962520063,0.7713293540892124,2495335,1566743,0.6911648846370287,0.992725509214355,0.8149426050029859,6186,8885,0.6572319066429891,0.9998897281799636,0.793133610321452,18137,27593,0.3402574729147631,0.9999856142706435,0.5077475591049646,208540,612880,0.9985275490816973,0.8686914600550965,0.9290954625810254,72600,63160,0.038186028246827985,1.0,0.07356297851804511,19740,516943,0.0009654451104227845,0.045714285714285714,0.0018909549322407816,525,24859,0.3309469521045685,6.773673817406234e-07,0.3309476375579834,2651477.75,0.4309578537940979,2651004,648,0.6767760851623954,2.8323610330116935,0.3365563452243805,6.744905931554968e-07,0.3365570306777954,2651474.75,0.42613402009010315,2651004,648,0.5594374809420422,2.2706403710180894,0.33369410037994385,7.725324167040526e-07,0.33369505405426025,2650704.0,0.42990195751190186,2651002,648,0.589213548558669,2.5274626469472423,0.33603814244270325,6.143579298623081e-07,0.336038738489151,2650681.5,0.42661619186401367,2651001,648,0.4825832742711514,2.2602463189978153,0.33263781666755676,9.544463637212175e-07,0.33263877034187317,2650674.75,0.43350547552108765,2651000,648,0.4780121112633152,2.223054851987399,12.11376522196224,0.0015890459762886167,12.115354267938528,4.17159660498146,16.286950872919988,0.01741837407462299
28,1e-05,0.3345900967962047,1.3678034680372988e-06,0.33459145948814006,13255013.5,0.5496677260091799,0.6656866578307539,0.7904421254523128,0.5322811091529331,0.7904421254523128,0.5556849145059802,0.7499632198496871,0.7137733261880894,0.001894537417113988,0.045714285714285714,0.9999180762249524,0.6260882807318456,0.7700301865831001,2495335,1562428,0.6910871033085753,0.992725509214355,0.8148885350318471,6186,8886,0.6571842725131365,0.9998897281799636,0.7930989241668853,18137,27595,0.34025969364112807,0.9999856142706435,0.5077500316526583,208540,612876,0.9986856690419635,0.8686914600550965,0.9291639042357275,72600,63150,0.03786563645536209,1.0,0.07296828245452883,19740,521317,0.0009673128854137278,0.045714285714285714,0.001894537417113988,525,24811,0.33131110668182373,5.248884917818941e-07,0.33131155371665955,2651475.0,0.4378329813480377,2651004,648,0.44640578671488673,2.9123848500312306,0.33614930510520935,7.773930406074214e-07,0.33615002036094666,2651476.25,0.4251404404640198,2651004,648,0.5191495593947609,2.9509367540013045,0.3345666527748108,7.819844540790655e-07,0.3345673084259033,2650704.75,0.4352361857891083,2651002,648,0.4585446622979997,2.7649199920124374,0.33799007534980774,9.391977755512926e-07,0.33799120783805847,2650681.25,0.42810431122779846,2651001,648,0.5470142048431664,2.7886763740098104,0.33293387293815613,3.8159928408276755e-06,0.33293771743774414,2650676.25,0.4332576394081116,2651000,648,0.8965830935883884,2.7849368670140393,14.201854837068822,0.0013537229970097542,14.203208560065832,4.1013497020467184,18.30455826211255,0.012486573948990554
29,1e-05,0.33325848742254865,9.041328545619567e-07,0.3332594728989464,13255010.5,0.5516729719236038,0.6674189835533627,0.7907219046631774,0.5323276012053281,0.7907219046631774,0.5559892386688526,0.7512727554098695,0.7131777504653095,0.0018917001655237645,0.045714285714285714,0.9999074860973935,0.6280467352078979,0.7715065005327781,2495335,1567332,0.6910871033085753,0.992725509214355,0.8148885350318471,6186,8886,0.6571842725131365,0.9998897281799636,0.7930989241668853,18137,27595,0.3402491454490573,0.9999856142706435,0.5077382872655779,208540,612895,0.9986698547924815,0.8686914600550965,0.9291570596165037,72600,63151,0.03822951264149665,1.0,0.07364366390285304,19740,516355,0.0009658336351563443,0.045714285714285714,0.0018917001655237645,525,24849,0.3301480710506439,8.77035404300841e-07,0.3301490545272827,2651476.25,0.43280282616615295,2651004,648,0.6262042917179491,2.8014109539799392,0.3346881568431854,7.878508085923386e-07,0.3346889317035675,2651474.25,0.4254814386367798,2651004,648,0.5540417596660135,2.6677197699900717,0.3336102366447449,6.940621233297861e-07,0.333611398935318,2650702.75,0.43095213174819946,2651002,648,0.5305332411057094,2.7790795210166834,0.3365847170352936,1.2329531955401762e-06,0.3365858793258667,2650681.25,0.4240643382072449,2651001,648,0.6850513333304977,2.2527940860018134,0.3312617838382721,9.288074807045632e-07,0.33126258850097656,2650676.0,0.43678686022758484,2651000,648,0.601571071590007,2.7211463460116647,13.222150677000172,0.0010927739785984159,13.22324345097877,4.098774161015172,17.322017611993942,0.012782609032001346
30,1e-05,0.33351169198410496,8.721860329137359e-07,0.33351253128934655,13255010.75,0.5456931028816194,0.8092027721465277,0.8136206909412295,0.6235525446065247,0.8136206909412295,0.6405192872541876,0.8842567870089054,0.7432562482247402,0.001899560726581978,0.045714285714285714,0.9999268036793351,0.7883382391542618,0.8816148801372817,2495335,1967312,0.6910871033085753,0.992725509214355,0.8148885350318471,6186,8886,0.6573986804901036,0.9998897281799636,0.7932550357588085,18137,27586,0.9785645573778184,0.9999856142706435,0.9891591267535486,208540,213105,0.9986856690419635,0.8686914600550965,0.9291639042357275,72600,63150,0.03823506624312389,1.0,0.07365396813551733,19740,516280,0.0009699321047526673,0.045714285714285714,0.001899560726581978,525,24744,0.3289591073989868,7.201864491435117e-07,0.3289598524570465,2651475.25,0.43241652846336365,2651004,648,0.49416754530527496,2.172307960980106,0.33507412672042847,8.948234722083726e-07,0.33507490158081055,2651475.75,0.4295293390750885,2651004,648,0.5133917060569445,2.7054726220085286,0.3346872925758362,7.36021320335567e-07,0.3346879482269287,2650705.25,0.43183860182762146,2651002,648,0.5031817206319495,2.7593590629985556,0.3359924852848053,6.425245260288648e-07,0.33599308133125305,2650680.25,0.4238172471523285,2651001,648,0.49087324986928726,2.719659392023459,0.3328463137149811,1.3674156207343913e-06,0.3328477740287781,2650674.25,0.43090078234672546,2651000,648,0.6219856410064456,2.8306572920409963,13.187456330051646,0.0017948630265891552,13.189251193078235,4.066401178017259,17.255652371095493,0.021967168955598027
31,1e-05,0.3334291383140192,1.3518915551048666e-06,0.3334304538544807,13255008.5,0.5433248913795055,0.8073864355386604,0.8133273435550067,0.6235569815559314,0.8133273435550067,0.6403075878729122,0.883121661962503,0.7451410893760718,0.0015894039735099338,0.045714285714285714,0.9999266125366173,0.7862848074507031,0.8803292770446726,2495335,1962188,0.6911648846370287,0.992725509214355,0.8149426050029859,6186,8885,0.6574940178377202,0.9998897281799636,0.7933244384172882,18137,27582,0.9786150712830958,0.9999856142706435,0.989184932903893,208540,213094,0.9986698547924815,0.8686914600550965,0.9291570596165037,72600,63151,0.03821966822075246,1.0,0.07362539815153256,19740,516488,0.0008087615838247683,0.045714285714285714,0.0015894039735099338,525,29675,0.3304716944694519,5.487493695000012e-07,0.3304722011089325,2651475.75,0.43308308720588684,2651004,648,0.4866160240537,2.8075428669690154,0.33482110500335693,7.375962809419434e-07,0.33482176065444946,2651475.0,0.42607367038726807,2651004,648,0.4699098317866567,2.797060910030268,0.3330211937427521,6.325025765363534e-07,0.3330218195915222,2650703.5,0.42764922976493835,2651002,648,0.4433828563763345,2.8141003790078685,0.3353573977947235,4.900719545730681e-07,0.3353576958179474,2650679.0,0.4297184348106384,2651001,648,0.42452891506432483,2.8058969950070605,0.3334747850894928,4.350974450062495e-06,0.33347928524017334,2650675.25,0.43044549226760864,2651000,648,1.0712994337666566,2.43429789703805,13.658899048052263,0.0022542760125361383,13.661153324064799,4.2013520209584385,17.862505345023237,0.014614381943829358
32,1e-05,0.33288840254451696,7.545789416037214e-07,0.3328892465649406,13255011.0,0.5419204767566524,0.7906906013796927,0.820875196604062,0.6217858308628422,0.820875196604062,0.6203823876966459,0.8734681208214886,0.7953279838414246,0.004407485419989529,0.34476190476190477,0.999926270561615,0.7880725433659208,0.881448503300661,2495335,1966650,0.6910871033085753,0.992725509214355,0.8148885350318471,6186,8886,0.6573271956214434,0.9998897281799636,0.7932029917333683,18137,27589,0.9646126024161602,0.751985230651194,0.8451303110651232,208540,162572,0.9986698547924815,0.8686914600550965,0.9291570596165037,72600,63151,0.038659869527836475,1.0,0.07444182770902824,19740,510607,0.0022179198117831585,0.34476190476190477,0.004407485419989529,525,81608,0.329351544380188,5.725891583097109e-07,0.32935217022895813,2651475.0,0.43352368474006653,2651004,648,0.4941027583438692,2.3823997430154122,0.33485525846481323,1.1342408470227383e-06,0.3348565101623535,2651475.75,0.4283335506916046,2651004,648,0.5956500975661481,2.836713712022174,0.3328048586845398,6.021911076459219e-07,0.33280545473098755,2650703.0,0.42830294370651245,2651002,648,0.5375750851591994,2.5590971240308136,0.3354980945587158,5.268777272249281e-07,0.3354988992214203,2650681.5,0.4277074933052063,2651001,648,0.47000859169759024,2.263190342055168,0.3319327235221863,9.369381928081566e-07,0.3319336473941803,2650675.75,0.432354211807251,2651000,648,0.6068951381611735,2.2549636329640634,12.296364554087631,0.0010232729837298393,12.297387827071361,4.131532908999361,16.428920736070722,0.16185247391695157
33,1e-05,0.33346022089006344,1.3116769813003724e-06,0.3334614987087901,13255010.0,0.5506391547378059,0.8086880725457035,0.8135375643985292,0.6226863791273883,0.8135375643985292,0.640025138841092,0.883700347017412,0.7177804969416298,0.0018890944153646346,0.045714285714285714,0.9999267496159442,0.7877563533553611,0.8812508756061996,2495335,1965860,0.6911648846370287,0.992725509214355,0.8149426050029859,6186,8885,0.6574225122349103,0.9998897281799636,0.7932723852849831,18137,27585,0.9723545923363144,0.9999856142706435,0.9859765582521288,208540,214466,0.9987331147956355,0.8686914600550965,0.9291844386984611,72600,63147,0.03823832510712155,1.0,0.07366001462752063,19740,516236,0.0009644751647645073,0.045714285714285714,0.0018890944153646346,525,24884,0.3298948109149933,9.427435543329921e-07,0.3298957347869873,2651475.5,0.43402838706970215,2651004,648,0.5312324926823742,2.635541281022597,0.334835410118103,7.078430712681438e-07,0.3348361849784851,2651475.75,0.42742636799812317,2651004,648,0.5326816747813047,2.270787176967133,0.3334495723247528,7.028585855550773e-07,0.33345016837120056,2650702.75,0.4350045621395111,2651002,648,0.49694164888322706,2.2391940800007433,0.3367931544780731,2.9792458917654585e-06,0.3367960453033447,2650680.5,0.42732423543930054,2651001,648,1.138066399103621,2.8054661239730194,0.33232882618904114,1.2259905588507536e-06,0.33233001828193665,2650675.5,0.4339185059070587,2651000,648,0.5540565437306294,2.786198638030328,12.73718729999382,0.0013100120122544467,12.738497312006075,4.030503370973747,16.769000682979822,0.014942820009309798
34,1e-05,0.33253686883894573,7.658055639817359e-07,0.3325376562769798,13255011.25,0.5433694913099284,0.8072357831072897,0.8133030124388583,0.6235539338601931,0.8133030124388583,0.640281208399362,0.8830298202262625,0.7189421540330481,0.0015839493136219642,0.045714285714285714,0.9999265966378201,0.7861144896376638,0.8802225124957989,2495335,1961763,0.6911648846370287,0.992725509214355,0.8149426050029859,6186,8885,0.6573748504730489,0.9998897281799636,0.7932376869915143,18137,27587,0.978693148486228,0.9999856142706435,0.9892248177848616,208540,213077,0.9987172990435168,0.8686914600550965,0.929177593776704,72600,63148,0.03819482067396251,1.0,0.07357929343004749,19740,516824,0.0008059370697471373,0.045714285714285714,0.0015839493136219642,525,29779,0.33028310537338257,7.524536727032682e-07,0.3302839696407318,2651477.25,0.4328311085700989,2651004,648,0.5544516326794315,2.823077878972981,0.33407339453697205,6.392352247530653e-07,0.3340739607810974,2651475.75,0.4292139708995819,2651004,648,0.45729791235210204,2.8003952760482207,0.3315620720386505,6.613767595808895e-07,0.3315627872943878,2650702.5,0.4278525710105896,2651002,648,0.4578071999517704,2.735536856984254,0.33496010303497314,6.796001343900571e-07,0.33496084809303284,2650682.0,0.42604508996009827,2651001,648,0.4281823251820555,2.6949192120227963,0.33180588483810425,1.0964057537421468e-06,0.3318069279193878,2650673.75,0.43081629276275635,2651000,648,0.6575308698554427,2.8858768770005554,13.939806101028807,0.0011870309826917946,13.9409931320115,4.064928149979096,18.005921281990595,0.013301985920406878
35,1e-05,0.33170805503608747,7.533554414294271e-07,0.33170879532210157,13255012.0,0.532445742698174,0.8064977634317276,0.8131838185945733,0.6234901084166342,0.8131838185945733,0.640105030480684,0.8825585796685954,0.8001706628353344,0.001896633475580844,0.045714285714285714,0.999927539153096,0.7852801327276698,0.8796995924143,2495335,1959679,0.6911648846370287,0.992725509214355,0.8149426050029859,6186,8885,0.6573033707865169,0.9998897281799636,0.793185645242417,18137,27590,0.9786380338731704,0.9999856142706435,0.9891966634173646,208540,213089,0.9987489310486808,0.8686914600550965,0.9291912837210673,72600,63146,0.03767959365593224,1.0,0.07262279009107281,19740,523891,0.000968405762014284,0.045714285714285714,0.001896633475580844,525,24783,0.3288237452507019,5.383865300245816e-07,0.32882431149482727,2651475.75,0.4366232454776764,2651004,648,0.4049450647053354,2.796723986044526,0.3331756889820099,7.556287755505764e-07,0.33317655324935913,2651473.25,0.427000492811203,2651004,648,0.5049384904289304,3.0497152929892763,0.33164986968040466,1.0185274277318968e-06,0.3316507339477539,2650705.0,0.4324357211589813,2651002,648,0.5602922467681779,2.9681689349818043,0.33411553502082825,6.60099942706438e-07,0.334116131067276,2650681.25,0.42767956852912903,2651001,648,0.507675405483175,2.9615257930126972,0.3307758867740631,7.941958983792574e-07,0.3307766616344452,2650676.75,0.43323689699172974,2651000,648,0.6643192124640448,3.0050422160420567,14.78117622307036,0.001305843994487077,14.782482067064848,4.013315332995262,18.79579740006011,0.01626280095661059
36,1e-05,0.33203778069717715,9.46916732897122e-07,0.332038752028054,13255009.5,0.5377112840217501,0.803342569804361,0.8126742391478973,0.6235624419776292,0.8126742391478973,0.6397655212665905,0.88057381251655,0.7187786074025097,0.0015898777781458051,0.045714285714285714,0.9999297714290694,0.7817130766009374,0.8774577675576032,2495335,1950773,0.6911648846370287,0.992725509214355,0.8149426050029859,6186,8885,0.658329400660689,0.9998897281799636,0.7939322301024428,18137,27547,0.9785645573778184,0.9999856142706435,0.9891591267535486,208540,213105,0.9987489310486808,0.8686914600550965,0.9291912837210673,72600,63146,0.037390541746142085,1.0,0.07208575795033971,19740,527941,0.0008090069439762691,0.045714285714285714,0.0015898777781458051,525,29666,0.3287048041820526,7.97932329987816e-07,0.32870563864707947,2651476.5,0.4365485608577728,2651004,648,0.49990510633789187,3.2292796290130354,0.33561989665031433,1.2087726872778148e-06,0.33562105894088745,2651475.0,0.42913588881492615,2651004,648,0.5313228427291425,2.988025208003819,0.33200275897979736,5.516127430382767e-07,0.3320034444332123,2650703.5,0.43289104104042053,2651002,648,0.6063465999422658,3.0234578610397875,0.3347600996494293,6.08275115610013e-07,0.3347606658935547,2650679.25,0.42961883544921875,2651001,648,0.5079162906528588,3.0229574810364284,0.3291012942790985,1.567961589898914e-06,0.32910287380218506,2650675.25,0.42952093482017517,2651000,648,0.7135837382930243,3.020753138989676,15.284473318082746,0.007905515027232468,15.292378833109979,4.025900981971063,19.31827981508104,0.014763864921405911
37,1e-05,0.3315996089630834,7.518995805834686e-07,0.331600386970531,13255014.5,0.5247021935178349,0.807714680600894,0.8133841777224785,0.6237342859423364,0.8133841777224785,0.6404725421607415,0.8833363545157717,0.8061694197450142,0.0016198157459588972,0.045714285714285714,0.9999271564369004,0.7866550984136399,0.8805615230059981,2495335,1963111,0.6911648846370287,0.992725509214355,0.8149426050029859,6186,8885,0.6585445566126806,0.9998897281799636,0.7940886699507389,18137,27538,0.9786885553647021,0.9999856142706435,0.989222471526358,208540,213078,0.9987489706720719,0.8687190082644628,0.9292070601408492,72600,63148,0.038241362275884115,1.0,0.07366564975230205,19740,516195,0.0008245155970867115,0.045714285714285714,0.0016198157459588972,525,29108,0.32844290137290955,7.472179959222558e-07,0.3284437358379364,2651477.5,0.43501517176628113,2651004,648,0.4730070378034882,3.0294522459735163,0.33308854699134827,6.000986445542367e-07,0.333089143037796,2651476.5,0.4259786009788513,2651004,648,0.5242786230352271,3.026585308020003,0.33218106627464294,7.885905120019743e-07,0.3321817219257355,2650703.25,0.43256473541259766,2651002,648,0.5570085747236257,3.054472332005389,0.33502042293548584,1.0717134273363627e-06,0.3350214660167694,2650681.75,0.4297259747982025,2651001,648,0.6860428787624896,3.026658956950996,0.3292655944824219,5.519235060091887e-07,0.32926633954048157,2650675.5,0.4296506941318512,2651000,648,0.6383731858853697,2.8296132200048305,14.966782062954735,0.0010626970324665308,14.967844759987202,4.094521208957303,19.062365968944505,0.014508673048112541
38,1e-05,0.3323950166687929,8.198614086536069e-07,0.33239576638537177,13255009.0,0.5282372396563079,0.8059422990553561,0.8130960459420641,0.6251558139600151,0.8130960459420641,0.6409252234394145,0.8826119031237598,0.7235609784062945,0.0015697560337497548,0.045714285714285714,0.9999407585056231,0.784652561680095,0.8793107861774608,2495335,1958087,0.691554054054054,0.992725509214355,0.8152130625248905,6186,8880,0.658329400660689,0.9998897281799636,0.7939322301024428,18137,27547,0.9890815610237341,0.9999712285412871,0.9944965854030751,208540,210836,0.9986066469274981,0.8687190082644628,0.9291454584293996,72600,63157,0.0377796873893547,1.0,0.07280868540488306,19740,522503,0.0007985891591521645,0.045714285714285714,0.0015697560337497548,525,30053,0.32846102118492126,7.065826252983243e-07,0.32846149802207947,2651476.75,0.4346006214618683,2651004,648,0.47848882317293956,2.4052926329895854,0.33428868651390076,7.305787335099012e-07,0.3342893719673157,2651476.75,0.4303210973739624,2651004,648,0.8357341012822054,2.249749545007944,0.3329179883003235,6.351509114210785e-07,0.33291855454444885,2650701.25,0.43437159061431885,2651002,648,0.46286767331042294,2.3106334540061653,0.33625638484954834,1.2875372021881049e-06,0.336257666349411,2650680.5,0.4286867380142212,2651001,648,1.0941724842551175,2.2635267540463246,0.33005160093307495,7.395197485493554e-07,0.33005234599113464,2650673.75,0.43643757700920105,2651000,648,0.5550893100889934,2.7408158970065415,11.970018283056561,0.0021013880032114685,11.972119671059772,4.041369409998879,16.01348908105865,0.017874949902761728
39,1e-05,0.3315099563600767,7.908265836548869e-07,0.33151074379834833,13255007.25,0.523513194159512,0.7956901352433462,0.8206103562274327,0.6233977305097727,0.8206103562274327,0.625279677713854,0.8768543857583038,0.8046994491585578,0.004850647013722637,0.29523809523809524,0.9999279634663168,0.7899059645298127,0.882594804006755,2495335,1971222,0.691554054054054,0.992725509214355,0.8152130625248905,6186,8880,0.6587359244460589,0.9998897281799636,0.7942277793592748,18137,27530,0.9740920507971451,0.79779418816534,0.8771725405114713,208540,170797,0.9987806036803598,0.8687190082644628,0.9292207505193523,72600,63146,0.03824810503309411,1.0,0.07367816006151044,19740,516104,0.0024454120913795277,0.29523809523809524,0.004850647013722637,525,63384,0.3280654549598694,8.10917242688447e-07,0.32806622982025146,2651474.0,0.43508684635162354,2651004,648,0.502676412083469,2.4757959180278704,0.33380505442619324,8.677676532897749e-07,0.3338059186935425,2651475.5,0.4284852147102356,2651004,648,0.5230526895231932,2.3919395900447853,0.33266907930374146,9.145005606114864e-07,0.33267003297805786,2650702.75,0.4309219717979431,2651002,648,0.6251981294527381,2.223618871998042,0.3330114185810089,7.413131584144139e-07,0.3330121636390686,2650679.25,0.4283314049243927,2651001,648,0.5325016159676156,2.236775405006483,0.3299991190433502,6.196037816152966e-07,0.329999715089798,2650675.75,0.43294191360473633,2651000,648,0.47001507054254493,2.2271020770422183,11.555231862119399,0.0014775769668631256,11.556709439086262,4.021036110993009,15.577745550079271,0.013776306877844036
40,1e-05,0.33137466501579393,8.058734991338094e-07,0.3313754807451379,13255009.25,0.5335833698916346,0.8082747531692841,0.8134752600099119,0.6239441562269771,0.8134752600099119,0.6406627630425511,0.8836916428324452,0.8018410233466211,0.0019005384859043396,0.045714285714285714,0.9999343403187091,0.7872878791825546,0.8809606074962595,2495335,1964676,0.6924117713383696,0.992725509214355,0.815808701428097,6186,8869,0.6587119973847663,0.9998897281799636,0.7942103880178681,18137,27531,0.9787208079897874,0.9999904095137624,0.9892412929423261,208540,213072,0.9988280569500974,0.8687190082644628,0.9292412868435205,72600,63143,0.038031677651669135,1.0,0.07327652608388195,19740,519041,0.0009704419554405402,0.045714285714285714,0.0019005384859043396,525,24731,0.32858705520629883,7.098524861248734e-07,0.3285878002643585,2651475.5,0.4366530478000641,2651004,648,0.48423498335351406,2.243820764007978,0.33308184146881104,6.847650411145878e-07,0.3330824673175812,2651476.25,0.4288729727268219,2651004,648,0.45401714739477755,2.2265763899777085,0.33109572529792786,6.171201789584302e-07,0.33109647035598755,2650702.25,0.431101530790329,2651002,648,0.4403342189267049,2.653771228971891,0.33336973190307617,4.988490331925277e-07,0.33337023854255676,2650680.5,0.42902812361717224,2651001,648,0.42358037991048253,2.532975626992993,0.3307393193244934,1.5188489896900137e-06,0.330740749835968,2650674.75,0.43595170974731445,2651000,648,0.6253048644988969,2.74252573098056,12.399669740931131,0.001038943009916693,12.400708683941048,4.033248670049943,16.43395735399099,0.01419840904418379
