round,server_control_norm_before,server_control_norm_after,server_control_delta_norm,control_invariant_max_abs_error,round_local_steps,val_loss,accuracy,balanced_accuracy,macro_precision,macro_recall,macro_f1,weighted_f1,macro_pr_auc,worst_class_f1,worst_class_recall,precision_c0,recall_c0,f1_c0,support_c0,predicted_count_c0,precision_c1,recall_c1,f1_c1,support_c1,predicted_count_c1,precision_c2,recall_c2,f1_c2,support_c2,predicted_count_c2,precision_c3,recall_c3,f1_c3,support_c3,predicted_count_c3,precision_c4,recall_c4,f1_c4,support_c4,predicted_count_c4,precision_c5,recall_c5,f1_c5,support_c5,predicted_count_c5,precision_c6,recall_c6,f1_c6,support_c6,predicted_count_c6,precision_c7,recall_c7,f1_c7,support_c7,predicted_count_c7,precision_c8,recall_c8,f1_c8,support_c8,predicted_count_c8,precision_c9,recall_c9,f1_c9,support_c9,predicted_count_c9,train_loss_client_0,train_accuracy_client_0,train_samples_client_0,train_batches_client_0,update_l2_client_0,local_steps_client_0,control_norm_before_client_0,control_norm_after_client_0,control_delta_norm_client_0,correction_norm_client_0,train_seconds_client_0,control_update_seconds_client_0,train_loss_client_1,train_accuracy_client_1,train_samples_client_1,train_batches_client_1,update_l2_client_1,local_steps_client_1,control_norm_before_client_1,control_norm_after_client_1,control_delta_norm_client_1,correction_norm_client_1,train_seconds_client_1,control_update_seconds_client_1,train_loss_client_2,train_accuracy_client_2,train_samples_client_2,train_batches_client_2,update_l2_client_2,local_steps_client_2,control_norm_before_client_2,control_norm_after_client_2,control_delta_norm_client_2,correction_norm_client_2,train_seconds_client_2,control_update_seconds_client_2,train_loss_client_3,train_accuracy_client_3,train_samples_client_3,train_batches_client_3,update_l2_client_3,local_steps_client_3,control_norm_before_client_3,control_norm_after_client_3,control_delta_norm_client_3,correction_norm_client_3,train_seconds_client_3,control_update_seconds_client_3,train_loss_client_4,train_accuracy_client_4,train_samples_client_4,train_batches_client_4,update_l2_client_4,local_steps_client_4,control_norm_before_client_4,control_norm_after_client_4,control_delta_norm_client_4,correction_norm_client_4,train_seconds_client_4,control_update_seconds_client_4,round_train_seconds,round_client_control_seconds,server_control_update_seconds,round_control_state_update_seconds,aggregation_seconds,fl_round_seconds,validation_seconds,round_total_seconds,round_orchestration_seconds
1,0.0,0.19101920197044603,0.19101920197044603,0.0,410,1.908770328123397,0.8428747538642614,0.36046870538982645,0.23601857507533866,0.36046870538982645,0.2156942699823062,0.8941011926071443,0.24312107008486866,0.0,0.0,0.9971518018972295,0.8613063633511868,0.924264218868101,344284,297381,0.1454849498327759,0.25217391304347825,0.18451749734888653,345,598,0.12092130518234165,0.38769230769230767,0.18434528163862474,325,1042,0.25,0.005753739930955121,0.01124859392575928,869,20,0.07122219417094448,0.5364462286076485,0.12574909613193996,4733,35649,0.3544093178036606,0.06363907977293098,0.10790273556231003,3347,601,0.31028699217294076,0.6702898550724637,0.42420382165605097,2484,5366,0.05843646242076668,0.5049556598852374,0.1047505681203333,1917,16565,0.05227272727272727,0.32242990654205606,0.08996088657105607,214,1320,0.0,0.0,0.0,24,0,2.1207077503204346,0.41783881187438965,334641,82,1.7377482767834864,82,0.0,0.21192052840661135,0.21192052840661135,0.0,1.3069228749955073,0.0002852080069715157,2.1009843349456787,0.4572017788887024,334640,82,1.734165999024152,82,0.0,0.2114836593835415,0.2114836593835415,0.0,1.3023735000024317,0.0003446670016273856,2.1040661334991455,0.4338598847389221,334638,82,1.65031215323163,82,0.0,0.20125758435180516,0.20125758435180516,0.0,1.3191591670038179,0.0003676670021377504,2.1148006916046143,0.45336753129959106,334638,82,1.782220943128532,82,0.0,0.21734402119046622,0.21734402119046622,0.0,1.3645875419897493,0.0003920419985661283,2.087390899658203,0.3404107093811035,334634,82,1.7441983902219738,82,0.0,0.21270712646519208,0.21270712646519208,0.0,1.5560992500104476,0.000351999988197349,6.849142334001954,0.001741583997500129,0.0005631249950965866,0.0023047089925967157,0.0012032910017296672,6.85265033399628,1.6329274169984274,8.485577750994707,0.061953999000252225
2,0.19101920197044603,0.17013345246731756,0.14190481230751642,1.862645149230957e-09,410,1.6678299189504422,0.930473975154933,0.4490887368756245,0.2702104327608147,0.4490887368756245,0.26939825372496634,0.9462135025966357,0.26071314926265327,0.017075773745997867,0.009205983889528193,0.9961362891379039,0.9532914686712133,0.9742430539064355,344284,329476,0.13942011104256632,0.6550724637681159,0.2299084435401831,345,1621,0.13432835820895522,0.027692307692307693,0.04591836734693878,325,67,0.11764705882352941,0.009205983889528193,0.017075773745997867,869,68,0.14453280318091452,0.4608070990914853,0.22004741966402663,4733,15090,0.2554557124518614,0.11891245891843442,0.16228338430173292,3347,1558,0.4631639063392347,0.6529790660225443,0.5419311727363849,2484,3502,0.4026236125126135,0.4162754303599374,0.40933572710951527,1917,1982,0.03926441351888668,0.7383177570093458,0.07456347333647947,214,4024,0.009532062391681109,0.4583333333333333,0.01867572156196944,24,1154,1.8433752059936523,0.8584991097450256,334641,82,1.6267720135405448,82,0.21192052840661135,0.19359635196122396,0.17424130249351888,0.08696801013469839,1.30320029098948,0.0003626249963417649,1.85236656665802,0.8387909531593323,334640,82,1.6938333365043183,82,0.2114836593835415,0.19273873160356153,0.18731321178643176,0.08685482385230682,1.345510875005857,0.0003550830006133765,1.829276442527771,0.8454748392105103,334638,82,1.6134986500047297,82,0.20125758435180516,0.19120281067538536,0.16622160578318967,0.07292643112686673,1.2571354160027113,0.00037708300806116313,1.8485902547836304,0.8518996834754944,334638,82,1.7499140618289208,82,0.21734402119046622,0.1996069408994324,0.1944814275478638,0.10449851551472396,1.2235319590108702,0.00034216701169498265,1.8294847011566162,0.8376823663711548,334634,82,1.6670094166799996,82,0.21270712646519208,0.19367440781994316,0.18075639622159068,0.09399969646518967,1.2417231670115143,0.00036099999852012843,6.371101708020433,0.0017979580152314156,0.0005939580005360767,0.0023919160157674924,0.0012908749922644347,6.374784499028465,1.5545917910058051,7.92937629003427,0.0681813759583747
3,0.17013345246731756,0.13893835022497492,0.10498992716519254,1.862645149230957e-09,410,1.5136586544722854,0.9522399049483743,0.46622258761319835,0.26490531505544074,0.46622258761319835,0.27649654343688085,0.9600805093299386,0.286571689742252,0.0,0.0,0.9982313459011812,0.9754127406443518,0.9866901327754746,344284,336414,0.0,0.0,0.0,345,30,0.1142527409117138,0.6092307692307692,0.1924198250728863,325,1733,0.140625,0.010356731875719217,0.01929260450160772,869,64,0.32810853530031614,0.5263046693429114,0.4042190669371197,4733,7592,0.19494584837545126,0.09680310726023304,0.12936713914953085,3347,1662,0.46632124352331605,0.6521739130434783,0.5438066465256798,2484,3474,0.3486159169550173,0.4204486176317162,0.38117758335303853,1917,2312,0.051193225558121634,0.6214953271028038,0.0945945945945946,214,2598,0.006759294029290274,0.75,0.01339784145887607,24,2663,1.6499789953231812,0.9103755950927734,334641,82,1.4533132641363384,82,0.19359635196122396,0.1715274675047211,0.15322356029100048,0.09064393088819002,1.2331459999986691,0.0003530000103637576,1.661647915840149,0.9028359055519104,334640,82,1.4333449356972336,82,0.19273873160356153,0.15702517881595868,0.1506908901379373,0.09251331377312137,1.206316333002178,0.0003845000028377399,1.6347204446792603,0.9025364518165588,334638,82,1.4040467745197267,82,0.19120281067538536,0.16613089411252083,0.13934101280665032,0.08112349633952311,1.2330911659955746,0.00035270799708086997,1.7054967880249023,0.8974174857139587,334638,82,1.8067657324285595,82,0.1996069408994324,0.22842499427634813,0.20794494192546717,0.10488608879759412,1.206972208005027,0.0003460000007180497,1.6369245052337646,0.908180296421051,334634,82,1.427403017892654,82,0.19367440781994316,0.16461655823331556,0.14102161387240966,0.09723631306734327,1.205415999997058,0.0004571250028675422,6.084941706998507,0.0018933330138679594,0.0006007079937262461,0.0024940410075942054,0.001112625002861023,6.088548373008962,1.5482592920016032,7.636807665010565,0.05932637699879706
4,0.13893835022497492,0.12031936542705343,0.097529615964903,1.862645149230957e-09,410,1.4347492725804858,0.9635607543886072,0.5077793119438724,0.3280155278452236,0.5077793119438724,0.3391183537843747,0.9685923014659492,0.3202733608101308,0.0,0.0,0.9998374353805638,0.9825376723867505,0.9911120682204067,344284,338327,0.13628988642509465,0.7304347826086957,0.22971741112123975,345,1849,0.0,0.0,0.0,325,0,0.30434782608695654,0.00805523590333717,0.01569506726457399,869,23,0.5039370078740157,0.6355377139235158,0.5621379181461409,4733,5969,0.2764254751583861,0.247684493576337,0.2612669398046013,3347,2999,0.4656707842573973,0.6525764895330113,0.5435037720033529,2484,3481,0.4290635765737551,0.7146583202921231,0.5362035225048923,1917,3193,0.15725190839694655,0.48130841121495327,0.23705408515535098,214,655,0.007331378299120235,0.625,0.014492753623188406,24,2046,1.5424728393554688,0.9240559339523315,334641,82,1.3309523729602069,82,0.1715274675047211,0.15150065606356805,0.1435671377419156,0.10057053706954679,1.2072126249986468,0.0003458340070210397,1.5406566858291626,0.9274145364761353,334640,82,1.3170879456772346,82,0.15702517881595868,0.14918305517057678,0.1381155786687081,0.09273371500946734,1.2302017089969013,0.0003601669886847958,1.518599271774292,0.9257316589355469,334638,82,1.2855489270064355,82,0.16613089411252083,0.15079458045085506,0.13310704736506407,0.09836739209292984,1.2042804999946384,0.0003404170129215345,1.6038472652435303,0.8879923820495605,334638,82,2.0624753673303506,82,0.22842499427634813,0.23529394557958627,0.2534896543063022,0.16033158347681437,1.2205828750011278,0.0003787500027101487,1.52730393409729,0.9243292808532715,334634,82,1.3065620314620738,82,0.16461655823331556,0.1597987798514184,0.13743270039310748,0.10168085620626849,1.204186542003299,0.0003354170039528981,6.066464250994613,0.0017605850152904168,0.0005999169952701777,0.0023605020105605945,0.0011670840031001717,6.069991837008274,1.5223341250093654,7.5923259620176395,0.05672270598006435
5,0.12031936542705343,0.10185158904235588,0.09011645983883719,1.3387762010097504e-09,410,1.383698184861481,0.9630196741246493,0.5163974073287407,0.3149536159349848,0.5163974073287407,0.34417262290895223,0.9688628839271708,0.33531507556864504,0.024529844644317254,0.017391304347826087,0.9999142747346951,0.9825057220201926,0.9911335620753208,344284,338290,0.0967741935483871,0.017391304347826087,0.029484029484029485,345,62,0.11668611435239207,0.6153846153846154,0.196174595389897,325,1714,0.07956989247311828,0.1277330264672037,0.0980565371024735,869,1395,0.5435226808336738,0.5620114092541728,0.5526124441674457,4733,4894,0.2802469135802469,0.27128772034657905,0.27569454987095793,3347,3240,0.46703138496976676,0.6529790660225443,0.5445694141346316,2484,3473,0.44883949002942136,0.7162232655190401,0.5518488745980707,1917,3059,0.10444078947368421,0.5934579439252337,0.17762237762237762,214,1216,0.012510425354462052,0.625,0.024529844644317254,24,1199,1.449793815612793,0.9369354248046875,334641,82,1.2402101690828768,82,0.15150065606356805,0.14919959642722586,0.13713721806730897,0.10606194443726412,1.2087940420024097,0.00033508399792481214,1.4908583164215088,0.9377509951591492,334640,82,1.3398096426759816,82,0.14918305517057678,0.1577290129298714,0.15208170463577375,0.10000704752724165,1.2307769580074819,0.0003350409970153123,1.4510523080825806,0.9397767186164856,334638,82,1.2200530145415807,82,0.15079458045085506,0.14039113670544037,0.13926725906332413,0.1020718838536747,1.2251279170013731,0.0004275840037735179,1.5449459552764893,0.9096366763114929,334638,82,1.89813885846659,82,0.23529394557958627,0.23627279987200447,0.23594116472093565,0.1801425734355756,1.2060504999972181,0.0003598750045057386,1.432012677192688,0.9348810911178589,334634,82,1.288490251658084,82,0.1597987798514184,0.15188399981699424,0.1473785460073025,0.11109271612865486,1.2313608749973355,0.0003488340007606894,6.102110292005818,0.0018064180039800704,0.0005595830007223412,0.0023660010047024116,0.0012414170050760731,6.105717710015597,1.509073791996343,7.61479150201194,0.0574264569877414
6,0.10185158904235588,0.09272752177730331,0.08958990293526815,1.3969838619232178e-09,410,1.3338785278324163,0.963624903079695,0.4962411581935928,0.31116105438364966,0.4962411581935928,0.3284611131231858,0.9690166473011961,0.3569194568005,0.018633540372670808,0.028768699654775604,0.9999084846534668,0.9838098778915082,0.9917938582043117,344284,338741,0.1424517593643587,0.7275362318840579,0.23825344091124823,345,1762,0.07655502392344497,0.04923076923076923,0.0599250936329588,325,209,0.16233766233766234,0.028768699654775604,0.04887585532746823,869,154,0.5452738116754021,0.6374392562856539,0.5877654393142412,4733,5533,0.2908578584846587,0.2775619958171497,0.28405442592875707,3347,3194,0.46601382488479265,0.6513687600644122,0.5433176628609805,2484,3472,0.3405889884763124,0.4162754303599374,0.37464788732394366,1917,2343,0.07816537467700259,0.5654205607476636,0.1373439273552781,214,1548,0.009457755359394703,0.625,0.018633540372670808,24,1586,1.40253484249115,0.942693829536438,334641,82,1.1064707375607643,82,0.14919959642722586,0.13542853456629098,0.12969296291993251,0.11952272399030905,1.249152292002691,0.0003335000074002892,1.423438549041748,0.944133996963501,334640,82,1.234822394002216,82,0.1577290129298714,0.12760759278378067,0.15076527944705712,0.12268543005814343,1.208715625005425,0.00034995799069292843,1.3833667039871216,0.942762017250061,334638,82,1.1297391931672498,82,0.14039113670544037,0.13871343845924708,0.12833939234672684,0.11465480607116112,1.2339793339924654,0.0003817079996224493,1.472197413444519,0.925911009311676,334638,82,1.916739190595839,82,0.23627279987200447,0.2575628544458707,0.2372557947581098,0.19370079137251733,1.2097902079985943,0.0003468329960014671,1.4080390930175781,0.9353891015052795,334634,82,1.2499344336368292,82,0.15188399981699424,0.1464135449996599,0.1502247807929668,0.11777249748071214,1.2104056660027709,0.00034749999758787453,6.1120431250019465,0.0017594989913050085,0.0005581250006798655,0.002317623991984874,0.0013103340024827048,6.115671082996414,1.5575424580019899,7.673213540998404,0.05720858401036821
7,0.09272752177730331,0.0785580219570367,0.08531681124461436,1.3969838619232178e-09,410,1.3054046627193525,0.9661043894439145,0.5333147470007765,0.33186704829941804,0.5333147470007765,0.3631340595484777,0.9705857706931157,0.37555572149326183,0.027985074626865673,0.020713463751438434,0.9999114344083228,0.9837866412612842,0.9917835014113872,344284,338732,0.1452643811737362,0.7246376811594203,0.2420135527589545,345,1721,0.07592190889370933,0.1076923076923077,0.089058524173028,325,461,0.1565217391304348,0.020713463751438434,0.036585365853658534,869,115,0.5488080737776231,0.6663849566870906,0.6019083969465648,4733,5747,0.3297232250300842,0.3274574245593068,0.32858641882776196,3347,3324,0.4672601952900632,0.6549919484702094,0.5454240697284612,2484,3482,0.43732238711714555,0.7224830464267084,0.544846577498033,1917,3167,0.1436241610738255,0.5,0.22314911366006257,214,745,0.01431297709923664,0.625,0.027985074626865673,24,1048,1.3755813837051392,0.9468564987182617,334641,82,1.0859049048287441,82,0.13542853456629098,0.14182212747748604,0.1267517269464187,0.11251761562602543,1.2753026249993127,0.0003437500126892701,1.3770049810409546,0.9448332786560059,334640,82,1.246824245851014,82,0.12760759278378067,0.14872826005276588,0.1469622107588837,0.11307654519373236,1.2901100000017323,0.00037391699152067304,1.3577386140823364,0.9466109871864319,334638,82,1.0652474289885656,82,0.13871343845924708,0.1431018068766254,0.12476888930802624,0.11261956830835476,1.2611946249962784,0.0003835420066025108,1.4104053974151611,0.9495694041252136,334638,82,1.6935510966830747,82,0.2575628544458707,0.16966131215760594,0.23111093092706922,0.2124314723923648,1.290514708001865,0.0003970409889006987,1.37807035446167,0.9401495456695557,334634,82,1.2788413322346606,82,0.1464135449996599,0.16585972229032458,0.15298600605701823,0.12406751337482344,1.3040737909905147,0.0003600000054575503,6.421195748989703,0.001858250005170703,0.0006302919937297702,0.002488541998900473,0.0012376669910736382,6.424921957979677,1.5924341250065481,8.017356082986225,0.06073562600067817
8,0.0785580219570367,0.07356209933782237,0.07425714770612496,1.3969838619232178e-09,410,1.2951281987870822,0.9649999163277942,0.5187791741133717,0.3304696780178443,0.5187791741133717,0.33998245152290524,0.970181653354453,0.3841458880841736,0.03694581280788178,0.020713463751438434,0.9999114432971432,0.9838853969397358,0.9918336871385697,344284,338766,0.1291866028708134,0.0782608695652174,0.09747292418772563,345,209,0.11478072550081213,0.6523076923076923,0.19521178637200737,325,1847,0.21686746987951808,0.020713463751438434,0.037815126050420166,869,83,0.5619115295789661,0.6682864990492288,0.6104999034935341,4733,5629,0.37113711371137115,0.3695847027188527,0.37035928143712576,3347,3333,0.46889400921658986,0.6553945249597424,0.5466756212222968,2484,3472,0.3509384548232213,0.4194053208137715,0.3821292775665399,1917,2291,0.07203389830508475,0.7149532710280374,0.13088109495295125,214,2124,0.01903553299492386,0.625,0.03694581280788178,24,788,1.3628290891647339,0.9498656988143921,334641,82,1.082633691165906,82,0.14182212747748604,0.14919678302484474,0.12999051812501755,0.12319708653667684,1.2739638750063023,0.0003712499892571941,1.3673280477523804,0.9502420425415039,334640,82,1.147333795727235,82,0.14872826005276588,0.12217122594675883,0.14373626267778764,0.1245589344847384,1.277852792001795,0.0003920839953934774,1.3382598161697388,0.949784517288208,334638,82,1.0604506895977428,82,0.1431018068766254,0.1407544863720599,0.12523413210563134,0.11920666449136098,1.3254977079923265,0.00038258299173321575,1.3567801713943481,0.9514042139053345,334638,82,1.294867740624403,82,0.16966131215760594,0.16279982438945415,0.15701266938418934,0.15353310148239677,1.2674598329904256,0.0004493750020628795,1.3695647716522217,0.9465386271476746,334634,82,1.3464735395824443,82,0.16585972229032458,0.17252125182369724,0.16808204578847458,0.14026478252126043,1.3022242919978453,0.0003803750005317852,6.446998499988695,0.001975666978978552,0.0005792080046376213,0.0025548749836161733,0.0011973329965258017,6.450750707968837,1.5921598330023699,8.042910540971207,0.057338458034791984
9,0.07356209933782237,0.07479262826808293,0.07723614777047182,1.5133991837501526e-09,410,1.2629049901304834,0.965013861695422,0.5083229624842591,0.3279258039955205,0.5083229624842591,0.34047988823692005,0.9702561721822363,0.40882858474882716,0.027906976744186046,0.028768699654775604,0.9999173336561257,0.9837314542645026,0.9917583584067233,344284,338711,0.14864864864864866,0.03188405797101449,0.05250596658711217,345,74,0.116551357104843,0.6738461538461539,0.1987295825771325,325,1879,0.13736263736263737,0.028768699654775604,0.047573739295908656,869,182,0.5742873324523315,0.6427213184027044,0.606580259222333,4733,5297,0.3317219152854512,0.43053480729011057,0.374723703029515,3347,4344,0.467378752886836,0.6517713365539453,0.5443846671149967,2484,3464,0.4068725099601594,0.42618675013041213,0.41630573248407643,1917,2008,0.08224543080939947,0.5887850467289719,0.14432989690721648,214,1532,0.014272121788772598,0.625,0.027906976744186046,24,1051,1.3319717645645142,0.9518110156059265,334641,82,0.9611136836590427,82,0.14919678302484474,0.1296838104800373,0.11776009962876334,0.1315396601561129,1.3194339170004241,0.00036912500218022615,1.3565521240234375,0.9500716924667358,334640,82,1.351401315596319,82,0.12217122594675883,0.17117708786069893,0.16434284968402604,0.10541305755550295,1.3043171249883017,0.0003761670086532831,1.2990424633026123,0.9518285393714905,334638,82,1.0081852091579708,82,0.1407544863720599,0.13238205834148786,0.11891722531887733,0.12110529929121747,1.3026670839899452,0.00040412499220110476,1.3331339359283447,0.9529610872268677,334638,82,1.2624990541871672,82,0.16279982438945415,0.179774174233908,0.15655235649683288,0.1430555802230685,1.2628184589993907,0.00044816698937211186,1.3388973474502563,0.9506774544715881,334634,82,1.4750564682143357,82,0.17252125182369724,0.1814880389535409,0.18549929011797614,0.15053818331279148,1.215559292002581,0.00034899999445769936,6.404795876980643,0.0019465839868644252,0.0005817500059492886,0.002528333992813714,0.0012459159916033968,6.40857012696506,1.5233260420063743,7.931896168971434,0.06154928902105894
10,0.07479262826808293,0.07776061708833225,0.08071211357280463,1.3969838619232178e-09,410,1.2604001852525197,0.9662884682966012,0.541626190526581,0.3432316103038889,0.541626190526581,0.3816240479022325,0.9716951646425346,0.4148487890623375,0.020435967302452316,0.08400460299194476,0.9999114422514922,0.9838737786246239,0.9918277831946897,344284,338762,0.13561964146531566,0.5043478260869565,0.21375921375921375,345,1283,0.1109865470852018,0.3046153846153846,0.16269515201314708,325,892,0.10610465116279069,0.08400460299194476,0.09377007064868337,869,688,0.6332029552368535,0.6156771603634059,0.6243170862346009,4733,4602,0.3774703557312253,0.3994622049596654,0.38815502975758454,3347,3542,0.46844238563983787,0.6513687600644122,0.5449646345570899,2484,3454,0.44805194805194803,0.7198748043818466,0.5523313988393036,1917,3080,0.1421383647798742,0.5280373831775701,0.22398414271555997,214,795,0.01038781163434903,0.625,0.020435967302452316,24,1444,1.3068770170211792,0.955459713935852,334641,82,0.9632983344394981,82,0.1296838104800373,0.14195078507166967,0.10591020063275527,0.12377658711179271,1.2713145830057329,0.00034058399614878,1.3254549503326416,0.9542672634124756,334640,82,1.314653224570454,82,0.17117708786069893,0.14016533522164842,0.17039501786046263,0.1454077001115875,1.232244750004611,0.00043391699728090316,1.3104195594787598,0.9536185264587402,334638,82,1.0806053402829414,82,0.13238205834148786,0.14125036685894182,0.12644664896474628,0.12545802518680016,1.2091826660034712,0.0003492499963613227,1.328208088874817,0.9534900188446045,334638,82,1.7354889153811623,82,0.179774174233908,0.26618076869143753,0.21050038543386346,0.15637879474439645,1.234675708998111,0.000450999999884516,1.3360729217529297,0.9525123238563538,334634,82,1.3946467534250793,82,0.1814880389535409,0.1644726265719663,0.1799414307501162,0.15579899806855207,1.1996877499914262,0.0003839999990304932,6.147105458003352,0.001958750988706015,0.0005995410028845072,0.0025582919915905222,0.001221041995449923,6.150884791990393,1.5257098330039298,7.676594624994323,0.05622620701615233
11,0.07776061708833225,0.07211200047802065,0.08815273070918919,1.6298145055770874e-09,410,1.237765027743435,0.9650027054013198,0.5350519014256004,0.3327030735108914,0.5350519014256004,0.35753766581441304,0.9709601407879553,0.43429928088548475,0.02722323049001815,0.08923076923076922,0.9999144057991547,0.9840102938271892,0.9918986022380587,344284,338808,0.13828164717844432,0.7884057971014493,0.23529411764705882,345,1967,0.09385113268608414,0.08923076923076922,0.0914826498422713,325,309,0.104638619201726,0.11162255466052934,0.10801781737193764,869,927,0.6618979494515975,0.5865201774772871,0.6219334602890109,4733,4194,0.35042321644498187,0.43292500746937557,0.3873295910184443,3347,4135,0.4681712962962963,0.6513687600644122,0.5447811447811448,2484,3456,0.4128024193548387,0.4272300469483568,0.4198923352986414,1917,1984,0.0831353919239905,0.6542056074766355,0.1475237091675448,214,1684,0.013914656771799629,0.625,0.02722323049001815,24,1078,1.2922701835632324,0.9565953016281128,334641,82,0.9863607676812353,82,0.14195078507166967,0.1461647190525651,0.12010880418366507,0.1355822238806514,1.2406387499941047,0.0003538750024745241,1.3297755718231201,0.9569686651229858,334640,82,1.2627778551821112,82,0.14016533522164842,0.1583158663592796,0.1565167383595244,0.1302435493941724,1.239083666994702,0.0003860830038320273,1.2817530632019043,0.9567861557006836,334638,82,1.0555190284814508,82,0.14125036685894182,0.1360899652146567,0.13266667284023143,0.132756693561666,1.2178285420086468,0.0003469160001259297,1.310549020767212,0.9560092091560364,334638,82,1.624327620654089,82,0.26618076869143753,0.22876523530356319,0.21705532180194953,0.2271335622743951,1.201537291999557,0.0003808750043390319,1.3263225555419922,0.9504294395446777,334634,82,1.4023275794488907,82,0.1644726265719663,0.17419086966527672,0.18015525896123621,0.15118840720437235,1.2214507499884348,0.0003638339985627681,6.1205390009854455,0.001831583009334281,0.0005637910071527585,0.0023953740164870396,0.0012662500084843487,6.124200625010417,1.485925542001496,7.610126167011913,0.058601208016625606
12,0.07211200047802065,0.06718594779059361,0.07890479993794416,1.6661942936480045e-09,410,1.212950536634434,0.9651895733275321,0.5425396414886237,0.3461780751397411,0.5425396414886237,0.3519819478477539,0.970941936467535,0.42633228776380483,0.02717391304347826,0.018411967779056387,0.9999143969560739,0.9839086335699597,0.9918469468873022,344284,338773,0.12558336868901146,0.8579710144927536,0.21909696521095484,345,2357,0.10695187165775401,0.12307692307692308,0.11444921316165951,325,374,0.21621621621621623,0.018411967779056387,0.033934252386002124,869,74,0.6366566394499356,0.6260300021128249,0.6312986044529668,4733,4654,0.35388806339772166,0.42694950702121304,0.3870006770480704,3347,4038,0.46795612009237875,0.6525764895330113,0.5450571620712845,2484,3464,0.4673396674584323,0.41053729786124155,0.43710080533185225,1917,1684,0.07338551859099804,0.7009345794392523,0.1328609388839681,214,2044,0.013888888888888888,0.625,0.02717391304347826,24,1080,1.2797640562057495,0.9584061503410339,334641,82,0.969595699625828,82,0.1461647190525651,0.14723576164384902,0.10957530244991745,0.13690803949034758,1.2259907080006087,0.00035995899816043675,1.319350242614746,0.9574049711227417,334640,82,1.1704312656028342,82,0.1583158663592796,0.13220199847642156,0.14907312518182655,0.13772042247164948,1.200994750004611,0.00036220799665898085,1.2758115530014038,0.9585552215576172,334638,82,1.0395518030954018,82,0.1360899652146567,0.14519471607516793,0.12592354520973553,0.12384101097593891,1.2293522499967366,0.0003835419920505956,1.2748483419418335,0.9565201997756958,334638,82,1.4799484286746372,82,0.22876523530356319,0.1768793725524016,0.1956814782299609,0.20984763812760313,1.2008503329998348,0.00033799999800976366,1.2970768213272095,0.9546997547149658,334634,82,1.3068436902641065,82,0.17419086966527672,0.15656566196685182,0.16906236948725306,0.15665384849034864,1.2020070419966942,0.00036412499321158975,6.059195082998485,0.0018078339780913666,0.0009047080093296245,0.002712541987420991,0.001179124999907799,6.063086749985814,1.5209507499967003,7.584037499982514,0.05978220803081058
13,0.06718594779059361,0.06673036748506411,0.07575865028557849,1.6298145055770874e-09,410,1.1954554765711938,0.9670666198102315,0.5599126433002607,0.35510786024867425,0.5599126433002607,0.37557993872850287,0.9720420921559202,0.43630725008595067,0.025376685170499604,0.023014959723820484,0.9999173517127382,0.9839463930940735,0.9918675858515026,344284,338785,0.12574850299401197,0.8521739130434782,0.21915765933656356,345,2338,0.10546875,0.08307692307692308,0.09294320137693632,325,256,0.2,0.023014959723820484,0.0412796697626419,869,100,0.6211267605633802,0.6522290302133953,0.63629805214882,4733,4970,0.36996336996337,0.42246788168509114,0.39447621704561303,3347,3822,0.46822645869439633,0.6525764895330113,0.5452404978136562,2484,3462,0.5226928895612708,0.7209181011997914,0.6060074545055909,1917,2644,0.125,0.5420560747663551,0.2031523642732049,214,928,0.012934518997574777,0.6666666666666666,0.025376685170499604,24,1237,1.253084659576416,0.9587617516517639,334641,82,0.9492851011413996,82,0.14723576164384902,0.15727700333133357,0.1172091833744354,0.1302070613205389,1.2027998749981634,0.0003545829968061298,1.2922629117965698,0.958845317363739,334640,82,0.9604378574981279,82,0.13220199847642156,0.1259000151100793,0.12305572829216445,0.11432498783583774,1.2231557909981348,0.0003456249978626147,1.2541701793670654,0.9577991962432861,334638,82,1.0821642657273465,82,0.14519471607516793,0.15595905037039737,0.13456362599253366,0.12428476080099131,1.20091612500255,0.0003784580039791763,1.2785314321517944,0.9580472111701965,334638,82,1.2153284638744457,82,0.1768793725524016,0.17247991387117143,0.15474385562672308,0.16815511307442682,1.2294406250002794,0.00036370899761095643,1.2748920917510986,0.9562357664108276,334634,82,1.2876109307711145,82,0.15656566196685182,0.1509249607839924,0.16327546762143447,0.1404267701456425,1.2017745830089552,0.00033820800308603793,6.058086999008083,0.0017805829993449152,0.0007150830060709268,0.002495666005415842,0.0011889169982168823,6.0617715820117155,1.5207420410006307,7.582513623012346,0.06046641799912322
14,0.06673036748506411,0.05999004088865263,0.07502149694807202,1.5133991837501526e-09,410,1.1830602164658894,0.9657892241355267,0.5500572598277983,0.3448619117595583,0.5500572598277983,0.3570947666546117,0.9714107056720159,0.43030908442103294,0.032017075773746,0.023014959723820484,0.9999173682983477,0.9841439044509765,0.9919679361533631,344284,338853,0.12721765469493726,0.8521739130434782,0.2213855421686747,345,2311,0.08898305084745763,0.12923076923076923,0.1053952321204517,325,472,0.2,0.023014959723820484,0.0412796697626419,869,100,0.6632356231819199,0.6262412845975068,0.6442077809171919,4733,4469,0.3612630532073595,0.43412010755900804,0.3943547292712715,3347,4022,0.4700607463118311,0.6541867954911433,0.5470459518599562,2484,3457,0.44344344344344344,0.4621804903495044,0.45261813537675605,1917,1998,0.0780688238315357,0.7102803738317757,0.14067561314206387,214,1947,0.01642935377875137,0.625,0.032017075773746,24,913,1.2291100025177002,0.9585854411125183,334641,82,0.9289352871043582,82,0.15727700333133357,0.12583406627721688,0.11586866588986079,0.1420832974064316,1.2035080420027953,0.00034666700230445713,1.2777677774429321,0.9594459533691406,334640,82,0.9447916816313534,82,0.1259000151100793,0.1162859649824498,0.12089967399576401,0.11256278722311881,1.201948583999183,0.0003464170004008338,1.2246373891830444,0.9598610997200012,334638,82,1.0050021693604145,82,0.15595905037039737,0.1370265726001637,0.13463689986439495,0.13585799302175067,1.222010291996412,0.00035029200080316514,1.2585583925247192,0.9579545855522156,334638,82,1.1756543410998463,82,0.17247991387117143,0.17674232212592578,0.15353947845368163,0.15911378179009025,1.2018694169964874,0.0003419170097913593,1.2547409534454346,0.958590567111969,334634,82,1.185484847527115,82,0.1509249607839924,0.1460200532000611,0.15162426777958954,0.1361631727179245,1.2285189579997677,0.0003472499956842512,6.057855292994645,0.0017325430089840665,0.0006395829987013713,0.002372126007685438,0.0011803329980466515,6.0614077520003775,1.4938790000014706,7.555286752001848,0.05909228899690788
15,0.05999004088865263,0.0626021040903405,0.06920746319605542,1.6298145055770874e-09,410,1.173401749628403,0.9663665623553168,0.5466988809422227,0.34670056645859665,0.5466988809422227,0.3626211968546909,0.9718492486798213,0.44312463228577004,0.04106776180698152,0.023014959723820484,0.9999144032727466,0.9839812480394093,0.991883844106564,344284,338798,0.08261405672009864,0.19420289855072465,0.11591695501730104,345,811,0.11354378818737271,0.6861538461538461,0.19484491044124072,325,1964,0.19047619047619047,0.023014959723820484,0.04106776180698152,869,105,0.6488070322310591,0.6549757025142615,0.6518767742613816,4733,4778,0.3910117760153809,0.4861069614580221,0.43340436867341503,3347,4161,0.4696707105719237,0.6545893719806763,0.5469223007063572,2484,3462,0.47030752916224816,0.46270213875847677,0.4664738364449119,1917,1886,0.07879428873611846,0.6962616822429907,0.14156769596199525,214,1891,0.021865889212827987,0.625,0.04225352112676056,24,686,1.220745325088501,0.9594042301177979,334641,82,0.8981571534976553,82,0.12583406627721688,0.13379862355098773,0.10904190864509204,0.12116998563918077,1.2243565419921651,0.00044395799341145903,1.2404063940048218,0.9600585699081421,334640,82,0.8942466673843653,82,0.1162859649824498,0.12221953504074898,0.11232211033545407,0.10281703405937727,1.256337833008729,0.0003462089953245595,1.2027961015701294,0.9605394601821899,334638,82,0.9332856714044974,82,0.1370265726001637,0.12646718697903933,0.11535927088496252,0.12353731616326755,1.2309501670097234,0.00038662500446662307,1.219038963317871,0.9602167010307312,334638,82,1.0884377765318467,82,0.17674232212592578,0.15037100551907417,0.14356880979585301,0.1595688918831752,1.2043336659990018,0.00037104199873283505,1.2844836711883545,0.9506983757019043,334634,82,1.499786193766919,82,0.1460200532000611,0.19578706633174867,0.183963691311941,0.12931107526543134,1.1962060410005506,0.00036287499824538827,6.11218424901017,0.001910708990180865,0.0005872909969184548,0.0024979999870993197,0.001303124998230487,6.1159853739955,1.5187168749980628,7.6347022489935625,0.0588151249976363
16,0.0626021040903405,0.06256849498147853,0.07512771369474121,1.6298145055770874e-09,410,1.1623031273467892,0.9681543584851984,0.5745910271590462,0.36472234424198635,0.5745910271590462,0.39033463602482193,0.9729745010384566,0.43642270868488353,0.030181086519114688,0.02991944764096663,0.9999114579336643,0.984048053351303,0.9919163350929431,344284,338822,0.12813852813852813,0.8579710144927536,0.22297551789077213,345,2310,0.09933774834437085,0.13846153846153847,0.11568123393316196,325,453,0.20967741935483872,0.02991944764096663,0.05236656596173213,869,124,0.6630970229171129,0.6541305725755335,0.6585832801531589,4733,4669,0.4054652880354505,0.49208246190618465,0.4445944122013767,3347,4062,0.4700460829493088,0.6570048309178744,0.5480188045668234,2484,3472,0.5139231582657737,0.7605633802816901,0.6133782078249895,1917,2837,0.1421628189550425,0.5467289719626168,0.2256509161041466,214,823,0.015463917525773196,0.625,0.030181086519114688,24,970,1.2109365463256836,0.9601333737373352,334641,82,0.8996965600717675,82,0.13379862355098773,0.12441247079900955,0.10983039102448637,0.12459285493657483,1.2065414160024375,0.0003501659957692027,1.2395882606506348,0.9608862996101379,334640,82,1.00926047932986,82,0.12221953504074898,0.11975793406343051,0.12659350204361278,0.10815295014474009,1.21796120799263,0.0004231249913573265,1.210095763206482,0.9609817266464233,334638,82,0.8982181886192105,82,0.12646718697903933,0.1252305393671719,0.10888005219740086,0.11761149853917945,1.202854582996224,0.0003816660027951002,1.229051113128662,0.9589795470237732,334638,82,1.3179736884528577,82,0.15037100551907417,0.17314037263979878,0.16749795879152554,0.14565620010700986,1.2288747920101741,0.00037900000461377203,1.2552597522735596,0.9538660049438477,334634,82,1.4357479518243534,82,0.19578706633174867,0.18873112346223084,0.19058916063828849,0.16707423996371062,1.2021008749870816,0.0003582920035114512,6.058332873988547,0.0018922489980468526,0.0006577089952770621,0.0025499579933239147,0.0012406660098349676,6.062123497991706,1.5155546669993782,7.5776781649910845,0.060259044024860486
17,0.06256849498147853,0.059266083218832435,0.07155515441836376,1.6298145055770874e-09,410,1.153054519842677,0.9666315243402447,0.5366006011813146,0.33825797328256635,0.5366006011813146,0.3563232610320014,0.9722373047932807,0.43668422230994,0.0297951582867784,0.023014959723820484,0.9999085791129815,0.9848264804638032,0.9923102249862813,344284,339091,0.06844547563805105,0.17101449275362318,0.09776304888152444,345,862,0.10594196222938738,0.7076923076923077,0.1842948717948718,325,2171,0.125,0.023014959723820484,0.038872691933916424,869,160,0.6915224145583666,0.6583562222691739,0.6745318757441282,4733,4506,0.41016179392563157,0.43172990737974304,0.42066957787481807,3347,3523,0.4697406340057637,0.6561996779388084,0.5475310715485388,2484,3470,0.41535526943252266,0.45435576421491913,0.43398106626806177,1917,2097,0.08126550868486353,0.6121495327102804,0.14348302300109528,214,1612,0.015238095238095238,0.6666666666666666,0.0297951582867784,24,1050,1.1937569379806519,0.9606174826622009,334641,82,0.8582263083380349,82,0.12441247079900955,0.12654778093403501,0.10344337930817193,0.12080299798277658,1.2019038750004256,0.00035745899367611855,1.2292290925979614,0.9604261517524719,334640,82,1.0042958083568119,82,0.11975793406343051,0.12610237004912714,0.1247204019148937,0.11544892348287387,1.2087146660051076,0.0003326250007376075,1.199129343032837,0.9611729979515076,334638,82,0.9407949026906095,82,0.1252305393671719,0.12629519363706687,0.11745487689610609,0.11414736188807412,1.2139858750015264,0.0003644170064944774,1.2191004753112793,0.9605065584182739,334638,82,1.2540304965967013,82,0.17314037263979878,0.17110198088876635,0.16369164827952706,0.15394374136164143,1.1955831660015974,0.0003426670009503141,1.2341670989990234,0.9600877165794373,334634,82,1.3955811267899012,82,0.18873112346223084,0.17524547401685164,0.18072878358519395,0.16393853257451924,1.2275130409980193,0.00038379200850613415,6.047700623006676,0.0017809600103646517,0.0005571670044446364,0.002338127014809288,0.001191083007142879,6.0512298330286285,1.4878505419910653,7.539080375019694,0.05843079197802581
18,0.059266083218832435,0.06815556752795839,0.079510804855324,1.6298145055770874e-09,410,1.1542362455972852,0.9671726046042026,0.5752916799591486,0.3562629451246596,0.5752916799591486,0.37099056257432006,0.9722427390902106,0.4303582372199431,0.022933011466505733,0.018461538461538463,0.9999173561036945,0.9839986755120772,0.991894151111059,344284,338803,0.11764705882352941,0.8753623188405797,0.20741758241758243,345,2567,0.09836065573770492,0.018461538461538463,0.031088082901554404,325,61,0.18,0.020713463751438434,0.03715170278637771,869,100,0.6426524764633648,0.6634270019015424,0.652874519180788,4733,4886,0.40749039692701666,0.3803406035255453,0.3934476896924741,3347,3124,0.4717309365033343,0.6549919484702094,0.5484577785268835,2484,3449,0.5008426019548365,0.775169535732916,0.6085176085176085,1917,2967,0.1323529411764706,0.5887850467289719,0.21612349914236706,214,952,0.011635027556644213,0.7916666666666666,0.022933011466505733,24,1633,1.1874804496765137,0.961212158203125,334641,82,0.9155276586532051,82,0.12654778093403501,0.12609947532393587,0.10973514780410558,0.11882281971020245,1.2296452080045128,0.0003642919909907505,1.2292200326919556,0.9616633057594299,334640,82,0.9083929591566303,82,0.12610237004912714,0.11618049176995231,0.1153417061605909,0.11277259700683243,1.2022501669998746,0.00033495899697300047,1.1919922828674316,0.9617736339569092,334638,82,1.033854616503974,82,0.12629519363706687,0.12870817173110313,0.12954288826504923,0.11704761788656375,1.2283924579969607,0.0003864169993903488,1.20822012424469,0.9617616534233093,334638,82,1.2139178623304179,82,0.17110198088876635,0.15207259377763538,0.15945277312520847,0.152881628430038,1.2006941250001546,0.00037129099655430764,1.270257830619812,0.9577448964118958,334634,82,1.8410382296767753,82,0.17524547401685164,0.2682296085080357,0.23192483009389292,0.16242432795583772,1.1945109160005813,0.0003867920022457838,6.055492874002084,0.0018437509861541912,0.0005994579987600446,0.0024432089849142358,0.0012267919955775142,6.059162874982576,1.5088733339944156,7.5680362089769915,0.06060154200531542
19,0.06815556752795839,0.06667972701137308,0.08104150655316836,1.862645149230957e-09,410,1.1394072207086403,0.9662103742378857,0.558857820707962,0.3548591861962053,0.558857820707962,0.3618584247534924,0.9718558285262198,0.43616806486988724,0.031880977683315624,0.024165707710011506,0.9999114508773742,0.9839696297242974,0.9918764886638295,344284,338795,0.12276422764227642,0.8753623188405797,0.21532976827094474,345,2460,0.09771986970684039,0.09230769230769231,0.0949367088607595,325,307,0.22105263157894736,0.024165707710011506,0.043568464730290454,869,95,0.6510837229069273,0.6473695330657089,0.6492213158173535,4733,4706,0.4045899948427024,0.46877801015835074,0.43432525951557094,3347,3878,0.47082728592162554,0.6529790660225443,0.5471411705177939,2484,3445,0.4882943143812709,0.4569640062597809,0.4721099434114794,1917,1794,0.075990675990676,0.7616822429906542,0.13819415006358626,214,2145,0.016357688113413305,0.625,0.031880977683315624,24,917,1.1737662553787231,0.9616125822067261,334641,82,0.9232114761139785,82,0.12609947532393587,0.1171404208793712,0.1175261759682882,0.12355471992554437,1.2081677499954822,0.00037275000067893416,1.2317978143692017,0.9620218873023987,334640,82,0.9339140368563474,82,0.11618049176995231,0.12410081905492054,0.11803987922399675,0.11202390324618447,1.2241167920001317,0.0003875419934047386,1.173302412033081,0.9621292352676392,334638,82,0.9208920967575501,82,0.12870817173110313,0.10732027096387456,0.11345817567108203,0.12232634575547122,1.202905500002089,0.0003827499895123765,1.1931356191635132,0.9615883231163025,334638,82,1.081413810823878,82,0.15207259377763538,0.14469363484769246,0.13530173802409032,0.1408463628105292,1.2219568330037873,0.0003710409946506843,1.297063946723938,0.9594243168830872,334634,82,1.6901003508783115,82,0.2682296085080357,0.26097294451788117,0.2231938324581681,0.23493682717942688,1.1906504170037806,0.00034620799124240875,6.047797292005271,0.0018602909694891423,0.0005991670041112229,0.0024594579736003652,0.0011368750128895044,6.051393624991761,1.5165259159984998,7.56791954099026,0.05991875001927838
20,0.06667972701137308,0.05699143965064931,0.0751370415248816,1.6298145055770874e-09,410,1.1285409163332527,0.9657975913561033,0.5413553927314192,0.3438810964237718,0.5413553927314192,0.35933718052211244,0.9716078309459583,0.44182746152132746,0.031088082901554404,0.03682393555811277,0.9999114511387384,0.9839725343030754,0.9918779645136734,344284,338796,0.0826271186440678,0.22608695652173913,0.12102404965089217,345,944,0.10912698412698413,0.676923076923077,0.18795386586928664,325,2016,0.20125786163522014,0.03682393555811277,0.0622568093385214,869,159,0.6578255151249452,0.6340587365307416,0.6457235072619688,4733,4562,0.4035041146801168,0.4541380340603526,0.4273263986505482,3347,3767,0.4711844772661454,0.6549919484702094,0.5480882600640054,2484,3453,0.41889312977099236,0.45800730307772564,0.4375778719162721,1917,2096,0.07853982300884955,0.6635514018691588,0.1404549950544016,214,1808,0.015940488841657812,0.625,0.031088082901554404,24,941,1.1676794290542603,0.9619054198265076,334641,82,0.859512395536576,82,0.1171404208793712,0.11161230651723966,0.10281476139070972,0.1127382717741436,1.2042249999940395,0.00033133300894405693,1.202810525894165,0.9606442451477051,334640,82,0.9417907793410647,82,0.12410081905492054,0.11881739982486728,0.11565672641087486,0.11514850290785557,1.2073205839988077,0.0003889579966198653,1.1657333374023438,0.9626491665840149,334638,82,0.8450723809125454,82,0.10732027096387456,0.10794196053593563,0.09789629108479825,0.10682624436161206,1.2217758750048233,0.00034404199686832726,1.1858689785003662,0.9618542790412903,334638,82,1.047952908825903,82,0.14469363484769246,0.1425540305932073,0.12939589894444617,0.13299176612470587,1.2038487089885166,0.000349665991961956,1.2269489765167236,0.9419664740562439,334634,82,1.7375840384437404,82,0.26097294451788117,0.18753016774848733,0.240305926959025,0.2288772473034246,1.2186855000036303,0.00038379200850613415,6.0558556679898174,0.0017977910029003397,0.0005947500030742958,0.0023925410059746355,0.0011764170048991218,6.059424626000691,1.4920285840053111,7.551453210006002,0.060513415999594145
21,0.05699143965064931,0.059014562421008186,0.0736299052823828,1.775333657860756e-09,410,1.122304436230736,0.9681543584851984,0.5880035285257901,0.3665544571343302,0.5880035285257901,0.3982213737401734,0.9732328059589224,0.4445293337592308,0.03228699551569507,0.03452243958573072,0.9999114351927023,0.9837953549976183,0.9917879297647649,344284,338735,0.11330298431967628,0.6492753623188405,0.1929371231696813,345,1977,0.10071942446043165,0.30153846153846153,0.1510015408320493,325,973,0.17142857142857143,0.03452243958573072,0.05747126436781609,869,175,0.6407399621610259,0.6439890133107965,0.6423603793466807,4733,4757,0.4625390218522373,0.5312219898416493,0.4945070226672229,3347,3844,0.4711844772661454,0.6549919484702094,0.5480882600640054,2484,3453,0.5377049180327869,0.7699530516431925,0.6332046332046332,1917,2745,0.15151515151515152,0.5607476635514018,0.23856858846918488,214,792,0.016498625114573784,0.75,0.03228699551569507,24,1091,1.166402816772461,0.9624672532081604,334641,82,0.8467855377013086,82,0.11161230651723966,0.12526608945198825,0.10692606615645353,0.10298178585934804,1.2345453750021989,0.00035666600160766393,1.2035566568374634,0.963336706161499,334640,82,0.9706225158453476,82,0.11881739982486728,0.12881561920680643,0.12407571231129817,0.10750250679838531,1.2023600829998031,0.0003466669877525419,1.144311785697937,0.963438093662262,334638,82,0.8001212291592636,82,0.10794196053593563,0.11047696940378306,0.1009553592533376,0.09544008665062174,1.2264449579961365,0.0003794170042965561,1.182352066040039,0.9632737636566162,334638,82,1.1786771037489154,82,0.1425540305932073,0.16153014534906213,0.14843791752909163,0.1304332447244143,1.202377791996696,0.00037129099655430764,1.2385947704315186,0.9603238105773926,334634,82,1.4434459155268744,82,0.18753016774848733,0.20529847557944061,0.19100710002438048,0.1708558212090919,1.2025229169958038,0.00036083400482311845,6.068251124990638,0.001814874995034188,0.0005985419993521646,0.0024134169943863526,0.0012637500040000305,6.071928291989025,1.5188948330032872,7.590823124992312,0.060026292005204596
22,0.059014562421008186,0.05719362936449202,0.07169083490344515,1.862645149230957e-09,410,1.111720264041358,0.9688767285283174,0.5813228186840137,0.36150708667437925,0.5813228186840137,0.40058179370907976,0.9737113414710455,0.4698136726154611,0.04310344827586207,0.04142692750287687,0.9999114527068907,0.9839899617757433,0.9918868195219929,344284,338802,0.08055853920515575,0.21739130434782608,0.11755485893416928,345,931,0.11520498183705241,0.683076923076923,0.19715808170515098,325,1927,0.10344827586206896,0.04142692750287687,0.05916187345932621,869,348,0.6325301204819277,0.6655398267483625,0.6486152579017811,4733,4980,0.4776889347433583,0.5533313414998506,0.512735326688815,3347,3877,0.4726107226107226,0.6529790660225443,0.5483434753211629,2484,3432,0.5737082066869301,0.7876890975482524,0.6638821719059134,1917,2632,0.13708820403825717,0.602803738317757,0.22337662337662337,214,941,0.022321428571428572,0.625,0.04310344827586207,24,672,1.1529617309570312,0.96221923828125,334641,82,0.8114209438893232,82,0.12526608945198825,0.11444040552660335,0.10092546927503751,0.11508137136188006,1.2135629999975208,0.0003682079986901954,1.1900360584259033,0.9624999761581421,334640,82,0.902509478139054,82,0.12881561920680643,0.1158142075708261,0.11542094968431464,0.11559345803760378,1.2248012500058394,0.0004743330064229667,1.1513235569000244,0.9626163244247437,334638,82,0.8358806740918395,82,0.11047696940378306,0.11785706445701671,0.10175168741447038,0.10694535889636038,1.2017348340013996,0.00037916700239293277,1.1697847843170166,0.961651086807251,334638,82,1.205803290364794,82,0.16153014534906213,0.1539479410661387,0.15588879996125155,0.14917565310268538,1.2288136249990202,0.000382583006285131,1.2027437686920166,0.9616057872772217,334634,82,1.3785884900683427,82,0.20529847557944061,0.1761693623415078,0.18265897195048733,0.1871356943018575,1.1985389160108753,0.00036550000368151814,6.067451625014655,0.001969791017472744,0.0006000419962219894,0.0025698330136947334,0.0011330830020597205,6.07115454103041,1.5169472920097178,7.5881018330401275,0.057596000959165394
23,0.05719362936449202,0.05477492091407687,0.07114818851466215,1.8044374883174896e-09,410,1.102858890246862,0.9682296634703884,0.5787542618812302,0.36197718688875913,0.5787542618812302,0.39638418620758276,0.973460619614841,0.45427825479424166,0.03654080389768575,0.047180667433831994,0.9999114597628892,0.9840683854027489,0.9919266651344653,344284,338829,0.07914438502673797,0.2144927536231884,0.115625,345,935,0.10177566045907319,0.7230769230769231,0.17843583902809415,325,2309,0.10962566844919786,0.047180667433831994,0.06596942880128721,869,374,0.6467053015668598,0.6365941263469258,0.6416098807495741,4733,4659,0.45851293103448276,0.5085150881386317,0.4822212778013883,3347,3712,0.4737914967967385,0.6549919484702094,0.5498479215951335,2484,3434,0.5949764521193093,0.7908189880020866,0.6790593505039194,1917,2548,0.1365079365079365,0.602803738317757,0.22260569456427956,214,945,0.018820577164366373,0.625,0.03654080389768575,24,797,1.1458874940872192,0.963169515132904,334641,82,0.7798178884782082,82,0.11444040552660335,0.1129359825951002,0.09720420925353784,0.1051546453371995,1.207675041994662,0.00035637499240692705,1.1820074319839478,0.9622669219970703,334640,82,0.9850432805211444,82,0.1158142075708261,0.12865940047372035,0.12890499406305697,0.10650694238597777,1.206155250009033,0.00034787500044330955,1.1390763521194458,0.9631392955780029,334638,82,0.8492416881758463,82,0.11785706445701671,0.11368957940374869,0.10905653088285196,0.10439168134938517,1.2187705830001505,0.00033045800228137523,1.135964035987854,0.9629629850387573,334638,82,1.1875036734246545,82,0.1539479410661387,0.14977799287453414,0.15648274054830869,0.14068284385375668,1.2027389579889132,0.00036837501102127135,1.1779054403305054,0.9628041386604309,334634,82,1.0782972642851605,82,0.1761693623415078,0.1484810880257291,0.14257727663915765,0.160278893399013,1.229148707992863,0.0003431250079302117,6.0644885409856215,0.001746208014083095,0.0005967499891994521,0.002342958003282547,0.001186500012408942,6.068017999001313,1.492789708005148,7.560807707006461,0.05751616699853912
24,0.05477492091407687,0.0504925464584177,0.06380100177514218,1.862645149230957e-09,410,1.0975492373110902,0.9689101974106241,0.5954384532325143,0.36807262442188204,0.5954384532325143,0.4034759868978933,0.9738124650732377,0.4648050935518987,0.04672897196261682,0.04487917146144994,0.9999085127418141,0.9841119540844186,0.9919473481582541,344284,338845,0.12215239591516104,0.9014492753623189,0.2151504669664476,345,2546,0.06841339155749636,0.14461538461538462,0.09288537549407115,325,687,0.12302839116719243,0.04487917146144994,0.0657672849915683,869,317,0.6412435233160622,0.6537080076061694,0.6474157773592801,4733,4825,0.460297131147541,0.5368987152674036,0.4956557716177079,3347,3904,0.4723428902403707,0.6566022544283414,0.5494357419572174,2484,3453,0.6275890637945319,0.7902973395931142,0.6996074809512814,1917,2414,0.1414790996784566,0.616822429906542,0.23016564952048824,214,933,0.024271844660194174,0.625,0.04672897196261682,24,618,1.127968668937683,0.9638418555259705,334641,82,0.7466477632745158,82,0.1129359825951002,0.11619769236772876,0.09066472536879874,0.10883889326062247,1.2278752499987604,0.0003894170076819137,1.1752625703811646,0.9634741544723511,334640,82,0.9066153794414898,82,0.12865940047372035,0.1150823359892367,0.1187520505517973,0.1126838384084954,1.1974245829915162,0.0003357090026838705,1.1336510181427002,0.9639461040496826,334638,82,0.9430163421374872,82,0.11368957940374869,0.12956720065664393,0.11830871107613483,0.10492826400221485,1.2275687500077765,0.00038458299241028726,1.1394057273864746,0.9631332755088806,334638,82,0.9830073567002269,82,0.14977799287453414,0.10681627681066744,0.13255527391800453,0.12990655858577732,1.1905888750043232,0.0003389170014997944,1.186511516571045,0.9624305963516235,334634,82,1.0325256367094025,82,0.1484810880257291,0.14546846098773017,0.13297430252875977,0.1388614430600431,1.2014538329967763,0.0003608330007409677,6.044911290999153,0.0018094590050168335,0.00081291698734276,0.0026223759923595935,0.001263292011572048,6.048796959003084,1.5146713750000345,7.563468334003119,0.058929040998918936
25,0.0504925464584177,0.053883878085050234,0.06667574079850147,1.7462298274040222e-09,410,1.091104101613917,0.9683635389996151,0.5745813152925217,0.3596035402237769,0.5745813152925217,0.39449013409455824,0.9735318561645755,0.465171431788493,0.03773584905660377,0.04487917146144994,0.9999114689078804,0.9841700456599783,0.9919783121666169,344284,338864,0.06770255271920089,0.17681159420289855,0.09791332263242375,345,901,0.10192953020134228,0.7476923076923077,0.17940199335548174,325,2384,0.09263657957244656,0.04487917146144994,0.06046511627906977,869,421,0.637208341936816,0.6520177477287132,0.6445279866332498,4733,4843,0.47635524798154555,0.4935763370182253,0.48481291269258986,3347,3468,0.4794238683127572,0.6566022544283414,0.5541963982330955,2484,3402,0.5833654216403542,0.7902973395931142,0.6712450155073106,1917,2597,0.13804713804713806,0.5747663551401869,0.22262443438914026,214,891,0.019455252918287938,0.625,0.03773584905660377,24,771,1.134894609451294,0.9638568162918091,334641,82,0.8839175422024107,82,0.11619769236772876,0.13878770311895477,0.11158375333978364,0.10938827720975206,1.2104880410042824,0.00034675000642891973,1.1775016784667969,0.9634084105491638,334640,82,0.914633050544167,82,0.1150823359892367,0.11714871877475615,0.1178743054410473,0.10458695340932311,1.2220666669891216,0.0003424580063438043,1.1259933710098267,0.9645527601242065,334638,82,0.9823381931506662,82,0.12956720065664393,0.11855069768623237,0.12798722637114507,0.11522021310168211,1.2039977080130484,0.00039191699761431664,1.1249806880950928,0.9640507102012634,334638,82,0.8703769471103288,82,0.10681627681066744,0.12005941281293614,0.1115233420000872,0.10076727732362686,1.224574499996379,0.0004601660039043054,1.1619940996170044,0.9639785289764404,334634,82,0.999112815065736,82,0.14546846098773017,0.13342139141794576,0.13066010469693617,0.13047150880148406,1.2010032910038717,0.0003789999900618568,6.062130207006703,0.0019202910043532029,0.0008946249872678891,0.002814915991621092,0.001171290990896523,6.066116413989221,1.517896582998219,7.58401299698744,0.05786366898973938
26,0.053883878085050234,0.05204138653192368,0.06463293212724215,1.862645149230957e-09,410,1.0777270909438692,0.9692978786306765,0.6063661696880552,0.3716024802112795,0.6063661696880552,0.4055159285488278,0.9743091660842623,0.4811170578571655,0.04353393085787452,0.05408515535097814,0.9999144749647578,0.9848061484123573,0.9923028069877635,344284,339082,0.12033833141099577,0.9072463768115943,0.21249151391717583,345,2601,0.07993197278911565,0.14461538461538462,0.10295728368017525,325,588,0.10329670329670329,0.05408515535097814,0.07099697885196375,869,455,0.6781086610593317,0.6302556518064653,0.6533070521243978,4733,4399,0.4682684774092452,0.5357036151777711,0.49972129319955405,3347,3829,0.4782863849765258,0.6561996779388084,0.5532926001357773,2484,3408,0.6274916943521595,0.7882107459572248,0.698728323699422,1917,2408,0.13793103448275862,0.6542056074766355,0.22782750203417412,214,1015,0.022457067371202115,0.7083333333333334,0.04353393085787452,24,757,1.1332480907440186,0.964042067527771,334641,82,0.8083706958767416,82,0.13878770311895477,0.12441086408312321,0.10601669949685022,0.12223652465032488,1.200803542000358,0.0003430420038057491,1.1589417457580566,0.9637670516967773,334640,82,0.9767949397504909,82,0.11714871877475615,0.12262948564675724,0.12518610919004236,0.10265707780929596,1.208585165994009,0.00034408400824759156,1.1177351474761963,0.9647589325904846,334638,82,0.8566941313888993,82,0.11855069768623237,0.12462755102636722,0.1091940625079062,0.11048681933911131,1.2220857919892296,0.0003431250079302117,1.1254899501800537,0.963276743888855,334638,82,0.9759384340392635,82,0.12005941281293614,0.1370489809380661,0.12214257606240211,0.10756328397015283,1.2011407909885747,0.0003762090054806322,1.1716279983520508,0.9635153412818909,334634,82,1.1165907746264792,82,0.13342139141794576,0.14542876967330814,0.14533670235271515,0.12442212258812899,1.227476290994673,0.00039354199543595314,6.060091581966844,0.0018000020209001377,0.0005535829986911267,0.0023535850195912644,0.0012434580130502582,6.063688624999486,1.4970727920008358,7.560761417000322,0.059175666014198214
27,0.05204138653192368,0.05410830985457815,0.0638408398863957,1.7462298274040222e-09,410,1.0767220274971692,0.9684276876907029,0.6036806600545502,0.36841470039708674,0.6036806600545502,0.40247791401813426,0.9739327977258376,0.48524815100791957,0.037075180226570546,0.06444188722669736,0.9999144194391817,0.9841671410812004,0.9919782886820679,344284,338862,0.12307083498219232,0.9014492753623189,0.21657381615598886,345,2527,0.07582938388625593,0.1476923076923077,0.10020876826722339,325,633,0.06549707602339182,0.06444188722669736,0.06496519721577726,869,855,0.6433398735557009,0.6234946122966406,0.6332618025751073,4733,4587,0.5282160194174758,0.5201673140125486,0.5241607707361132,3347,3296,0.4817018744421303,0.6517713365539453,0.5539777587681779,2484,3361,0.6241251543845204,0.7908189880020866,0.6976530142659917,1917,2429,0.12344497607655502,0.602803738317757,0.20492454328832407,214,1045,0.01900739176346357,0.75,0.037075180226570546,24,947,1.1151583194732666,0.9638149738311768,334641,82,0.8198116770061049,82,0.12441086408312321,0.11929784127152082,0.10037689960196954,0.12057237001119303,1.2199927499896148,0.0003754579956876114,1.1369893550872803,0.9648218750953674,334640,82,0.9004596026451764,82,0.12262948564675724,0.1091682212080752,0.1208362739249808,0.10779120740712478,1.2010317090025637,0.00038174999644979835,1.1256910562515259,0.9640178084373474,334638,82,0.9271394759718026,82,0.12462755102636722,0.13598320863679647,0.11509427944476112,0.11522184471523925,1.2214442499971483,0.0003522500046528876,1.1367615461349487,0.9624907970428467,334638,82,1.1664530825650754,82,0.1370489809380661,0.1743243165835943,0.14436359505864427,0.12180479005741714,1.1965862910001306,0.0003626249963417649,1.1501953601837158,0.9636528491973877,334634,82,1.1280747606751358,82,0.14542876967330814,0.14183355490119162,0.1448238711972053,0.13479378807288533,1.2031041660084156,0.0003419169952394441,6.042159165997873,0.0018139999883715063,0.0005838749930262566,0.002397874981397763,0.0012015839893138036,6.045758624968585,1.5186140419973526,7.564372666965937,0.05770783401385415
28,0.05410830985457815,0.05925178246933264,0.06859352066555888,1.862645149230957e-09,410,1.078992701621205,0.9685197271170463,0.5947793279437221,0.37022823533603305,0.5947793279437221,0.4058037402250593,0.9740331504205395,0.4724611664990973,0.04488078541374474,0.06559263521288838,0.9999144153981455,0.9841206678207526,0.9919546791972246,344284,338846,0.11629001883239172,0.7159420289855073,0.20008100445524504,345,2124,0.07651515151515151,0.31076923076923074,0.12279635258358662,325,1320,0.07862068965517241,0.06559263521288838,0.07151819322459223,869,725,0.6501657458563536,0.6215930699345025,0.6355584359472888,4733,4525,0.5167958656330749,0.537795040334628,0.527086383601757,3347,3483,0.47651006711409394,0.6574074074074074,0.5525291828793775,2484,3427,0.6415254237288136,0.7897756911841419,0.7079728781856441,1917,2360,0.12272291466922339,0.5981308411214953,0.20365950676213207,214,1043,0.023222060957910014,0.6666666666666666,0.04488078541374474,24,689,1.1061362028121948,0.9634563326835632,334641,82,0.8247038516236844,82,0.11929784127152082,0.11753446662476646,0.10256186812915444,0.11549966742196044,1.20262883300893,0.0003888750070473179,1.1519464254379272,0.9644095301628113,334640,82,0.9102626614773167,82,0.1091682212080752,0.11375014184402403,0.11480772902300429,0.1020833094003994,1.2234167909919051,0.00034229100856464356,1.1108001470565796,0.9651623368263245,334638,82,1.0897374603352707,82,0.13598320863679647,0.150872017223215,0.13592199542288816,0.12705068003659978,1.2018250419932883,0.0003725830028997734,1.1381665468215942,0.9643286466598511,334638,82,1.0843959369642755,82,0.1743243165835943,0.16079075112532493,0.14413095412811,0.15188365340572932,1.2284909159934614,0.00036208399978931993,1.1531298160552979,0.9635422825813293,334634,82,1.1670278835024628,82,0.14183355490119162,0.17346993004136346,0.1444487506541589,0.13242571584167415,1.2019349159963895,0.00038366699300240725,6.058296497983974,0.001849500011303462,0.0009555830038152635,0.0028050830151187256,0.0011839159997180104,6.062285496998811,1.525357584003359,7.58764308100217,0.05974079400766641
29,0.05925178246933264,0.051773947266153565,0.0707660941476004,1.8335413187742233e-09,410,1.0732587256022739,0.9688321033519086,0.58335670599347,0.3658987034846507,0.58335670599347,0.40622822391331503,0.9739197214558587,0.483667064307991,0.061895551257253385,0.06214039125431531,0.9999144161558688,0.9841293815570866,0.9919591060598741,344284,338849,0.08501594048884166,0.2318840579710145,0.12441679626749612,345,941,0.10063157894736842,0.7353846153846154,0.17703703703703705,325,2375,0.06390532544378698,0.06214039125431531,0.06301050175029171,869,845,0.6167095624628787,0.6581449397844918,0.6367538838920687,4733,5051,0.5518198642813078,0.5345085150881387,0.5430262558810138,3347,3242,0.48247177658942364,0.6537842190016103,0.5552136752136753,2484,3366,0.5565726839985353,0.792905581637976,0.6540447504302926,1917,2731,0.1694915254237288,0.514018691588785,0.2549246813441483,214,649,0.032454361054766734,0.6666666666666666,0.061895551257253385,24,493,1.1048868894577026,0.9632800817489624,334641,82,0.816452250085923,82,0.11753446662476646,0.12600448796397867,0.100683032681417,0.12207612193708109,1.2037404579896247,0.0003497500001685694,1.130742073059082,0.9638566970825195,334640,82,0.8545801207052293,82,0.11375014184402403,0.1107310262661052,0.11400279917261853,0.10740962685108861,1.2122042910050368,0.0003880419972119853,1.112667441368103,0.9646573066711426,334638,82,0.9209836736332461,82,0.150872017223215,0.13501457729396701,0.11981392618764072,0.13404335073020332,1.2141172500123503,0.00034595800389070064,1.1073858737945557,0.9638594388961792,334638,82,1.1067334615952014,82,0.16079075112532493,0.15116060519461222,0.14680607048408975,0.14590378633733633,1.2052878749964293,0.0003767500020330772,1.142296314239502,0.9617014527320862,334634,82,1.15729317453265,82,0.17346993004136346,0.16224147645512157,0.15530551303663767,0.14903816464475553,1.227585500004352,0.0003829589986708015,6.062935374007793,0.001843459001975134,0.0005558340053539723,0.0023992930073291063,0.001207875000545755,6.066542542015668,1.4959396250051213,7.562482167020789,0.0579931249958463
30,0.051773947266153565,0.05216422412766277,0.06686808506748089,1.862645149230957e-09,410,1.0612542190753906,0.9687316967049885,0.595799315964577,0.36730829676295784,0.595799315964577,0.4047723419067065,0.9740510751666827,0.4858220412063952,0.055130168453292494,0.06559263521288838,0.9999144194391817,0.9841671410812004,0.9919782886820679,344284,338862,0.07628004179728318,0.21159420289855072,0.11213517665130568,345,957,0.10292812777284827,0.7138461538461538,0.17991469561845677,325,2254,0.06462585034013606,0.06559263521288838,0.06510565391205025,869,882,0.6247460381958554,0.6496936403972111,0.6369756602796478,4733,4922,0.5473161650636054,0.5270391395279355,0.536986301369863,3347,3223,0.4838230929059068,0.6561996779388084,0.5569793268409363,2484,3369,0.6063872255489022,0.7923839332290037,0.687019448213478,1917,2505,0.13844515441959532,0.6074766355140186,0.22549869904596703,214,939,0.028616852146263912,0.75,0.055130168453292494,24,629,1.099345326423645,0.9641197323799133,334641,82,0.779979013634114,82,0.12600448796397867,0.12131033943256084,0.09737182238387485,0.11636719083878044,1.2349065830057953,0.0003290830063633621,1.1387159824371338,0.9645200967788696,334640,82,1.031591158034437,82,0.1107310262661052,0.14422054614144755,0.13083005019060864,0.1050723495258071,1.2027144169987878,0.0003508749941829592,1.0844717025756836,0.9655777215957642,334638,82,0.8910360085937393,82,0.13501457729396701,0.11128074693749802,0.11410371726665969,0.13042599972009664,1.2328499580034986,0.0003573340072762221,1.099353551864624,0.9639729857444763,334638,82,1.0727182931722845,82,0.15116060519461222,0.16103286433931202,0.14105376497234554,0.13675814488372295,1.196356749991537,0.0003465839981799945,1.1391892433166504,0.9644686579704285,334634,82,1.1024535738504335,82,0.16224147645512157,0.13927006581561516,0.14528878797755898,0.14778787924029466,1.2030812080047326,0.000349458001437597,6.069908916004351,0.0017333340074401349,0.0005788329872302711,0.002312166994670406,0.0012408750044414774,6.073461958003463,1.560284708000836,7.633746666004299,0.058311332992161624
31,0.05216422412766277,0.05063306367974185,0.06634101301848226,1.7462298274040222e-09,410,1.056878970246474,0.9689213537047263,0.5881187766779308,0.3705565229916029,0.5881187766779308,0.4050863849010101,0.974152309022189,0.4925507622278973,0.06550218340611354,0.06098964326812428,0.9999085184114075,0.9841729502387564,0.9919783356510283,344284,338866,0.07399103139013453,0.19130434782608696,0.10670978172999192,345,892,0.0970873786407767,0.7692307692307693,0.1724137931034483,325,2575,0.10578842315369262,0.06098964326812428,0.07737226277372262,869,501,0.6444949390621773,0.659201352207902,0.6517651974096511,4733,4841,0.485698719694906,0.5327158649536898,0.5081219720718153,3347,3671,0.4828706438275251,0.6582125603864735,0.5570698466780238,2484,3386,0.6609798775153106,0.7882107459572248,0.7190102307875327,1917,2286,0.12018348623853212,0.6121495327102804,0.200920245398773,214,1090,0.03456221198156682,0.625,0.06550218340611354,24,434,1.096329689025879,0.9642602205276489,334641,82,0.7216273819238009,82,0.12131033943256084,0.10578670898411989,0.09028023160081045,0.11319397798415987,1.1983687079919036,0.0003521250037010759,1.1583510637283325,0.9648129343986511,334640,82,0.9631943401434131,82,0.14422054614144755,0.12223215800310985,0.12712896476827049,0.12579957909773848,1.2269550409982912,0.00036941700091119856,1.0983811616897583,0.9651563763618469,334638,82,0.8473573254233298,82,0.11128074693749802,0.1257321668189434,0.10739311212407382,0.11172904884841142,1.2012232919951202,0.0003609589912230149,1.0771217346191406,0.964812695980072,334638,82,1.1398361330565496,82,0.16103286433931202,0.12162310243078431,0.15186424810706714,0.14320760641927355,1.2278240000014193,0.0003783749998547137,1.1515753269195557,0.9646807909011841,334634,82,1.0625900827947268,82,0.13927006581561516,0.15106300875667067,0.13643146430651193,0.134131221478424,1.2019918330042856,0.0003846670006169006,6.05636287399102,0.0018455429963069037,0.0005569999921135604,0.002402542988420464,0.0011981249990640208,6.0599635419785045,1.512787917003152,7.5727514589816565,0.05806812499940861
32,0.05063306367974185,0.054914325586249396,0.0682703001964985,1.862645149230957e-09,410,1.052717931242465,0.9696883489242544,0.599875868840827,0.37216898763622386,0.599875868840827,0.40737211233511655,0.9747201807758128,0.49400432522160004,0.04975124378109453,0.04602991944764097,0.9999115344352211,0.9848990949332528,0.9923485401646769,344284,339115,0.12019410227696901,0.9333333333333333,0.21296296296296297,345,2679,0.06119951040391677,0.15384615384615385,0.08756567425569177,325,817,0.05412719891745602,0.04602991944764097,0.04975124378109453,869,739,0.6475916014820914,0.6646946968096344,0.6560316963820249,4733,4858,0.581989247311828,0.5174783388108755,0.5478412146133165,3347,2976,0.4798363530099357,0.6610305958132046,0.5560447003047748,2484,3422,0.6031809145129224,0.7913406364110589,0.6845667870036101,1917,2515,0.14553990610328638,0.5794392523364486,0.2326454033771107,214,852,0.028119507908611598,0.6666666666666666,0.05396290050590219,24,569,1.1010323762893677,0.9651118516921997,334641,82,0.8039365068915121,82,0.10578670898411989,0.11441053088799638,0.10277370314261765,0.10029380650588883,1.2031801249977434,0.00034758300171233714,1.1315512657165527,0.9652970433235168,334640,82,0.9266500137113537,82,0.12223215800310985,0.12711646399761134,0.12024583159396582,0.11449652001366499,1.20648229100334,0.00037637499917764217,1.0859099626541138,0.9655777215957642,334638,82,0.8825362512939625,82,0.1257321668189434,0.12672483841964674,0.11342467284922274,0.11085848977045992,1.2231556249898858,0.00034937499731313437,1.0795814990997314,0.9650846719741821,334638,82,0.9504889171094187,82,0.12162310243078431,0.1375169837592296,0.12127123159362388,0.11278253924505201,1.2007019580050837,0.00038012499862816185,1.1541779041290283,0.965607225894928,334634,82,1.2920950519213752,82,0.15106300875667067,0.1859098414479555,0.16692446689516655,0.1362201901794898,1.2277223330020206,0.0003808750043390319,6.0612423319980735,0.0018343330011703074,0.0005422499962151051,0.0023765829973854125,0.0011150000063935295,6.064733915001852,1.4883400420076214,7.553073957009474,0.06115654400491621
33,0.054914325586249396,0.059780675108239305,0.07448297703233718,1.862645149230957e-09,410,1.0488429058991917,0.9695656296891298,0.6081197925987072,0.37211813312437786,0.6081197925987072,0.4068709976045605,0.9746917456373186,0.49604867475517933,0.05322128851540616,0.05523590333716916,0.9999144782435601,0.984843907936471,0.9923219765313245,344284,339095,0.11935240963855422,0.9188405797101449,0.21126291236254582,345,2656,0.056921086675291076,0.13538461538461538,0.08014571948998178,325,773,0.07228915662650602,0.05523590333716916,0.06262230919765166,869,664,0.6666666666666666,0.6397633636171561,0.6529380053908356,4733,4542,0.534876989869754,0.5521362414102181,0.5433695971773008,3347,3455,0.4855029585798817,0.6606280193236715,0.5596862210095498,2484,3380,0.620190318576748,0.7819509650495566,0.6917397323488694,1917,2417,0.13793103448275862,0.5607476635514018,0.22140221402214022,214,870,0.02753623188405797,0.7916666666666666,0.05322128851540616,24,690,1.0825493335723877,0.9657453894615173,334641,82,0.776619419699125,82,0.11441053088799638,0.11951394134270248,0.09936575890730383,0.11208880761647856,1.2312383750104345,0.00034875000710599124,1.1482281684875488,0.9650699496269226,334640,82,0.987698452180576,82,0.12711646399761134,0.1389978143026181,0.12668077017740034,0.11739253464389694,1.205574500010698,0.00038574999780394137,1.0847506523132324,0.9660468697547913,334638,82,0.901080634241158,82,0.12672483841964674,0.12589702473725334,0.11965077796922165,0.11802234912760647,1.2232436660124222,0.0003862919984385371,1.079155445098877,0.9651235342025757,334638,82,0.9814119664856666,82,0.1375169837592296,0.1312481331306653,0.12910144571181453,0.1261424260389066,1.2035108339914586,0.0003463750035734847,1.134164810180664,0.9653860926628113,334634,82,1.693685855983736,82,0.1859098414479555,0.22829235989151575,0.21331817597256922,0.16588204816878688,1.2024745420058025,0.0003727919975062832,6.066041917030816,0.0018399590044282377,0.0005915000074310228,0.0024314590118592605,0.0012187090032966807,6.069692085045972,1.5172881249891361,7.586980210035108,0.05642012396128848
34,0.059780675108239305,0.055111410166537575,0.08019048599454331,1.862645149230957e-09,410,1.0450554785508903,0.969250464380742,0.5938822712996233,0.3738763630844466,0.5938822712996233,0.40882007712377844,0.9746218798928163,0.5064140899310039,0.056838365896980464,0.07825086306098965,0.999914479000171,0.984852621672805,0.9923264001685733,344284,339098,0.11457848160223567,0.7130434782608696,0.19743178170144463,345,2147,0.07067879636109167,0.31076923076923074,0.11516533637400228,325,1429,0.0761478163493841,0.07825086306098965,0.0771850170261067,869,893,0.6759504862953138,0.6461018381576167,0.6606892081667927,4733,4524,0.532324187953327,0.5043322378249179,0.5179502915004602,3347,3171,0.4868891537544696,0.6578099838969405,0.5595890410958904,2484,3356,0.6192622950819672,0.7882107459572248,0.6935965113610282,1917,2440,0.13333333333333333,0.5887850467289719,0.21742881794650562,214,945,0.029684601113172542,0.6666666666666666,0.056838365896980464,24,539,1.0833252668380737,0.9654316306114197,334641,82,0.8248975694881077,82,0.11951394134270248,0.1115207956089582,0.10473308123669284,0.11641862194481688,1.2052148330112686,0.0003461250016698614,1.1344735622406006,0.965742290019989,334640,82,0.9847149916970103,82,0.1389978143026181,0.13543993774066648,0.12647008241727936,0.13011782675233993,1.2214107500039972,0.00046208398998714983,1.0702180862426758,0.9657689929008484,334638,82,0.8668121789806202,82,0.12589702473725334,0.10760271648269105,0.11109156436983253,0.1179104524392957,1.1948435839876765,0.00033925000752788037,1.0898295640945435,0.963151216506958,334638,82,1.3344584152220416,82,0.1312481331306653,0.15966827851841053,0.1709368617051934,0.12741569585640045,1.2216222079878207,0.00034520900226198137,1.1429370641708374,0.9647704362869263,334634,82,1.4805190822690018,82,0.22829235989151575,0.16443774054987806,0.20794142030511106,0.2007664200442764,1.2025365410081577,0.0003538750024745241,6.045627915998921,0.001846543003921397,0.0010104999964823946,0.0028570430004037917,0.001229375004186295,6.049714334003511,1.5155357079929672,7.565250041996478,0.05947454100532923
35,0.055111410166537575,0.05624257000665788,0.07229582612746659,2.0954757928848267e-09,410,1.038226849233425,0.9696799817036776,0.6166046186705032,0.38381291643441673,0.6166046186705032,0.4182169343594252,0.9751569220457992,0.48871688882204084,0.04938271604938271,0.11047180667433831,0.9999144774869357,0.9848351942001371,0.9923175528552364,344284,339092,0.125,0.8115942028985508,0.21663442940038685,345,2240,0.08128342245989305,0.23384615384615384,0.12063492063492064,325,935,0.08664259927797834,0.11047180667433831,0.09711684370257967,869,1108,0.7036427732079906,0.6325797591379675,0.6662216288384513,4733,4255,0.5169632925472748,0.5554227666567075,0.5355033847040185,3347,3596,0.5004582951420715,0.6594202898550725,0.5690463783220427,2484,3273,0.6738063364569389,0.7876890975482524,0.7263107263107264,1917,2241,0.12488605287146765,0.6401869158878505,0.20900076277650648,214,1097,0.02553191489361702,0.75,0.04938271604938271,24,705,1.0836783647537231,0.9654346108436584,334641,82,0.7235894787464144,82,0.1115207956089582,0.10663687466930051,0.09260326084749941,0.10479873499489119,1.2032440830080304,0.00034087499079760164,1.1245964765548706,0.9647591710090637,334640,82,1.1679799497387944,82,0.13543993774066648,0.16286490478059415,0.14810909038123726,0.1275509015300793,1.210383957994054,0.0003844169987132773,1.0768691301345825,0.9654731154441833,334638,82,0.9388658116868995,82,0.10760271648269105,0.12260132657055474,0.1176034298031821,0.1023455100821569,1.2163652079907479,0.0003737499937415123,1.073182225227356,0.9651175141334534,334638,82,0.9977261280756667,82,0.15966827851841053,0.13359821122533508,0.1378444157511073,0.13331775682188138,1.2035461250052322,0.00033283300581388175,1.1225059032440186,0.96610027551651,334634,82,1.2857594237239947,82,0.16443774054987806,0.16725603269479067,0.1659789348318958,0.15558389810548237,1.226101500011282,0.0003779580001719296,6.059640874009347,0.0018098329892382026,0.0005538749974220991,0.0023637079866603017,0.00123666699801106,6.063241248994018,1.4873374159942614,7.550578664988279,0.05727495899191126
36,0.05624257000665788,0.05358944362852264,0.06920232460553702,1.862645149230957e-09,410,1.038888393014039,0.9683997969554473,0.6145914149817179,0.3791864231731207,0.6145914149817179,0.4117720433650943,0.9742556796945907,0.4766184781584464,0.04190919674039581,0.14039125431530494,0.9999144244899405,0.9842252326567601,0.9920077989829704,344284,338882,0.12490272373540856,0.9304347826086956,0.22024013722126928,345,2570,0.05966850828729282,0.16615384615384615,0.08780487804878048,325,905,0.09312977099236641,0.14039125431530494,0.111977971546581,869,1310,0.6609848484848485,0.5899006972321994,0.623423021100815,4733,4224,0.5478903603326147,0.5315207648640574,0.5395814376706096,3347,3247,0.4945288753799392,0.6549919484702094,0.5635607897471424,2484,3290,0.6540120793787748,0.7908189880020866,0.7159386068476977,1917,2318,0.13527575442247658,0.6074766355140186,0.22127659574468084,214,961,0.02155688622754491,0.75,0.04190919674039581,24,835,1.063782811164856,0.9659814834594727,334641,82,0.7430768611147147,82,0.10663687466930051,0.10393840554943934,0.09071454114935182,0.10621821192122016,1.2315894170023967,0.0003537500015227124,1.124031662940979,0.9640658497810364,334640,82,1.2158795436158103,82,0.16286490478059415,0.16315554528702905,0.16009512309620053,0.1445326798877149,1.1995240000105696,0.00036745799297932535,1.0603314638137817,0.9663845896720886,334638,82,0.9001720423933125,82,0.12260132657055474,0.123033870122599,0.1178435597196651,0.11165405485787394,1.2289898750022985,0.00034154199238400906,1.0610480308532715,0.9657092094421387,334638,82,1.0004286349744653,82,0.13359821122533508,0.11601624267594618,0.1307101987801638,0.12493382712056168,1.1958417919959174,0.0003430840006330982,1.1191575527191162,0.9658941030502319,334634,82,1.2829423362983838,82,0.16725603269479067,0.16985451519772607,0.16237760646080565,0.15062298533757285,1.1958095409936504,0.0006510410021292046,6.051754625004833,0.0020568749896483496,0.0006157079915283248,0.0026725829811766744,0.0011975420056842268,6.0556247499916935,1.5163750420033466,7.57199979199504,0.057828542005154304
37,0.05358944362852264,0.04944840351969739,0.06853549795706462,2.0954757928848267e-09,410,1.0293772791269147,0.9689576116605586,0.6145013477242098,0.3758900903585636,0.6145013477242098,0.4131459553705977,0.9743467928797844,0.5014622196605073,0.054380664652567974,0.09666283084004602,0.9999144247424627,0.9842281372355381,0.9920092744526594,344284,338883,0.12441860465116279,0.9304347826086956,0.2194871794871795,345,2580,0.06264236902050115,0.16923076923076924,0.0914380714879468,325,878,0.08536585365853659,0.09666283084004602,0.09066378845116028,869,984,0.6494488869677977,0.6349038664694697,0.6420940170940171,4733,4627,0.5305039787798409,0.537795040334628,0.5341246290801187,3347,3393,0.48727925770727326,0.6553945249597424,0.5589699570815451,2484,3341,0.6413502109704642,0.792905581637976,0.7091205971541871,1917,2370,0.14976415094339623,0.5934579439252337,0.2391713747645951,214,848,0.02821316614420063,0.75,0.054380664652567974,24,638,1.0724596977233887,0.9662234783172607,334641,82,0.7451303736024915,82,0.10393840554943934,0.1104894541112486,0.09197404646092079,0.10448116576922675,1.2043258329940727,0.0003490419912850484,1.108444094657898,0.9658080339431763,334640,82,1.0914526367492976,82,0.16315554528702905,0.14313810650390096,0.14380430719529766,0.14678527303854774,1.2267299579980318,0.00036733399610966444,1.064695954322815,0.9659034609794617,334638,82,0.8530430621722591,82,0.123033870122599,0.13785082963023146,0.10887719089485366,0.11423317319312148,1.2003267079999205,0.00034433399559929967,1.0651936531066895,0.9657271504402161,334638,82,0.86840087023136,82,0.11601624267594618,0.11759698276926535,0.10972183050640488,0.10999813728910023,1.2240449160017306,0.00037799999699927866,1.0973583459854126,0.965711772441864,334634,82,1.2060113194425168,82,0.16985451519772607,0.13213897402157188,0.1669439217037361,0.15132860842836127,1.202605082988157,0.00037916700239293277,6.0580324979819125,0.001817876982386224,0.0009170830016955733,0.0027349599840817973,0.0012423339940141886,6.062009791960008,1.5141022500029067,7.576112041962915,0.05975891703565139
38,0.04944840351969739,0.05006384164607094,0.06440398008445879,1.862645149230957e-09,410,1.0305017595038863,0.9692309408660631,0.6090152439812548,0.38257351235380377,0.6090152439812548,0.4141475878167197,0.9749132800433793,0.5033948894220862,0.06020066889632107,0.11162255466052934,0.9999144656314058,0.9846986789975718,0.9922482435254467,344284,339045,0.07923169267707082,0.19130434782608696,0.11205432937181664,345,833,0.09451445515196442,0.7846153846153846,0.16870658286470394,325,2698,0.08660714285714285,0.11162255466052934,0.09753645047762695,869,1120,0.688302752293578,0.6340587365307416,0.6600681843176069,4733,4360,0.5325532553255325,0.5303256647744249,0.531437125748503,3347,3333,0.48727925770727326,0.6553945249597424,0.5589699570815451,2484,3341,0.6918152720621856,0.7892540427751695,0.7373294346978557,1917,2187,0.13415794481446242,0.6588785046728972,0.22292490118577074,214,1051,0.0313588850174216,0.75,0.06020066889632107,24,574,1.0664947032928467,0.965772271156311,334641,82,0.7471432656464998,82,0.1104894541112486,0.10689617804313298,0.09389181165520047,0.10076774694748995,1.2063711670052726,0.0003788339963648468,1.1081886291503906,0.9655450582504272,334640,82,0.9821143784168729,82,0.14313810650390096,0.13994873845660194,0.12892411541125168,0.1341173646797709,1.2041551250003977,0.00033179199090227485,1.0604149103164673,0.9665279984474182,334638,82,0.8842921395330474,82,0.13785082963023146,0.10991223046159705,0.11705708688422722,0.12689362160793477,1.2223240000021178,0.0003547079977579415,1.0590534210205078,0.9659990668296814,334638,82,0.9577039594995471,82,0.11759698276926535,0.13420493423637062,0.12361835194238004,0.10859036197049601,1.2018712499993853,0.0003495419950922951,1.103724718093872,0.9666531085968018,334634,82,1.098742508498059,82,0.13213897402157188,0.15872100931077238,0.14020565467241933,0.12135837051274062,1.2322286249982426,0.00038337500882335007,6.066950167005416,0.0017982509889407083,0.0005657909932779148,0.002364041982218623,0.0011782920046243817,6.070492500992259,1.501708415991743,7.572200916984002,0.05982391499856021
39,0.05006384164607094,0.053398802048333555,0.07071398975545293,2.0954757928848267e-09,410,1.0219812774261419,0.9691835266161286,0.6098214771148827,0.3792608519159941,0.6098214771148827,0.41285779269794054,0.9747837413947017,0.5102460466588336,0.04918032786885246,0.09896432681242807,0.9999144797567686,0.984861335409139,0.9923308237669834,344284,339101,0.09776119402985074,0.37971014492753624,0.15548961424332344,345,1340,0.09768518518518518,0.6492307692307693,0.16981891348088532,325,2160,0.08506429277942631,0.09896432681242807,0.09148936170212765,869,1011,0.6876456876456877,0.6232833298119586,0.6538845173445639,4733,4290,0.5411874417158844,0.5201673140125486,0.5304692260816575,3347,3217,0.5040222772277227,0.6557971014492754,0.5699790062981106,2484,3232,0.6214666120442441,0.7913406364110589,0.6961909132629647,1917,2441,0.1324376199616123,0.6448598130841121,0.2197452229299363,214,1042,0.025423728813559324,0.75,0.04918032786885246,24,708,1.0506261587142944,0.9661099314689636,334641,82,0.8464837898125626,82,0.10689617804313298,0.11529762866459035,0.10906286352832543,0.10438969366481105,1.2230635839950992,0.0003880000003846362,1.0974286794662476,0.9664505124092102,334640,82,1.0882718143512784,82,0.13994873845660194,0.15145348912186216,0.14343233559966348,0.128540926817693,1.201850084005855,0.0003456249978626147,1.06800377368927,0.9656165838241577,334638,82,1.0076141178341667,82,0.10991223046159705,0.13316055500471605,0.12607229905462705,0.10656392299005135,1.2262360410095425,0.00036691600689664483,1.0488755702972412,0.9653595685958862,334638,82,0.9273495384792283,82,0.13420493423637062,0.1255250593624461,0.12196492360876511,0.12117439821868618,1.2046657079918077,0.00033133399847429246,1.082013487815857,0.9661600589752197,334634,82,1.0803055967779904,82,0.15872100931077238,0.13273523505522603,0.14499541199082996,0.14249700687088152,1.1923084589943755,0.0003812079958152026,6.04812387599668,0.0018130829994333908,0.0005772079894086346,0.0023902909888420254,0.0011178330023540184,6.051631999987876,1.5174230830016313,7.569055082989507,0.059967041001073085
40,0.053398802048333555,0.04874281013912189,0.06971541901999365,2.153683453798294e-09,410,1.017628242590216,0.9703688828644901,0.6056643463522501,0.3859240219188993,0.6056643463522501,0.4197234353006597,0.9756309952898612,0.4979239043049228,0.05925925925925926,0.10356731875719218,0.9999145311740175,0.985453869479848,0.9926315373711396,344284,339305,0.08879492600422834,0.24347826086956523,0.13013168086754454,345,946,0.09983361064891846,0.7384615384615385,0.17588860388420666,325,2404,0.08955223880597014,0.10356731875719218,0.096051227321238,869,1005,0.6990135352144987,0.6437777308261146,0.6702595688517378,4733,4359,0.5326890278567368,0.5599043919928294,0.5459577567370721,3347,3518,0.5168822972546545,0.6594202898550725,0.5795153016097647,2484,3169,0.6654914059056853,0.7876890975482524,0.7214524605828954,1917,2269,0.13606089438629876,0.6682242990654206,0.22608695652173913,214,1051,0.031007751937984496,0.6666666666666666,0.05925925925925926,24,516,1.0461739301681519,0.9660770893096924,334641,82,0.8450868873055084,82,0.11529762866459035,0.10531206825637478,0.10832495933588258,0.10673184529216355,1.2116360410000198,0.00034512500860728323,1.0976862907409668,0.9656885266304016,334640,82,0.9928234046162547,82,0.15145348912186216,0.13516802812473966,0.1359486594337028,0.13434399684474926,1.2248026250017574,0.0003553749993443489,1.0354148149490356,0.966701328754425,334638,82,0.9179894806418263,82,0.13316055500471605,0.11221053803499567,0.12801496339171312,0.11763135114060978,1.2016462500032503,0.0003758329985430464,1.0553686618804932,0.9662829637527466,334638,82,0.9350491586761946,82,0.1255250593624461,0.13156759096073598,0.11865685620951273,0.12145517695652501,1.226170167006785,0.0003819580015260726,1.077533483505249,0.9664917588233948,334634,82,0.9858715022531723,82,0.13273523505522603,0.13950468696006582,0.13042035312426867,0.12269055125916263,1.1961073340062285,0.00037258399243000895,6.060362417018041,0.0018308750004507601,0.0005726659874198958,0.002403540987870656,0.001220291989739053,6.063986249995651,1.5074066669913009,7.571392916986952,0.060059957977500744
